node,fairness,goodness,num_ratings_received
7465,1.0,-1.0,1
7450,1.0,-0.9987541137151569,1
7452,0.7993090903382853,-0.995388906823415,1
7453,1.0,-0.9811991110637734,1
7467,1.0,-0.9713701516885336,1
7541,0.9873632071223141,-0.96737568435822,2
7481,0.580056398204803,-0.9667584043890884,1
7458,1.0,-0.9618865822725184,1
7476,0.46091901205988495,-0.9614955324328427,1
7473,1.0,-0.9543592201446526,1
7592,0.9593345595289958,-0.9502451289752117,6
7456,0.9337659825616194,-0.9483489866405328,1
7454,1.0,-0.9483489866405328,1
7455,0.3619892038050079,-0.9467155627979783,1
7464,1.0,-0.9435960073906916,1
7542,1.0,-0.942941842456866,2
7533,0.9578442747096813,-0.9427774082207829,2
7587,0.9640180792523394,-0.9390197176186132,5
7597,0.9685719303809661,-0.9381315378787171,9
7478,1.0,-0.9337990123887321,1
7572,1.0,-0.9319549083529207,3
7474,1.0,-0.9315244647690794,1
7471,1.0,-0.9315244647690794,1
7475,1.0,-0.9315244647690794,1
7472,1.0,-0.9315244647690794,1
7459,1.0,-0.9315244647690794,1
7470,1.0,-0.9315244647690794,1
7543,1.0,-0.9292983842868515,2
7573,0.964407606849841,-0.928646478246452,3
7468,0.9593329745348511,-0.9267498568900665,1
7469,1.0,-0.9267498568900665,1
7449,0.995638585588813,-0.9260075870150482,1
7545,1.0,-0.9146609208751656,2
7534,1.0,-0.9146346695593297,2
7537,1.0,-0.9106980840644572,2
7567,1.0,-0.9033495852648675,3
7539,1.0,-0.902976031892843,2
7461,0.5568167713574586,-0.8955606188726998,1
7463,1.0,-0.892213727060031,1
7574,1.0,-0.8891438230750484,3
7448,1.0,-0.8878035094788497,1
7462,1.0,-0.8776055919731174,1
7460,1.0,-0.873936993707588,1
7538,0.8956620951998466,-0.8721971150177711,2
7457,0.975320268459781,-0.866241565966968,1
7477,1.0,-0.866241565966968,1
7480,1.0,-0.866241565966968,1
7479,0.9586604191109704,-0.866241565966968,1
7466,0.6792051259422839,-0.83381693664019,1
7441,1.0,-0.8265300004808873,1
7602,0.3513592392127153,-0.8214153077184171,17
7604,0.46472607546414846,-0.8192193336657243,73
7593,0.9731600847603029,-0.793914193042892,7
7555,0.9694446210314336,-0.7795643863707769,3
7601,0.36411840304498133,-0.7366421569228814,16
7586,0.6136881960336744,-0.7188706497250053,6
7596,0.9342041538467075,-0.7143751997985807,9
7515,0.98254242239893,-0.6986804712363397,2
7594,0.4133251962894815,-0.6869528872257014,8
7566,0.9666272467058635,-0.6724468074669775,4
7590,0.9693230244341051,-0.6592717773913536,8
7561,0.8782905430058864,-0.656296534210843,4
7549,1.0,-0.6539220346437596,3
7548,0.9604978004661693,-0.6493059744504283,3
7547,0.9583408453921254,-0.6457857633119443,3
7546,0.9672349772484954,-0.639966744823822,3
7598,0.40983696895905386,-0.626932577613257,19
7599,0.40945971720679986,-0.6269127222579037,19
7585,0.9533024782333315,-0.613880291617152,7
7526,0.9532815383257153,-0.6071357962621781,3
7544,0.4613975454420265,-0.601987613208655,3
7557,1.0,-0.5976719363355224,4
7531,0.6155449351128083,-0.5914453126768574,3
7559,1.0,-0.590633321343489,4
7529,0.6716939187525146,-0.589260487410805,3
7581,0.8218506653362749,-0.5809301869859337,6
7527,0.9937648586218402,-0.5782062017080359,3
7530,0.5730057885780802,-0.5592209284012216,3
7569,0.8726109137737146,-0.5545948925620626,5
7519,0.6666909618016122,-0.5518105078610045,3
7584,0.4673363922071986,-0.5507901810619299,7
7554,0.95458101454944,-0.5385045271836391,4
7563,0.9715908997425182,-0.5091824312556039,5
7535,0.47539953131056956,-0.5024483962643007,4
7578,0.9805651059049936,-0.5024185573602872,6
7576,0.4723777364824473,-0.4935089418274963,6
7582,0.9433304458552065,-0.48693641545749805,7
7497,1.0,-0.48625531726265847,2
7583,0.9410816526476474,-0.4829572081281457,8
7485,1.0,-0.47969700622193795,2
7408,1.0,-0.4657622323845397,1
7404,1.0,-0.46353615190231184,1
7490,1.0,-0.4527407242284742,2
7487,1.0,-0.4527407242284742,2
7495,1.0,-0.4527407242284742,2
7493,1.0,-0.4527407242284742,2
7489,1.0,-0.4527407242284742,2
7486,1.0,-0.4527407242284742,2
7491,1.0,-0.4527407242284742,2
7492,1.0,-0.4527407242284742,2
7496,1.0,-0.4527407242284742,2
7494,1.0,-0.4527407242284742,2
7488,1.0,-0.4527407242284742,2
7540,0.6816197229166174,-0.45199660152632104,4
7568,0.7882121319530423,-0.4451473323486252,6
7532,0.5920009432811122,-0.4361282853338156,4
7575,0.9685009982584079,-0.4330195505634815,6
7508,0.8380925849413466,-0.4274421335992076,3
7528,0.9390344746600615,-0.42185166430283,4
7439,1.0,-0.4217001316760397,2
7440,0.6232522221009507,-0.4168046661566413,2
7446,1.0,-0.4159660476732676,2
7407,1.0,-0.4151809174532733,1
7405,1.0,-0.4151809174532733,1
7510,0.6654171594180299,-0.4144397258777098,3
7524,0.9834845829054055,-0.4104344028538937,4
7445,0.9819783415159417,-0.41026749132121904,2
7571,0.6384059026369799,-0.40982102944791815,6
7522,0.5920009432811122,-0.4054034361884642,4
7523,0.5920009432811122,-0.4054034361884642,4
7443,0.9233791917926308,-0.3991852700146776,2
7556,1.0,-0.3945167092658688,6
7437,1.0,-0.39185372783121747,2
7447,0.9994892909898029,-0.38849149395254867,2
7536,0.48284746914323373,-0.386117258238655,6
7600,0.9523248491441122,-0.3830437793147159,34
7551,0.8232655459775955,-0.382750319909818,5
7429,0.7520528976341178,-0.3774692317634839,2
7502,0.7197108883995975,-0.37155925947980556,3
7505,1.0,-0.3654647072413733,4
7501,0.949633485128536,-0.36391684954178616,3
7500,0.825452126092142,-0.3611453355292568,3
7558,0.8338169366402739,-0.3584102518845677,6
7511,0.932897515370595,-0.3516547867388732,4
7570,0.9155595504666144,-0.34303200574605647,8
7589,0.9757580219161969,-0.3408306009886983,15
7422,0.7888333755549477,-0.3294574548819831,2
7419,0.8871027730468072,-0.3293822069702306,2
7506,0.7360286555412368,-0.323922746751487,5
7591,0.9408960464663121,-0.3223332488901046,17
7517,0.5059881245187372,-0.30862103206621017,7
7521,0.827729832622179,-0.30767446277688015,6
7579,0.8479780393451075,-0.3039839286017837,10
7451,1.0,-0.3013818193234293,3
7507,0.9856597537574406,-0.2989895999732478,4
7483,0.5580209271972751,-0.2981767715845347,5
7421,0.9149942446140709,-0.2922941291690676,2
7504,0.9584597711652199,-0.2899098910421217,4
7418,0.9335280644977647,-0.2873667030189837,2
7513,0.7621494454030135,-0.28396133331067464,7
4910,1.0,-0.2760215923899842,2
7516,0.9577684479846138,-0.26533293070597413,5
7503,0.8035730257060121,-0.26316849899295486,4
7518,0.8197844971096142,-0.2599936692101412,6
7588,0.950025169950902,-0.2549019725512249,19
7425,1.0,-0.2543499766272639,3
7434,0.9809799892883196,-0.2513982418930559,3
7482,0.8692618767194432,-0.24909574781571595,4
7431,0.992983200153973,-0.24800634866274027,3
7435,0.9628863537684248,-0.24700945177112787,3
7484,1.0,-0.24611563869279615,5
7560,0.919280957398419,-0.24536130686485627,10
7424,0.9459630698903808,-0.2429519996239378,3
7562,0.6421092566702162,-0.24023805072406534,10
7426,0.9621897990188484,-0.23971784298845586,3
7577,0.9565601406525868,-0.2304759018154499,13
7430,0.6703895357993892,-0.23024490048365506,3
7432,0.9677103585938923,-0.22798383053015425,3
7423,0.9475484229582332,-0.22777115623161545,3
7433,0.9529766304271288,-0.22612413867874567,3
7520,0.7000056441914561,-0.22537048567202378,6
7499,0.9613676615494374,-0.22275021918819743,5
7427,0.9797917473386342,-0.2124299923834023,3
7438,0.9823610294934952,-0.21077361240089038,4
7417,0.5324904036389292,-0.20976973914225677,4
7580,0.8713446777138194,-0.2076882343612455,15
7442,0.9645791227937331,-0.20503126944863956,4
7603,0.9122025180448052,-0.19391138145926326,93
7376,1.0,-0.1926335677993284,1
7436,0.9970082704357649,-0.18959936359378035,3
7414,1.0,-0.1881911031242221,2
7381,1.0,-0.1863048929538159,1
7420,0.7997766633458334,-0.179683532230669,3
7399,1.0,-0.17894720637746775,2
5533,0.5195011563823599,-0.17784747737174855,8
7383,1.0,-0.17765435077872832,1
7416,0.9853628245381321,-0.17495650516794295,3
7334,0.8513309297966336,-0.17350828098619714,15
7409,1.0,-0.165510769242269,2
7413,0.9984115945865316,-0.16340186443782248,4
7514,0.9198033244904638,-0.16198516112109929,9
7428,0.9257717478958435,-0.1609435200651614,3
7498,0.9711183152331572,-0.15926389221724885,7
7509,0.8387035365676946,-0.1349241728221771,8
7553,0.8942219268579921,-0.12530691073783107,9
7525,0.972544778031467,-0.12079856500925103,13
7595,0.8955606188734405,-0.11363354271491707,47
7392,1.0,-0.11275556006258336,2
7412,0.9874852981421877,-0.11133074010034968,5
7395,1.0,-0.10836258216237164,4
7406,0.9680595179532571,-0.103400847610635,4
7401,1.0,-0.09889538396601279,3
7348,1.0,-0.09822441794086642,1
7344,1.0,-0.09796366872613604,1
7378,1.0,-0.09794627395143377,2
7346,1.0,-0.09686484009913804,1
7338,1.0,-0.09677196271950318,1
7410,0.9774993723226645,-0.09656650710350272,6
7331,1.0,-0.09656096777173315,1
7365,1.0,-0.09626260690325672,1
7333,0.9931921737245804,-0.09568320398294854,1
7370,1.0,-0.09489708899237743,1
7349,1.0,-0.09423344326276939,1
7367,1.0,-0.09371067378725663,1
7339,1.0,-0.09316970318643797,1
7358,1.0,-0.09315244647690794,1
7360,1.0,-0.09315244647690794,1
7351,1.0,-0.09315244647690794,1
7350,1.0,-0.09315244647690794,1
7345,1.0,-0.09315244647690794,1
7359,1.0,-0.09315244647690794,1
7354,1.0,-0.09315244647690794,1
7352,1.0,-0.09315244647690794,1
7362,1.0,-0.09315244647690794,1
7361,1.0,-0.09315244647690794,1
7353,1.0,-0.09315244647690794,1
7356,1.0,-0.09315244647690794,1
7355,1.0,-0.09315244647690794,1
7357,1.0,-0.09315244647690794,1
7347,1.0,-0.09315244647690794,1
7444,0.9630365008780558,-0.09293532931223718,6
7332,1.0,-0.09277589811041136,1
7342,1.0,-0.09267498568900666,1
7337,0.8611817422408298,-0.09229619746034956,1
7402,0.9627770788074607,-0.09180168030760835,5
7329,1.0,-0.0916650393581102,1
7366,1.0,-0.09148478246489943,1
7330,1.0,-0.09148478246489943,1
7368,1.0,-0.09148478246489943,1
7384,1.0,-0.09118939085117869,2
7385,1.0,-0.09068289890451894,2
7379,1.0,-0.09063328558523065,2
7343,1.0,-0.0904261065489123,1
7364,1.0,-0.09012340090549605,1
7382,1.0,-0.087192673337456,2
7391,0.9448523236386256,-0.08334247717256292,3
7411,0.9711050001886244,-0.0832098691541079,5
7396,1.0,-0.08319025658539433,2
7565,0.8025359784794635,-0.07646573399725194,46
7403,0.9016425607613524,-0.07470934226998088,4
7363,0.8642203702600972,-0.07197108884008012,1
7512,0.9726845501783152,-0.07194783764204889,18
7393,1.0,-0.06728048555024957,4
7550,0.8819801905964613,-0.06474773660526778,30
7386,0.9360752655311086,-0.061089216777550116,3
7377,0.972529329887584,-0.05988244291456476,3
7397,0.9631678389972758,-0.058993819494442094,6
7387,0.9270289451155704,-0.05571038306014238,5
7388,0.784515578265099,-0.049341563753090865,6
7369,0.9605744567033231,-0.04758039789514041,2
7340,0.7983757028724179,-0.04668868237218071,2
7398,0.7544384648724654,-0.04394605179333089,8
7374,0.8432667010018668,-0.042326386830621704,4
7552,0.9627787347050604,-0.0409321910503245,49
7415,0.9526156613402825,-0.039567966878683754,15
7400,0.869035393307649,-0.03704999155708591,9
6878,0.8061256534524877,-0.03503610904606591,2
7336,0.5423473460753354,-0.02940928776846317,3
7564,0.8832141977264484,-0.02892835590316859,92
7375,0.9717436093508006,-0.027765813678747697,5
7328,0.778807030950234,-0.020716422090407773,11
7371,0.9696878996257856,-0.019850730337126223,7
7390,0.9301680354354125,-0.017042877319302135,8
7380,0.8928230279690264,-0.014352864784588217,7
7372,0.9797644628732124,-0.013109593660459582,9
7373,0.9918269318695994,-0.0071203564611824555,9
4311,0.8404153815966061,-0.006277539418429234,2
7389,0.9844409371822065,-0.005115545779150061,7
7325,1.0,-0.0022702799253179404,2
7341,0.9523623215456676,-0.002081136355091613,10
6792,0.7004296686716717,-0.0018890941364592614,2
7310,1.0,-0.0017061532637390048,2
7321,1.0,-0.0011626924104724407,2
7161,0.9946127288705889,-0.0005678650530691262,2
5140,0.9562505770560281,-0.00044505045252653946,2
5029,0.5144641779515843,0.0,0
6336,1.0,0.0,0
7163,0.8838065111793454,0.0,0
6166,0.9912049239962779,0.0,0
6736,0.9496694598156746,0.0,0
6131,0.9503305401843254,0.0,0
6317,0.9503305401843254,0.0,0
6667,0.9503305401843254,0.0,0
6290,0.9503305401843254,0.0,0
6257,0.8693112452680563,0.0,0
6786,0.9792952691904097,0.0,0
6123,0.9792952691904097,0.0,0
5415,0.9903209642933068,0.0,0
7126,0.9241130015062564,0.0,0
5660,0.9687218297732212,0.0,0
6434,0.9605744567033231,0.0,0
4888,0.9605744567033231,0.0,0
3999,0.9605744567033231,0.0,0
6014,0.8794849391347459,0.0,0
6958,0.5817566668147502,0.0,0
7087,0.9622506021767038,0.0,0
7188,0.5875881321893768,0.0,0
5837,1.0,0.0,0
6157,0.9976160249951456,0.0,0
7230,0.9652348362837956,0.0,0
7198,0.9797018262482657,0.0,0
6644,0.9727423859188997,0.0,0
3480,0.962627892853695,0.0,0
7063,0.9553872711294111,0.0,0
5446,1.0,0.0001137273809826353,2
7273,0.9797018262482657,0.00018649933300763505,2
6921,1.0,0.0006806907797016898,2
4057,1.0,0.0007269100003409884,2
4017,0.9687218297732212,0.0010615426488741614,2
3774,0.917904505060766,0.0013444254481996048,9
5392,0.9664634962809459,0.0015376633779845134,2
7312,1.0,0.0017061532637390048,2
4721,0.9624118678106233,0.0025359857319792387,2
5389,0.8943027443090239,0.004105795268235568,5
4934,0.9792869957961741,0.007866571065216432,8
5679,0.9489743059874913,0.009951219828754314,11
3516,0.9622077437029666,0.01013764547268678,9
798,0.9594537712016974,0.010964831778457015,81
2408,0.40559433604815465,0.012822868942823695,5
2225,0.8803897876119077,0.014720387573917526,4
7327,0.9859971114532818,0.015285607848539443,9
7394,0.9337166712163198,0.015413115757028528,6
2336,0.9012340090545556,0.01732083822194098,43
3254,0.9653847286444076,0.01819202099733903,10
3369,0.9812815731413008,0.01943694301376193,5
3133,0.9573452453277554,0.021639971998772742,8
3428,0.9468326414174832,0.021700902245630177,4
2369,0.8894323548723927,0.022542398935084293,9
1921,0.9563038023809517,0.023598110565376734,9
1760,0.9723773226213738,0.025579794510644818,12
5342,0.8303618349066206,0.026784614605737146,39
3443,1.0,0.028781260182524474,3
3445,1.0,0.02981538824047195,3
2828,0.8530443092703683,0.02983908601504533,3
3129,1.0,0.03006193450654521,3
3362,0.945275911772357,0.03034544526370421,3
3286,0.9815808704439992,0.0309665647159045,3
3372,0.9572030547512613,0.031178569144324684,3
3383,0.9334358538170844,0.03158735869634142,3
6369,0.9152535212922197,0.03192664149363654,7
3134,0.8708999315282702,0.03297684685193554,3
2821,0.9771792092629081,0.03298295371163217,3
1638,0.9471845554959927,0.034978574881492856,15
2257,0.9817567336531048,0.0365404225729989,5
941,0.8819296180350855,0.0381674800541572,14
177,0.9143399038771448,0.03819284240702971,198
2293,0.9565948587023276,0.03850425047601594,5
2280,0.9506953792719175,0.03970793933826705,5
1322,0.9518586735696648,0.043693077555706256,11
491,0.9187506572920984,0.04416375235719127,36
2354,0.9587324489103616,0.04545985447300785,4
2395,0.9619369867281565,0.045544872827487544,4
801,0.9627034539662505,0.04598470261709346,22
2397,0.9832784181595152,0.050272719527620205,4
946,0.9775950123593802,0.052150331609960916,16
1249,0.903928319524487,0.05460766173967696,10
7335,0.8344207799692267,0.055202559378441,7
1611,0.9019286686123086,0.05625736993720184,6
1883,0.8567467200836563,0.05658241178584276,5
1794,0.9721495251690513,0.0575470651069664,5
1856,0.9726235891946072,0.05832063862861677,5
1826,0.9819407392892009,0.05877308891791568,5
1762,0.9687851577369421,0.059375860192609584,5
1388,0.8975040223932482,0.059403652496531456,8
1210,0.9634788808600141,0.059908253216513996,8
748,0.9176135894651497,0.06067168340128458,17
759,0.9719653030125214,0.060842095448300076,18
1235,0.9957195273963841,0.06117349843253544,9
716,0.9716316421173019,0.06265181190394215,17
1517,0.9706028211871957,0.06289663115403897,6
1401,0.9583221871161042,0.06339478703833203,7
1328,0.9635389809406915,0.06382951441114415,8
1472,0.9915308556613422,0.06423997434995876,6
2031,0.9621999164877209,0.06455155034034567,3
863,0.9618882725714125,0.06551341881719362,15
754,0.9139696393051641,0.065539912277519,14
1292,0.7281062552069533,0.06801507456455134,7
645,0.9717497420183057,0.06867679482327035,17
1162,0.9664390117370153,0.06949192877441797,8
926,0.9722164453343709,0.06949670314262164,11
994,0.9653381568515309,0.06996357809779448,10
1646,1.0,0.07002725133216184,4
1691,0.8233344925236139,0.07163045974564769,20
1043,0.9710202409185236,0.07333525849973023,9
777,0.9645833954101446,0.07365603747420861,14
1811,0.961078220245301,0.07480368742177847,7
641,0.9628450092563694,0.07500905411980671,17
613,0.9535072839982752,0.0768321482988544,16
288,0.9492721087989278,0.07732271492669594,36
1502,0.9683539588951756,0.07761183900112037,5
876,0.9614955324321457,0.07816197588023016,17
536,0.9661383563864332,0.07915318138283356,19
824,0.931877762242799,0.07946757486320512,12
792,0.9811991110644024,0.07961151180996719,13
487,0.9521290476679761,0.07992718889726251,20
1195,0.9573529510939413,0.08068443782761205,7
3413,0.8283222242278949,0.08130424752606163,1
813,0.9288412558505303,0.0815527607294298,11
739,0.9840388298245983,0.08193236141439077,13
3095,1.0,0.08232655459778232,1
1176,1.0,0.08240984799255587,7
1032,0.9836932559172197,0.08386371513589444,8
2555,0.9520284020163917,0.08394864515769357,1
2254,0.9841520108736165,0.08427267469440941,2
885,0.9677070502826963,0.08431465990000377,10
3115,0.9111217634773965,0.08495223258165648,1
958,0.9491474752918485,0.08543963426076667,9
272,0.8970229046862493,0.08576906553113853,34
3005,0.9481884695512269,0.08620603290531027,1
656,0.9337167852598419,0.08621221967943087,15
145,0.9114900354087152,0.08627468950578966,84
650,0.9735342392908036,0.08651479306165341,14
937,0.9712437373926799,0.0865367506265964,15
2719,0.998610507878678,0.0865619316714802,1
2776,0.998610507878678,0.0865619316714802,1
3231,0.9241130015062564,0.08662415659669681,1
3336,0.9241130015062564,0.08662415659669681,1
3206,0.9218376064901717,0.08662415659669681,1
3307,0.9741130015062565,0.08662415659669681,1
3009,0.9241130015062564,0.08662415659669681,1
3309,0.9241130015062564,0.08662415659669681,1
3236,0.9241130015062564,0.08662415659669681,1
2132,0.911767133001374,0.0868684851619575,2
1890,0.9869167593833557,0.08704074095751875,3
2972,0.9759614563711667,0.087198446872038,1
3191,0.9616019484490265,0.087198446872038,1
3164,0.9616019484490265,0.087198446872038,1
3080,0.9616019484490265,0.087198446872038,1
3100,0.9616019484490265,0.087198446872038,1
2970,0.9616019484490265,0.087198446872038,1
2664,0.9787643151375817,0.08780794185051725,1
1697,0.9778274095331927,0.08785199825861466,3
2948,0.9690837400270786,0.08819296180361469,1
2607,0.9355358220484157,0.08832141977263304,1
3017,0.5868662192559755,0.08882717538936416,1
3109,0.8505317019628575,0.08885514225006363,1
2325,0.9707347327961,0.08895437031845646,2
2606,0.8796569665030547,0.08895602346174637,1
2490,0.9436726342089172,0.08899440963689134,1
2720,0.9436726342089172,0.08899440963689134,1
3353,0.9682433331852497,0.08915939764395454,1
649,0.9576988826278885,0.08916978565324621,14
3417,1.0,0.08922137270600311,1
3358,0.9994892909898029,0.08925857806187061,1
3288,0.9994892909898029,0.08925857806187061,1
2703,0.9806454765587753,0.08943596328805421,1
2363,0.9408058320497278,0.0894383642050757,2
2111,0.8065023953298391,0.0894514662534755,2
3074,0.9503305401843254,0.08955606188726999,1
3136,1.0,0.08955606188726999,1
3138,0.8431832286425415,0.08955606188726999,1
3079,0.6847345520365633,0.08955606188726999,1
3441,1.0,0.08956746587167237,1
2647,1.0,0.08970229046961908,1
2476,0.9928845327655693,0.08970229046961908,1
2557,0.9169818688603197,0.08987046470208879,1
2333,0.9457852895536633,0.08988830153680238,2
2521,0.9383937867757539,0.08991278047982604,1
3230,0.9671875952719067,0.08992432960890474,1
2386,0.8888855346271217,0.09000202891778501,2
2008,0.8553948385317951,0.09000972586407058,2
3436,1.0,0.09012340090549605,1
3449,1.0,0.09012340090549605,1
3432,1.0,0.09012340090549605,1
3435,1.0,0.09012340090549605,1
3391,0.9586604191109704,0.09012340090549605,1
3377,1.0,0.09012340090549605,1
3121,0.9372980978257646,0.09015298047302503,1
3029,0.9372980978257646,0.09015298047302503,1
3099,0.9372980978257646,0.09015298047302503,1
3024,1.0,0.09015298047302503,1
3031,0.9094567779122613,0.0902316835217766,1
3223,0.9394296515190278,0.09029373832097269,1
2437,1.0,0.09032209005442698,2
2432,1.0,0.09032209005442698,2
3238,0.9966591909172968,0.09039414693269265,1
2380,0.9156308849421267,0.09039550038166128,2
1059,0.9718701516711746,0.09041333989567714,7
3311,0.9955556069252889,0.09052421273166765,1
2289,0.9670191360836329,0.0905261241682859,2
1909,0.9187162309050099,0.09052975264658547,2
2483,0.9360312602706716,0.09053601449511849,1
2453,0.9360312602706716,0.09053601449511849,1
1910,0.9484791948497221,0.09063424724910027,2
3106,0.9106810030373098,0.09065473663125996,1
2936,0.9759123841195964,0.09070249748107857,1
3324,0.8315901237464192,0.09072104602894812,1
2928,0.9503493065875976,0.09079828411934708,1
2312,1.0,0.09080409168519774,2
2428,1.0,0.09080409168519774,2
2422,1.0,0.09080409168519774,2
1068,0.9794052192170978,0.09080851885881394,7
2263,0.9441704556572625,0.0908185487673729,2
1346,0.9368801397237132,0.09092761018708043,5
680,0.9458490035997681,0.09094479505698172,13
2524,0.8799574010351956,0.09095029059239092,1
2043,0.9294352338462142,0.09099351885010709,2
3190,0.9423948777379372,0.09101506809448628,1
1946,0.9401846805661601,0.09104493437668656,2
1895,0.9746431682639376,0.09106096695956378,3
2356,0.9919568581524038,0.09106568487427205,2
1194,0.9052421272845597,0.09111121385057784,6
408,0.9494431008726266,0.0911428468619068,21
2141,1.0,0.09114736258750494,2
3152,1.0,0.09114900354086408,1
2469,0.9931373447528948,0.09114900354086408,1
2456,0.9931373447528948,0.09114900354086408,1
2729,0.9714878626744399,0.0911718385822371,1
2736,0.9714878626744399,0.0911718385822371,1
1777,0.9663597733881016,0.09119204514067258,3
2048,0.9118899864887215,0.09121093832809804,2
2748,0.6530443092703684,0.09122025180447355,1
2789,0.8530443092703683,0.09122025180447355,1
3145,0.95296243811624,0.09123999448382139,1
2922,0.9944056639518454,0.09123999448382139,1
3052,1.0,0.09123999448382139,1
3177,1.0,0.09123999448382139,1
2866,0.9234606493380826,0.09123999448382139,1
2987,0.9555943360481547,0.09123999448382139,1
2889,0.9555943360481547,0.09123999448382139,1
3002,0.8995353898305026,0.09123999448382139,1
3011,0.9555943360481547,0.09123999448382139,1
3019,0.9336807345247643,0.09123999448382139,1
2869,0.9555943360481547,0.09123999448382139,1
2923,0.9555943360481547,0.09123999448382139,1
3378,0.9555943360481547,0.09123999448382139,1
2981,0.9944056639518454,0.09123999448382139,1
3351,1.0,0.09123999448382139,1
255,0.969544410552228,0.0912994639873848,34
3386,0.9495812465703549,0.09136046515524877,1
3371,1.0,0.09136356077100027,1
2673,1.0,0.09136356077100027,1
3381,0.9407290408808642,0.09136356077100027,1
1792,0.9404373667845143,0.09139144040567315,3
3269,0.801147152278336,0.09140323951289957,1
2791,1.0,0.09140323951289957,1
3224,1.0,0.09140323951289957,1
2865,0.9858223690544365,0.09140323951289957,1
2918,1.0,0.09140323951289957,1
2915,0.9858223690544365,0.09140323951289957,1
3345,0.9858223690544365,0.09140323951289957,1
2924,0.9190964212035149,0.0914339903877068,1
3003,0.9690964212035148,0.0914339903877068,1
2958,0.9690964212035148,0.0914339903877068,1
3125,0.9690964212035148,0.0914339903877068,1
2988,0.9690964212035148,0.0914339903877068,1
2679,1.0,0.0914339903877068,1
2963,0.9190964212035149,0.0914339903877068,1
3016,0.9690964212035148,0.0914339903877068,1
3117,0.9190964212035149,0.0914339903877068,1
2946,1.0,0.0914339903877068,1
2935,0.9690964212035148,0.0914339903877068,1
3022,0.9690964212035148,0.0914339903877068,1
3434,1.0,0.09148478246489943,1
3431,1.0,0.09148478246489943,1
3427,1.0,0.09148478246489943,1
3430,1.0,0.09148478246489943,1
3447,0.9446127288705889,0.09148478246489943,1
3438,1.0,0.09148478246489943,1
3120,0.9428016438450346,0.09148478246489943,1
3410,0.9777500903959676,0.09148478246489943,1
3439,1.0,0.09148478246489943,1
3382,1.0,0.09148478246489943,1
2633,1.0,0.09148478246489943,1
3437,1.0,0.09148478246489943,1
3091,1.0,0.09148478246489943,1
3407,1.0,0.09148478246489943,1
3448,1.0,0.09148478246489943,1
3451,0.8501662756005666,0.09148478246489943,1
3442,1.0,0.09148478246489943,1
3433,1.0,0.09148478246489943,1
2287,0.9315808704439992,0.09151154752660477,2
1868,0.9707609687957129,0.09153085246818916,3
1905,1.0,0.09153109504356442,3
3114,0.9815808704439992,0.09153831258831012,1
1351,0.9539888119306354,0.09161091406058246,5
3416,0.9642777334748639,0.0916342033795614,1
3360,0.9642777334748639,0.0916342033795614,1
3343,0.9642777334748639,0.0916342033795614,1
1998,0.9390615939019055,0.09163718395982305,2
3384,0.907192464325764,0.09174470144690841,1
1820,0.9888587701842235,0.091745405937481,3
3067,0.9803358417006423,0.09176135894656841,1
1402,0.9274794775332048,0.0918386398856314,4
1957,0.9231626545954733,0.09186249914572814,2
882,0.9615037047374164,0.09188219559283488,9
3380,0.9869167593833557,0.09195522954066433,1
2951,0.9992499817259238,0.09199667509831473,1
3415,0.9492499817259238,0.09199667509831473,1
2960,0.9709546062589827,0.09201294228868064,1
2562,0.9524515770417668,0.0920268479163432,1
2535,0.9524515770417668,0.0920268479163432,1
2642,0.9524515770417668,0.0920268479163432,1
2611,0.8401716280623751,0.09210476362976482,1
2618,0.9598283719376249,0.09210476362976482,1
2566,0.9598283719376249,0.09210476362976482,1
2977,0.9430740582173244,0.0921219480073646,1
2488,0.8849858430509161,0.09212536437878202,1
2446,0.8849858430509161,0.09212536437878202,1
2497,0.8849858430509161,0.09212536437878202,1
2499,0.8849858430509161,0.09212536437878202,1
2459,0.8849858430509161,0.09212536437878202,1
2839,1.0,0.09212536437878202,1
2698,0.8849858430509161,0.09212536437878202,1
3147,0.9436541796183197,0.09215542322871043,1
1522,0.889149733704052,0.09217063537721067,4
2943,0.9014715001907827,0.09217708827354708,1
2872,0.9014715001907827,0.09217708827354708,1
2854,0.9014715001907827,0.09217708827354708,1
3420,0.9957719177118983,0.09217954750065542,1
2676,0.9570535259149168,0.09218197040812234,1
2335,0.9551478789949819,0.09218270900773981,2
2172,0.8927933658346492,0.09218634914069074,2
1709,0.9248206369516864,0.09219008654183414,3
2563,1.0,0.09221308637687868,1
2145,0.8947380339020715,0.09222244762336021,2
3175,0.957498662593199,0.09225257181345459,1
2657,1.0,0.09225257181345459,1
2938,0.9508460858857151,0.09225795693933991,1
949,0.9344306825692706,0.09227264909216372,8
1127,0.9211503537421801,0.09227753989513254,6
3086,1.0,0.09229619746034956,1
3040,0.9830463350015672,0.09229619746034956,1
3325,0.9669536649984328,0.09229619746034956,1
2304,0.9832028487006518,0.09230184678707239,2
3373,1.0,0.09233353348594348,1
3364,0.9969224300051078,0.09233353348594348,1
3185,0.9469224300051078,0.09233353348594348,1
2993,0.9110822007644523,0.09234462151592988,1
2218,0.9277163509384889,0.09235326311367345,2
2620,0.9052736765136548,0.09235881338320784,1
1859,0.834079417445499,0.09236883377643684,3
1915,0.8651348673422691,0.092402091293819,2
2650,0.9806887547319436,0.09240575312913095,1
3304,0.9806887547319436,0.09240575312913095,1
1693,0.8948110472769817,0.09240878016391026,3
3237,0.9150594704374643,0.09243920901754664,1
2100,0.9722496925872569,0.0924515128344418,2
3270,0.7588604841885959,0.09253991162964526,1
1525,0.9394979906258145,0.09253997824272649,4
1731,0.9429036172701553,0.09254171194120837,3
2297,0.9512161444415663,0.09257504393796485,2
2857,0.9559593881453137,0.09257802282829347,1
2634,0.9162569740750011,0.09257802282829347,1
1222,0.9367132906082789,0.09258091316089154,5
2494,0.995638585588813,0.09260075870150482,1
2500,0.9720871354964735,0.09262295386362235,1
1376,0.9447265481008074,0.0926262161942604,5
3412,1.0,0.09267498568900666,1
3171,0.9593329745348511,0.09267498568900666,1
3284,1.0,0.09267498568900666,1
1784,0.9483600350810096,0.09268781288992123,3
2925,0.9464714403312382,0.09269601095804245,1
2991,0.9398452178974126,0.09269601095804245,1
3262,0.9096292144197397,0.09270003063116343,1
3235,0.9612939716570045,0.09270723038046237,1
1959,0.9967152887503123,0.09271291852156581,2
1734,0.9639354929324542,0.09271895301147293,3
2142,0.942528336096073,0.09273485629745737,2
2965,0.9965951556349676,0.09274132444245041,1
2995,0.8225618277220925,0.09274132444245041,1
2180,0.957316306360327,0.09274286824202652,2
2635,1.0,0.09274794775332214,1
3107,0.7444120672385995,0.09276332789779919,1
3166,0.9279592364728629,0.09276332789779919,1
2389,0.8598619060621613,0.09277909980301945,2
2873,1.0,0.09278146795470689,1
2630,0.928206511816945,0.09278146795470689,1
1947,0.9682695799758549,0.09281725764070689,2
2431,1.0,0.09284061059630325,2
2215,0.9669790655734174,0.09284896994950963,2
2000,0.9780594142590353,0.09288804634543721,2
2077,0.9328684882569944,0.09289998579599662,2
2112,0.9242583533994296,0.09290257608216627,2
2360,0.980413180257056,0.09290585391762327,2
2589,0.9006904827506893,0.0929446698775574,1
1509,0.9660122442571458,0.09295357699180407,4
1327,0.9254265481154296,0.0929547705913488,5
2194,0.985326814746227,0.0929777116309036,2
1732,0.9202541432403895,0.09298590456955548,3
2121,0.9176261316973661,0.09299012087241226,2
2541,0.5855479755447637,0.09301156141779145,1
2502,0.9644520244552364,0.09301156141779145,1
2916,0.947365822097141,0.09301624337109131,1
3197,0.9414785613403489,0.09301680354358727,1
2083,0.9672675957858102,0.09303242944805917,2
1156,0.9571572484839055,0.09303886827323189,6
1840,0.9735258612934982,0.09304451286672034,3
1828,0.944031542779612,0.09304981994305822,3
666,0.9613672289971399,0.09306296959858101,12
1769,0.9334909544845338,0.09308708772868172,3
3368,0.9936294685782141,0.09310471805421722,1
3187,0.956370531421786,0.09310471805421722,1
507,0.9545152026847818,0.09310664633560647,17
2244,0.8776055919741317,0.09311234845920596,2
2732,0.9033877114020289,0.09311264795880807,1
2331,0.9661773272675832,0.0931134173572397,2
125,0.937106737872083,0.09312753524168975,64
2332,0.9604406985643776,0.093130118936952,2
2064,0.9168053053764558,0.09313082917846617,2
3201,0.9905274379414033,0.09314402602474728,1
2311,0.9536039310967553,0.09314863216559296,2
3400,1.0,0.09315244647690794,1
3018,0.96745757760107,0.09315244647690794,1
3159,0.98254242239893,0.09315244647690794,1
2921,0.98254242239893,0.09315244647690794,1
3028,0.98254242239893,0.09315244647690794,1
2955,0.93254242239893,0.09315244647690794,1
3116,0.98254242239893,0.09315244647690794,1
3131,0.98254242239893,0.09315244647690794,1
2768,0.9804133538371992,0.09315949270224991,1
2330,0.9548121045381778,0.09316107483167296,2
3302,1.0,0.09316970318643797,1
3179,0.8648728512211972,0.09316970318643797,1
2953,1.0,0.09316970318643797,1
3403,0.9973092761977888,0.09316970318643797,1
3246,0.9973092761977888,0.09316970318643797,1
2191,0.969481740701475,0.09317680237740436,2
1922,0.916732518950319,0.09318229541188545,2
3240,1.0,0.09318777622423696,1
3376,1.0,0.09318777622423696,1
3323,0.9897337874316026,0.09318777622423696,1
2128,0.9551135919749358,0.09319206807224839,2
2272,0.9374006641156118,0.09320533952849117,2
2223,0.906018393735358,0.09321599396738867,2
2770,0.9364317585337747,0.09322464344224686,1
2760,0.9364317585337747,0.09322464344224686,1
2727,0.9735031076185489,0.09322464344224686,1
2819,0.9635682414662253,0.09322464344224686,1
2781,0.9364317585337747,0.09322464344224686,1
2777,0.9635682414662253,0.09322464344224686,1
2992,0.9364317585337747,0.09322464344224686,1
2479,0.948503107618549,0.09322464344224686,1
1906,0.9492410139480331,0.09323488686162233,3
2157,0.9401542110148532,0.09324383752521662,2
2372,0.9689156387741783,0.09324503721550215,2
1807,0.8321823549439026,0.09326352676528517,3
2301,0.9688898144618227,0.09326464442091555,2
2901,0.9723991980240493,0.09326562077367098,1
2937,0.9776008019759507,0.09326562077367098,1
1889,0.993189312752122,0.09327125803393495,3
3001,0.9749260133871255,0.09330638569829096,1
2984,0.9622638945848742,0.09330638569829096,1
1865,0.9593329745348511,0.09331205711897445,3
815,0.9039414693263982,0.09331838183459373,10
1535,0.9295724153931183,0.09331955146741422,4
3393,1.0,0.09332278912759012,1
3395,1.0,0.09332278912759012,1
3440,1.0,0.09332278912759012,1
3444,1.0,0.09332278912759012,1
2005,0.9164756235877723,0.09332751935633748,2
2209,0.9709123912390389,0.09335398839807842,2
3119,0.853658067747987,0.09337990123887321,1
3075,0.953658067747987,0.09337990123887321,1
3037,0.946341932252013,0.09337990123887321,1
3046,0.946341932252013,0.09337990123887321,1
3050,0.946341932252013,0.09337990123887321,1
3060,0.603658067747987,0.09337990123887321,1
3038,0.946341932252013,0.09337990123887321,1
3036,0.946341932252013,0.09337990123887321,1
3370,1.0,0.09337990123887321,1
3047,0.946341932252013,0.09337990123887321,1
3076,0.946341932252013,0.09337990123887321,1
3073,0.946341932252013,0.09337990123887321,1
3045,0.946341932252013,0.09337990123887321,1
3054,0.946341932252013,0.09337990123887321,1
3072,0.946341932252013,0.09337990123887321,1
3056,0.946341932252013,0.09337990123887321,1
3180,0.7193495641638716,0.09337990123887321,1
3089,0.946341932252013,0.09337990123887321,1
3039,0.946341932252013,0.09337990123887321,1
3041,0.969338247001578,0.09337990123887321,1
3144,0.946341932252013,0.09337990123887321,1
3061,0.946341932252013,0.09337990123887321,1
3241,0.946341932252013,0.09337990123887321,1
3051,0.946341932252013,0.09337990123887321,1
701,0.9384318703066512,0.0933843156842402,12
2418,0.9686236497838405,0.09340674825770479,2
1755,0.9674908356040381,0.09340713177790592,3
2328,0.9290102941771982,0.09342997452089694,2
2496,1.0,0.0934344392698078,1
2491,0.9749559704017482,0.0934344392698078,1
2081,0.9515635300615936,0.09343680545567035,2
2523,0.9507340772278849,0.09344479470031691,1
2213,0.977663433816719,0.09345098635002112,2
2140,0.9684843355615427,0.09345308829110974,2
2009,0.9691774223517962,0.09346947271498521,2
3312,0.9401380939378388,0.0934833724759615,1
2759,0.94363894388018,0.09349029237232631,1
2486,0.94363894388018,0.09349029237232631,1
2520,0.94363894388018,0.09349029237232631,1
1336,0.9324262139548998,0.09349854191716592,5
2503,0.9565030105117734,0.0935358141089967,1
1140,0.9524465345304998,0.09355909211162951,6
585,0.9358723741713673,0.09356265861860298,14
2834,0.9446319065029969,0.09359182504292714,1
1904,1.0,0.09362623709406975,3
2384,0.9224746132719683,0.09363059283395835,2
2484,0.9550747636803345,0.09366058399000515,1
2623,0.9766653543559872,0.09366561792758116,1
2628,0.9766653543559872,0.09366561792758116,1
2625,0.9766653543559872,0.09366561792758116,1
1437,0.9721092254645172,0.09366783463602288,4
2344,0.9458724685609214,0.09367242540333973,2
2417,0.9571463922196825,0.09367302482193027,2
1173,0.981105182802109,0.09368164794587007,6
1179,0.9456688182982032,0.09368188952356132,6
2973,0.9277206667018634,0.09368305430753407,1
375,0.9423277765833865,0.09368996525343926,22
2299,0.9795574953020647,0.09369017058273686,2
1886,0.960007431246117,0.09369017875252465,3
2340,0.9695033163955626,0.09369162623486808,2
2097,0.9502055755956983,0.09369664948932362,2
1753,0.9554824158892286,0.09370566952511868,3
3408,0.9965637676208449,0.09371067378725663,1
3396,0.9965637676208449,0.09371067378725663,1
1342,0.9727204722187107,0.09372342745298187,5
2124,0.957947047338883,0.0937271807766701,2
2758,0.9237457968354094,0.09372768105106608,1
2803,0.9737457968354093,0.09372768105106608,1
2961,0.9237457968354094,0.09372768105106608,1
3053,0.9237457968354094,0.09372768105106608,1
2710,0.9237457968354094,0.09372768105106608,1
2690,0.9237457968354094,0.09372768105106608,1
2693,0.9237457968354094,0.09372768105106608,1
3012,0.9414869307935221,0.09373764106740629,1
1882,0.9592984724726343,0.0937444790117427,3
1938,0.9445278269062334,0.09375259547283099,2
2084,0.990680105039231,0.09375409452135144,2
2434,0.9402255238338729,0.09375506239021736,2
1785,0.9480329709761587,0.09376113997606694,3
1986,1.0,0.09378639467173988,2
1928,0.9611760349400443,0.09380219188665359,2
1779,0.9858521336060616,0.09380632924596716,3
2799,0.9714157722665058,0.09380848727672442,1
2581,0.965188938631486,0.09381288593994605,1
2101,0.9953889068213477,0.09381518731577622,2
2741,0.9561995994898351,0.0938230883856161,1
2677,0.9561995994898351,0.0938230883856161,1
2734,0.9561995994898351,0.0938230883856161,1
2238,0.9374673384102306,0.0938233053133137,2
2538,0.9628881232922846,0.09382961719177844,1
2537,0.9871118767077155,0.09382961719177844,1
2815,0.9607563782366265,0.09384345704887705,1
2210,0.9745426055524474,0.09385454953923894,2
2134,1.0,0.09385654529352741,2
2843,1.0,0.0938661212168112,1
2373,0.9932925885706505,0.0938665545827139,2
1488,0.9819455249573811,0.09386890421308769,4
2745,1.0,0.09387582580137817,1
2773,0.9573594304305998,0.09387582580137817,1
2817,0.9573594304305998,0.09387582580137817,1
2651,1.0,0.09387582580137817,1
2638,0.9573594304305998,0.09387582580137817,1
1524,0.9299725214726887,0.09388144105876653,4
2099,0.9697927000026413,0.0938834414833439,2
3214,0.9979274935857172,0.09388966315188314,1
1891,1.0,0.09389133247721065,3
1774,0.9713039050773049,0.09389502131262521,3
2604,0.9052736765136548,0.0939028449737245,1
2602,0.8947263234863452,0.0939028449737245,1
2585,0.9052736765136548,0.0939028449737245,1
2396,0.6613196176111675,0.09390639091012416,2
2237,0.9288342666192635,0.0939099544915672,2
2253,0.9896467307462857,0.09391323032386154,2
3208,1.0,0.09391790802786149,1
2985,0.9780968928828939,0.09391790802786149,1
2550,1.0,0.09392407308026375,1
2441,1.0,0.09392867915114267,1
2443,0.939837249408041,0.09392867915114267,1
2438,0.9037621146964857,0.09392867915114267,1
2447,0.9037621146964857,0.09392867915114267,1
3257,0.9596122684020575,0.09393197534276854,1
2350,0.9715510349664678,0.09394968241396101,2
2822,0.9867027188196047,0.09395481676917654,1
2564,0.9867027188196047,0.09395481676917654,1
2545,0.9867027188196047,0.09395481676917654,1
951,0.9765962986861721,0.09395644803950477,8
3397,1.0,0.09397029503523094,1
2381,0.9608310507941347,0.09397199036355638,2
2302,0.9680494023148853,0.093988230959724,2
2188,0.9804184671670838,0.09398942639645985,2
2126,0.9687753147742975,0.09399322145993566,2
2374,0.9925135257079964,0.09400439667617543,2
1562,0.9765516950000978,0.09400479682673887,4
1186,0.9600672738568349,0.09401339081465132,6
1588,0.9597807210920397,0.09401654087152986,4
2371,0.9397456472800643,0.09402035726688865,2
2377,0.9735664514154708,0.09402947126954603,2
2139,0.9578347473715844,0.09402977105315008,2
1833,0.9671003013500137,0.09403339310787295,3
1568,0.8933361775628884,0.0940345533291178,4
2902,0.957316306360327,0.09408249697115345,1
2893,0.957316306360327,0.09408249697115345,1
2896,1.0,0.09408249697115345,1
2886,0.957316306360327,0.09408249697115345,1
3289,0.9571425228164129,0.09408432130187334,1
1795,0.9808957617760051,0.09408505334786439,3
3394,0.7888333755549477,0.09408960464768547,1
1796,0.9635262660011485,0.09409651609043997,3
2665,1.0,0.0940991314814239,1
1537,0.9642640978881141,0.09410727864214347,4
3365,1.0,0.09410873919100875,1
3096,0.9454198442943452,0.09410873919100875,1
3092,0.9224746132719683,0.09410873919100875,1
3112,0.9298123367190676,0.09410873919100875,1
3066,0.9224746132719683,0.09410873919100875,1
3229,0.9371500601661669,0.09410873919100875,1
3222,0.9724746132719684,0.09410873919100875,1
3158,0.9724746132719684,0.09410873919100875,1
3192,1.0,0.09410873919100875,1
3176,0.9224746132719683,0.09410873919100875,1
3155,0.9224746132719683,0.09410873919100875,1
3305,0.6275253867280317,0.09410873919100875,1
2290,0.9381114409899959,0.09412158759117617,2
1933,1.0,0.09412453467656787,2
2668,0.9468974868726556,0.09412769614214228,1
2168,0.9834755078685645,0.09413737674082145,2
2615,0.848968046547392,0.09414368641161597,1
2969,0.918540281894495,0.09414952914557008,1
2362,0.9539635209831153,0.09416932421186341,2
1618,0.9771056093654624,0.09418187465994764,3
1284,0.9497200729556469,0.09419884375172968,5
1473,0.9339439295454296,0.09420114246507587,4
2983,0.9478750881394524,0.09420533690754818,1
2978,0.9478750881394524,0.09420533690754818,1
2276,0.9359343228614423,0.09422805073132151,2
2818,0.9294623361439913,0.09422971811109333,1
2813,1.0,0.09422971811109333,1
2812,1.0,0.09422971811109333,1
2796,0.9294623361439913,0.09422971811109333,1
2825,0.9294623361439913,0.09422971811109333,1
2804,0.9294623361439913,0.09422971811109333,1
3399,1.0,0.09423277765693786,1
3424,1.0,0.09423277765693786,1
3392,0.9246412586701499,0.09423344326276939,1
3348,0.9814555099950233,0.09423344326276939,1
3352,0.9814555099950233,0.09423344326276939,1
3361,0.9814555099950233,0.09423344326276939,1
3344,0.9814555099950233,0.09423344326276939,1
3226,0.9814555099950233,0.09423344326276939,1
3218,0.9814555099950233,0.09423344326276939,1
3411,1.0,0.09423344326276939,1
3058,0.8878476644250854,0.09423539649119828,1
2954,0.9484791948497221,0.09423922644498889,1
2556,0.9484791948497221,0.09423922644498889,1
2565,0.9484791948497221,0.09423922644498889,1
2944,0.9484791948497221,0.09423922644498889,1
3194,0.9484791948497221,0.09423922644498889,1
2950,0.9484791948497221,0.09423922644498889,1
2930,0.9484791948497221,0.09423922644498889,1
2445,0.6015208051502778,0.09423922644498889,1
2251,0.9574113528820194,0.09423935578821385,2
1475,0.9158526844684016,0.09424056586011084,4
1649,0.9812167828910259,0.0942423259486991,3
1560,0.9526252292138674,0.09424356061605567,4
960,0.9534018011310106,0.09428646658004486,8
1471,0.9367005361576968,0.09428859435423718,4
2753,0.9674533196322327,0.09429067998589141,1
2179,0.930912737750375,0.09429452779492901,2
2231,0.844052567741,0.09429589335990446,2
3450,1.0,0.09430039956128054,1
1821,0.9738637506888049,0.0943182700324129,3
2669,0.9448107066172335,0.09431912583605077,1
1083,0.9675853274803097,0.09432780334033784,6
1714,0.9821960854302608,0.09432985116952909,3
1001,0.9482414868105772,0.09433039800109179,7
2355,0.9821852928754906,0.09433459779844146,2
2001,0.9078957380544965,0.09433728757073151,2
3346,0.9765250278979134,0.09435960073906917,1
3342,1.0,0.09435960073906917,1
1404,0.9617361054094299,0.09437793097467762,4
1855,0.97066965381143,0.09438223705921968,3
1764,0.9531473756142537,0.09438881699921668,3
2247,1.0,0.09439341889518894,2
1459,0.9473730759870597,0.0944051691826211,4
1977,0.94150429184982,0.09440950194863114,2
1065,0.9620180508899558,0.09441784838240351,7
2511,0.9133194603037632,0.09443534869647412,1
2442,0.9133194603037632,0.09443534869647412,1
2454,0.9133194603037632,0.09443534869647412,1
2439,0.9133194603037632,0.09443534869647412,1
2492,0.9633194603037631,0.09443534869647412,1
2709,1.0,0.09443534869647412,1
3356,0.9633194603037631,0.09443534869647412,1
2997,1.0,0.09443534869647412,1
2468,0.9133194603037632,0.09443534869647412,1
2467,0.9133194603037632,0.09443534869647412,1
2485,0.9133194603037632,0.09443534869647412,1
2740,1.0,0.09443534869647412,1
2868,1.0,0.09443534869647412,1
2465,0.9133194603037632,0.09443534869647412,1
1853,0.9714378609336957,0.09444040200810759,3
1936,0.9377413881195832,0.09444413823082942,2
2135,0.9449800683050803,0.09444818865544702,2
1586,0.9700376256629382,0.09444836724739057,4
1034,0.9580430599729101,0.09445739942599984,7
2229,0.9840598735775925,0.0944601281271871,2
3405,0.9843446310811634,0.09446742610903719,1
2106,0.9427431279263007,0.09447547615650828,2
2268,0.7739436669954773,0.0944982396780748,2
2419,1.0,0.09450657297143258,2
1430,0.9606932542148842,0.09451863250503757,4
2474,0.9616752204431056,0.09452996136901327,1
2859,1.0,0.09452996136901327,1
2460,0.9616752204431056,0.09452996136901327,1
1456,0.9327887959660675,0.09454726450518794,4
2159,0.9573594304305998,0.09455666686836123,2
2208,0.9701358145911959,0.09457056184715412,2
3277,0.9973752729801112,0.0945705697514755,1
3338,0.9473752729801111,0.0945705697514755,1
2971,0.9730129605026182,0.0945705697514755,1
1324,0.9790246909089843,0.0945882848407577,5
2155,0.9796366872609844,0.09459772244666124,2
906,0.9602534231544674,0.09460219333659485,9
1137,0.9643152878953941,0.094610899064905,6
3135,1.0,0.09461612242421487,1
3122,0.9672810209457589,0.09461612242421487,1
2957,0.9672810209457589,0.09461612242421487,1
2778,0.9672810209457589,0.09461612242421487,1
2519,0.9672810209457589,0.09461612242421487,1
2582,0.9672810209457589,0.09461612242421487,1
2986,0.9672810209457589,0.09461612242421487,1
2558,0.9672810209457589,0.09461612242421487,1
3014,0.9672810209457589,0.09461612242421487,1
2787,0.7523178460403747,0.09461612242421487,1
95,0.9316970318639495,0.09461855239557751,101
2430,0.9831491832855674,0.09462385433177725,2
1574,0.9610070782116261,0.09463360333656448,4
1744,1.0,0.09463693841848721,3
2364,0.9517128775809588,0.09463818953263592,2
1935,0.8599236832014678,0.09464400103583007,2
1348,0.9769823430752751,0.09466034353412492,5
1696,0.9959959486874788,0.09466550180682552,3
3082,0.9604978004661693,0.09466665919980069,1
2980,0.9604978004661693,0.09466665919980069,1
3071,1.0,0.09466665919980069,1
3043,0.9493046207280825,0.09466665919980069,1
1087,0.9120448752572845,0.09467306476915538,6
1487,0.9568724187617892,0.09467589491093266,4
3404,0.9717645558366016,0.09469095779630689,1
3379,0.9717645558366016,0.09469095779630689,1
3425,1.0,0.09469095779630689,1
3387,0.9717645558366016,0.09469095779630689,1
1191,0.9767050762398822,0.09469294243417735,6
2528,0.9859833467627137,0.09469425827650745,1
2399,0.9405706277708652,0.0947027342077644,2
1932,0.9459872747574688,0.09470360756473128,2
2197,0.9259869069698071,0.09471378060987043,2
1491,0.9600091081901658,0.09472281488214129,4
1917,0.9535480012044072,0.09472513967729278,2
2584,0.9719657183132301,0.09472535316398321,1
2568,0.97803428168677,0.09472535316398321,1
2883,0.9593338313973508,0.09473565884966473,1
2880,0.9593338313973508,0.09473565884966473,1
1830,0.9395987251801667,0.09474449994862633,3
1930,0.9313676749058267,0.09475701494013744,2
2388,0.9683347260149514,0.09475857163264587,2
2310,0.9743548201112221,0.09475880215917085,2
1813,0.9923272744628541,0.09476192457138644,3
1783,0.9795750345348816,0.09476408260683906,3
2308,0.9493046207280825,0.09476496657163991,2
2206,0.952364885952875,0.0947677420131423,2
1837,0.990670134675406,0.09477012726594959,3
2831,0.9499187506408828,0.09477052345819653,1
1975,0.9683322907948719,0.09477246059808508,2
1635,0.9520846776089883,0.09477491576657476,3
1665,0.9460982573852624,0.0947770097940402,3
1711,0.9785848357329977,0.09478438052512907,3
2426,0.9715449873941988,0.094790041134243,2
2069,0.9309140841045408,0.09479022895834893,2
1630,0.9830149157734888,0.09479298014363581,3
3261,0.9630569694051156,0.09479621458423845,1
1871,0.8827134015550395,0.0947995022027834,3
1655,0.9959091931741699,0.094803472660068,3
2481,0.983000871391975,0.09480926234650543,1
3273,0.9490129394332822,0.09480975958630888,1
3280,0.9490129394332822,0.09480975958630888,1
1579,0.978597182266752,0.09481039017605147,4
2167,0.9867052506219067,0.09481382872688299,2
2217,0.9641776309455634,0.09481382872688299,2
2270,0.9669225813287361,0.09481879991141526,2
2278,0.954760983727795,0.09481879991141526,2
2267,0.9419225813287361,0.09481879991141526,2
2279,0.9375032304054591,0.09481879991141526,2
1979,1.0,0.09482061094688413,2
2105,0.9422285444364865,0.09482407570656118,2
1694,0.8929945495271692,0.09482438099768585,3
2314,0.9543003081627229,0.0948244998863435,2
1553,0.9647718286547731,0.09482687129761536,4
1893,0.9806162407033013,0.09483243449635052,3
2840,0.9337659825616194,0.09483489866405329,1
2577,0.9659501819382399,0.09483489866405329,1
2906,0.9837659825616193,0.09483489866405329,1
2914,0.9837659825616193,0.09483489866405329,1
3310,1.0,0.09483489866405329,1
3044,1.0,0.09483489866405329,1
2967,0.9337659825616194,0.09483489866405329,1
2853,0.9522507690251886,0.09483489866405329,1
2807,0.5894255432966768,0.09483489866405329,1
3108,0.9337659825616194,0.09483489866405329,1
2841,0.9337659825616194,0.09483489866405329,1
1835,0.956539910001378,0.09484056075735077,3
1919,0.9684843355615427,0.09485794047785326,2
3328,0.9381114409899959,0.09486327394347913,1
3087,0.9381114409899959,0.09486327394347913,1
3275,0.9381114409899959,0.09486327394347913,1
3221,0.9881114409899958,0.09486327394347913,1
3127,0.9381114409899959,0.09486327394347913,1
3105,0.9881114409899958,0.09486327394347913,1
3203,0.9381114409899959,0.09486327394347913,1
3132,0.9381114409899959,0.09486327394347913,1
3181,0.9381114409899959,0.09486327394347913,1
3154,0.9618885590100041,0.09486327394347913,1
3260,0.9618885590100041,0.09486327394347913,1
2903,1.0,0.09486327394347913,1
3049,1.0,0.09486327394347913,1
3198,0.9618885590100041,0.09486327394347913,1
3200,0.9618885590100041,0.09486327394347913,1
1628,0.9744791411286794,0.09487768824656906,3
1139,0.9575729666086205,0.09487816050018778,6
715,0.9412388320565862,0.09488207608246313,11
1458,0.8907008173276931,0.0948854770742468,4
2067,0.9987541136318554,0.09489022965909655,2
2088,1.0,0.09489161206167028,2
1788,0.9588250803737678,0.09489526304504137,3
3429,1.0,0.09489708899237743,1
3426,1.0,0.09489708899237743,1
3374,1.0,0.09489708899237743,1
3398,1.0,0.09489708899237743,1
3423,1.0,0.09489708899237743,1
1449,0.9259098758442568,0.0949028155368053,4
2512,0.9602798845493009,0.09490590748048316,1
2146,0.9719880888655892,0.09490765838492188,2
3162,0.9927198171303834,0.09491474752909443,1
1337,0.9769355551725567,0.0949168947655233,5
3350,0.9886613574633479,0.09492721087992806,1
2320,0.9718888682001894,0.09493242551915919,2
2054,0.9978278849352704,0.09494391730470358,2
2266,0.946341932252013,0.09495261911745491,2
2824,0.9907623714091557,0.09495422448487484,1
2852,0.9990740400519097,0.09495703590943126,1
1136,0.9730549645034685,0.09496521791768209,6
1864,0.9715752634217952,0.09496968195377249,3
1776,0.9547389347282972,0.09497498387803123,3
1812,0.9571105808358965,0.09497563139361341,3
1673,0.9780724809709094,0.09498550753951322,3
1716,0.9574873511327592,0.09499197555874152,3
2631,0.9194946300535908,0.09501182304826561,1
2653,1.0,0.09501182304826561,1
2701,0.9540034170562655,0.09501182304826561,1
1908,0.9467106479202334,0.09501242973135654,2
2680,0.9550131340685033,0.09502856766863137,1
1647,0.9885760003849198,0.09503587767021543,3
2122,0.9764983701387853,0.09504566345033116,2
3216,1.0,0.09505193523061164,1
2800,0.9783335292546051,0.09505915673931181,1
614,0.9203322009282089,0.09507593831318224,18
1570,0.9657402979500039,0.09507599414476049,4
2255,0.9875045270599033,0.09508016336356007,2
3255,1.0,0.09508482442776567,1
1943,1.0,0.0950873628147804,2
2402,0.9869167593833557,0.09508982374076538,2
2199,0.9413816640539252,0.09509839282286128,2
2103,0.9409018979326529,0.09511127525051899,2
3168,0.9711722900556208,0.09511466678980479,1
3212,0.9659615299043236,0.09513495840343246,1
1483,0.9558749381456397,0.09513622713254391,4
2593,0.9574292133756144,0.09514458778101613,1
2733,0.9797912801877197,0.09516081333469044,1
1453,0.9813977462226436,0.09516801057985366,4
2361,0.9768440888593642,0.09518597722969988,2
2147,0.9530330237144714,0.09518992058478842,2
2433,1.0,0.09520068558541506,2
2038,0.9634484945634969,0.09521034389518127,2
2482,0.9586168075590922,0.09521105290959667,1
2224,0.9458656679634198,0.09521609145910288,2
2552,0.9879238365860924,0.0952232712619505,1
2637,0.961740459017192,0.0952232712619505,1
2576,0.961740459017192,0.0952232712619505,1
2595,0.961740459017192,0.0952232712619505,1
2766,1.0,0.0952232712619505,1
2656,0.961740459017192,0.0952232712619505,1
2508,0.961740459017192,0.0952232712619505,1
2078,1.0,0.09523204999029114,2
1619,0.9244616935183896,0.09523205055899538,3
2682,0.9696333804055037,0.09523750793534427,1
2544,0.9696333804055037,0.09523750793534427,1
2547,0.9831160891609848,0.09524022907473821,1
1508,0.9432145336721162,0.09526246550093845,4
2102,0.9536712111976128,0.09526877100779535,2
1405,0.9520326591295658,0.09527312370651253,4
2956,0.9830219395016413,0.09528774302102044,1
3333,0.9821852928754906,0.0952892943580097,1
2738,0.9562505770560281,0.0952962575812957,1
2797,1.0,0.0952962575812957,1
2466,0.9579000454248524,0.09529686312387711,1
2046,0.6047292984001484,0.09530237370987088,2
2118,0.9578909503911295,0.09530542390301719,2
2096,0.9699776654466914,0.09530941947830103,2
2940,0.9971944084996084,0.09531473756161413,1
1425,0.9439323009153712,0.09534388427530974,4
2148,0.9614766056003659,0.09534941135287492,2
2012,0.9676021485031034,0.09538949909310226,2
2959,0.9914331225411339,0.09538979012933366,1
2762,0.9629687177416987,0.09539222931632138,1
2761,0.9870312822583014,0.09539222931632138,1
2449,1.0,0.09539222931632138,1
3347,0.9629687177416987,0.09539222931632138,1
2470,0.9792171551132358,0.09540005361718262,1
3306,0.9826916899718308,0.09543592201446527,1
3318,0.9826916899718308,0.09543592201446527,1
2411,1.0,0.09545800900704157,2
1847,0.9696844168994979,0.09545858974383244,3
2153,0.9800727637398093,0.09547085769370671,2
2318,0.9423645169418556,0.09547161704021011,2
2269,0.9875241924182364,0.09547441307010852,2
2416,1.0,0.0954767823497818,2
1629,0.9514669069219811,0.09548171736839277,3
1778,0.781695318351784,0.09551041122249994,3
3264,0.9577452863368272,0.09551852976054073,1
2182,0.920503090252779,0.09552622137466446,2
2173,0.9708386706997073,0.09553743721951971,2
1147,0.9436138605239502,0.0955467734912901,6
1737,0.9462425881548484,0.09554757571056627,3
1900,0.9632466154555226,0.09555008851113578,3
1331,0.9469993856966296,0.09555355144815628,5
1997,0.968162417749536,0.0955541452999048,2
2608,1.0,0.09555484411813815,1
2689,0.9583161976699057,0.09555484411813815,1
1754,0.9774236552169535,0.09555793531791916,3
1370,0.9802018242079227,0.09556033472142622,5
2739,0.9791829940431466,0.09557418410093216,1
2410,0.9927378797698727,0.0955900235832817,2
850,0.971905847219507,0.09559077320836355,9
2976,0.9821868616390556,0.09560639109379479,1
2286,0.9841520108736165,0.09560717455779806,2
3077,0.9484545982610585,0.0956165781172764,1
3186,1.0,0.0956165781172764,1
3126,0.9484545982610585,0.0956165781172764,1
3104,0.9484545982610585,0.0956165781172764,1
3085,0.9484545982610585,0.0956165781172764,1
3123,0.9484545982610585,0.0956165781172764,1
3098,0.9484545982610585,0.0956165781172764,1
3081,0.8515454017389414,0.0956165781172764,1
3196,0.9484545982610585,0.0956165781172764,1
3161,0.9484545982610585,0.0956165781172764,1
3093,0.6015454017389414,0.0956165781172764,1
3150,0.9484545982610585,0.0956165781172764,1
3130,0.9484545982610585,0.0956165781172764,1
2143,0.9647916874332407,0.09561938232345135,2
403,0.9706260589787126,0.09563374567714758,20
1708,0.964360213074292,0.09563395297223772,3
2905,0.5938029669522555,0.0956428207095873,1
3094,0.9938029669522556,0.0956428207095873,1
1528,0.9506604280509442,0.09564733024999604,4
1642,0.9511864735468267,0.0956490790842162,3
1924,0.9807070605801568,0.09564981380098664,2
2094,0.966002469373643,0.09564989657547064,2
1241,0.9221308637691311,0.09565155522405058,5
2234,0.9327575615507377,0.09565231632115695,2
1248,0.9652364236303053,0.09565358257413661,5
1603,0.9524559323997442,0.09565576987054074,3
2974,0.9830245433994038,0.09567379667149717,1
1662,0.9560354042434053,0.09567561751195969,3
1867,0.988806305054837,0.09567614365170378,3
1288,0.9773183334013746,0.09567621150853714,5
2071,0.9837397409801563,0.095682249529352,2
2929,0.9931921737245804,0.09568320398294854,1
2949,0.9931921737245804,0.09568320398294854,1
2890,0.9931921737245804,0.09568320398294854,1
2554,0.9879301536877629,0.09568898930929486,1
1427,0.9796819103778066,0.09570136528279652,4
2079,0.9742417496009701,0.09570216548313981,2
1298,0.957107710073587,0.09570409711971715,5
2663,0.9529938461403491,0.09570474812028407,1
2610,0.997006153859651,0.09570474812028407,1
2842,0.9529938461403491,0.09570474812028407,1
1920,0.9686276728932207,0.0957122512294731,2
1482,0.9325587381407879,0.09571913213264999,4
1808,0.9530410738317007,0.0957280857712502,3
2027,0.9834598144583293,0.09572955841921807,2
3337,0.8250635189426048,0.09573643406711306,1
2816,0.9503983111538794,0.09574045551703919,1
3151,0.9938202760054935,0.09574496386043403,1
2735,0.9974959877793708,0.0957487351131647,1
1285,0.973399084903789,0.09575584587447464,5
1869,0.9970579773420523,0.0957573411621454,3
720,0.9454981000846162,0.09576109509317642,11
1335,0.9754665749085555,0.09576268828683517,5
1636,0.9762200039850716,0.0957699234178269,3
2241,0.9794850097276188,0.09577087278201037,2
785,0.9465713944736514,0.09577353613867133,11
2204,0.9685025235687289,0.09578443495441993,2
2531,0.9684843355615427,0.09578720180456386,1
2919,1.0,0.09578720180456386,1
2891,0.9684843355615427,0.09578720180456386,1
3033,0.9684843355615427,0.09578720180456386,1
2475,0.9081870008395733,0.09578861264587216,1
1580,0.9850100653910403,0.09579134846087031,4
3285,0.985005755385929,0.09579873679408157,1
3137,0.985005755385929,0.09579873679408157,1
2174,0.8451222324907518,0.09580069559276799,2
2686,1.0,0.09580840356016934,1
2175,0.9608666067802476,0.0958228933912689,2
2013,0.9805867492162678,0.09582674788741677,2
2171,0.7605046641835391,0.09582902424327083,2
2398,0.9634807002797032,0.09583296960850489,2
1884,0.96774026786231,0.09583337992747408,3
1992,0.9825489468921663,0.09583936416101245,2
1873,0.9388966315185141,0.09585498717143448,3
1269,0.9668841927937223,0.09586098730018403,5
1715,0.9636717436412926,0.09586352272770167,3
2910,0.9788728830867344,0.09586442631623147,1
2413,1.0,0.09586613092287574,2
2833,0.9703838046233841,0.09588484158986019,1
2774,1.0,0.0958901509078746,1
1974,0.9754481563110815,0.09589865091751515,2
2166,0.9624118678106233,0.09590812149189679,2
3128,1.0,0.09590964060835905,1
1349,0.9787837558276892,0.09591112868803732,5
2553,0.9959091931741699,0.09591258716673155,1
1740,0.9729245373243025,0.09591593491602661,3
2053,0.9625877621920115,0.09592499614337108,2
1695,0.9773545190168363,0.09592766296946631,3
2138,0.9294623361439913,0.09593553805131755,2
2452,0.9807070605801568,0.0959398426738247,1
2887,0.9733327978104533,0.095942507065607,1
2798,0.9733327978104533,0.095942507065607,1
2802,0.9687552143780084,0.095942507065607,1
2879,0.9733327978104533,0.095942507065607,1
1149,0.9803244848996322,0.09594334914003656,6
1999,0.9925527084251861,0.09594521287125082,2
2884,0.9554824158892286,0.09594537712024297,1
2849,0.9554824158892286,0.09594537712024297,1
2871,0.9554824158892286,0.09594537712024297,1
2917,0.9554824158892286,0.09594537712024297,1
2867,0.9554824158892286,0.09594537712024297,1
2875,0.9554824158892286,0.09594537712024297,1
911,0.9830111979971621,0.09594540442927077,8
2394,0.9910685459813461,0.09597084103815032,2
2480,0.9583279960450054,0.09597644624584264,1
3025,0.9644545912659455,0.09598700056167385,1
2990,0.9644545912659455,0.09598700056167385,1
2181,0.9624118678106233,0.09599030004368307,2
2292,0.9689256447778688,0.0959935573869122,2
3007,0.9830466069239991,0.09600675429450013,1
2534,0.979029513594953,0.09600907107241669,1
2216,0.977910815334685,0.09600987679041187,2
2029,0.9475397162093192,0.09601137804005093,2
1929,1.0,0.09601154819185073,2
3243,0.998035103548855,0.09601376389151545,1
3090,0.998035103548855,0.09601376389151545,1
3249,0.998035103548855,0.09601376389151545,1
3153,0.998035103548855,0.09601376389151545,1
3252,0.998035103548855,0.09601376389151545,1
1851,0.9899922650911902,0.09601496978043678,3
1417,0.9774555014150141,0.09601564391323142,4
2406,0.9701514237523938,0.09602078515200861,2
3446,0.9973010966682975,0.0960253423155353,1
2086,0.9574029366944511,0.09602930036484984,2
2091,0.9574029366944511,0.09602930036484984,2
1951,0.963810548235187,0.09603725024448263,2
1978,0.9669363951849139,0.09604548129744755,2
1843,0.9596189460184081,0.09604894954121912,3
3291,0.9768563793174663,0.09604936109973337,1
2119,0.9573594304305998,0.0960501218711223,2
1544,0.9809730787079931,0.09605829510911026,4
1804,0.9784116930978205,0.09606315117734428,3
553,0.9601376389134505,0.09607020709771015,15
2050,0.9537032818378846,0.09609132806801632,2
1623,0.9820073332960858,0.0960968409789832,3
2405,0.947935788586544,0.09610722089522454,2
2324,0.9708535685005164,0.09610913003507889,2
1967,0.9825829913273362,0.09611906141138574,2
2258,0.9759789108357023,0.09612234957281557,2
3326,0.9849893479894646,0.09612751438746646,1
1981,0.9773179160836164,0.09613435846763069,2
939,0.9673955327862491,0.09615077892618498,8
2338,0.9571425228164129,0.09615436962136989,2
2352,0.9424432405412958,0.09616657856593758,2
2591,0.9787405822792532,0.09616699303041891,1
2529,0.9937443255189462,0.09616964191897084,1
1965,0.9826971548272952,0.09617046081444472,2
1736,0.9555944061226698,0.09617832318752106,3
2358,0.9072813023537558,0.09618269450074164,2
2444,1.0,0.09618584382064138,1
2851,0.9973488153783683,0.0961870455692817,1
2856,0.9473488153783683,0.0961870455692817,1
2594,0.9473488153783683,0.0961870455692817,1
2412,0.9717645558366016,0.09618768334114788,2
2629,0.9827567094085968,0.09618882725711717,1
1659,0.9627738184178117,0.09619538085624102,3
2461,0.9739299956753407,0.09619842084458152,1
2506,0.9849403784195763,0.09620446433712851,1
2648,0.9967152887503123,0.09620446433712851,1
2998,0.9790850300735688,0.0962119212858833,1
1484,0.9680505003042087,0.0962156829395761,4
3258,0.9559842589793704,0.096217880916437,1
3219,1.0,0.096217880916437,1
2196,0.9734239512648455,0.0962244409424821,2
2144,0.9294623361439913,0.09622706802597988,2
2136,0.9294623361439913,0.09622706802597988,2
2899,0.9991029128518948,0.09625164232719924,1
2368,1.0,0.0962546571818374,2
3178,0.9611292229032671,0.09625769858395729,1
3102,0.9339705094656862,0.09625769858395729,1
3015,0.6624967695945408,0.09625769858395729,1
3063,0.9375032304054591,0.09625769858395729,1
2718,0.9375032304054591,0.09625769858395729,1
3308,1.0,0.09625769858395729,1
3174,1.0,0.09625769858395729,1
3032,0.9375032304054591,0.09625769858395729,1
3303,1.0,0.09625769858395729,1
3065,1.0,0.09625769858395729,1
1601,0.9206988419495163,0.09625799759516358,3
1781,0.982370224086796,0.09626111402619236,3
1625,0.9457761911649243,0.09626234081226477,3
3406,0.9996016888461207,0.09626260690325672,1
3409,0.9989387864561439,0.09626260690325672,1
2667,0.964608738427375,0.09626645289288048,1
1104,0.9834075061022064,0.0962668128704481,6
2151,0.9733327978104533,0.09626876262972069,2
1914,0.9680315669962091,0.09627017312236517,2
2407,0.9736676335270613,0.09627662426054942,2
2440,0.9295339044748377,0.0962778734705046,1
2370,0.9740217663451234,0.09628624058816382,2
3281,0.9534545089242026,0.09628742969082385,1
3354,0.9534545089242026,0.09628742969082385,1
3232,0.9534545089242026,0.09628742969082385,1
3293,0.9534545089242026,0.09628742969082385,1
3297,0.9534545089242026,0.09628742969082385,1
3366,0.9534545089242026,0.09628742969082385,1
3234,0.9534545089242026,0.09628742969082385,1
1187,0.9743393904125123,0.09629266391703996,6
1916,0.8996755585817352,0.09629633964259629,2
3227,1.0,0.09630365008786858,1
2510,0.7889417293707035,0.09630607381179442,1
2509,0.5940359438025287,0.09630607381179442,1
2518,0.9559640561974714,0.09630607381179442,1
2507,0.9940359438025287,0.09630607381179442,1
2515,0.9559640561974714,0.09630607381179442,1
2522,0.9559640561974714,0.09630607381179442,1
2514,0.9559640561974714,0.09630607381179442,1
3204,0.9853988475507511,0.09631319526524595,1
2462,0.8318375822504639,0.09631472216755699,1
2471,0.968162417749536,0.09631472216755699,1
2570,0.968162417749536,0.09631472216755699,1
2472,0.9778752749694564,0.09631472216755699,1
2464,0.968162417749536,0.09631472216755699,1
2597,1.0,0.09631504616794809,1
2207,0.794160695300265,0.09632090111650435,2
1276,0.971473737415379,0.09632234923395569,5
1941,0.9452707015998516,0.09634371431698907,2
3183,1.0,0.09634807002875033,1
2836,0.9587363622362564,0.09634840092502668,1
3188,0.9588862890951342,0.09635250771868566,1
3268,0.9911137109048659,0.09635250771868566,1
3097,0.7048924277091825,0.09636352340095723,1
2451,0.9746272503300248,0.0963697523686812,1
2393,0.9577587134990745,0.09637716509708388,2
2383,0.9473752729801111,0.09639749384617097,2
2150,0.9783839080333288,0.09640459526201124,2
2045,0.969029111131486,0.09640727839098229,2
2622,0.9932185757996199,0.09640856375359544,1
1726,0.9720514922335477,0.09641156149574488,3
2450,0.9083292161810422,0.09641179846214945,1
2129,0.964846444378191,0.09642027018254065,2
2378,0.941432021980867,0.09642401330686981,2
1815,0.9689286642924012,0.09643851178388184,3
3239,0.9541102673244808,0.0964592497525626,1
3034,0.9541102673244808,0.0964592497525626,1
2598,0.9765943261512379,0.09646092591276001,1
2636,1.0,0.09646092591276001,1
3267,0.968238320121422,0.09646300925533274,1
2895,0.9570900957838862,0.09646300925533274,1
2429,1.0,0.09646761407272822,2
2805,0.9934908750567403,0.0964691045946565,1
2702,0.9934908750567403,0.0964691045946565,1
2908,0.9389369338006573,0.0964691045946565,1
2933,0.9565091249432597,0.0964691045946565,1
2931,0.9565091249432597,0.0964691045946565,1
2911,0.9934908750567403,0.0964691045946565,1
1954,0.9608199859993863,0.09647586058857682,2
2342,0.9653977080721633,0.09648265007689914,2
2298,0.9676163019821727,0.09649247611630567,2
2994,0.9704261500943909,0.09649737753382452,1
1700,0.9954154238736048,0.09650660354224716,3
3182,0.9874206748371703,0.0965253369960366,1
2549,0.9874206748371703,0.0965253369960366,1
2551,1.0,0.0965253369960366,1
2575,0.9874206748371703,0.0965253369960366,1
2572,0.9874206748371703,0.0965253369960366,1
2014,0.9433980376468593,0.09653392908637712,2
2546,0.8708944672739038,0.09653419289674108,1
2219,0.9801068383781306,0.09654171762731331,2
2334,0.9747383455996904,0.09654384594217277,2
2315,0.9502616544003095,0.09654384594217277,2
1413,0.9691780229893697,0.09655588781282232,4
1793,0.9682990609505309,0.09656404618411797,3
1257,0.977513632657196,0.09658111510142932,5
2912,0.962873878634438,0.09658345977820461,1
1758,0.9863413237211361,0.09660850379358406,3
1148,0.9739777975857395,0.09661071301111047,6
2614,1.0,0.09661383563893075,1
2643,0.9895765906914168,0.09661383563893075,1
3320,0.956488242036245,0.09661680730947071,1
3340,0.956488242036245,0.09661680730947071,1
3021,0.9334173025100684,0.0966246961631814,1
1742,0.9725477339615185,0.09663893126582447,3
1962,0.9664102425072609,0.09665127992135833,2
3207,0.9389028550344225,0.09665688130930496,1
1969,0.9723024578883581,0.09666148669885105,2
1831,0.9719729204692558,0.09666863223278238,3
3389,0.9800563982048031,0.09667584043890885,1
2626,0.6047292984001484,0.09668067433947802,1
2685,0.6047292984001484,0.09668067433947802,1
2696,0.6047292984001484,0.09668067433947802,1
2674,0.997930493650092,0.09668841927945371,1
2230,0.9390409361864059,0.09669128688449845,2
1942,0.9711015739991714,0.09669261563777842,2
1766,0.934754248534102,0.09669350519888885,3
2711,0.9432481280073126,0.09670078911297557,1
3282,0.9660677655401146,0.09670398624329139,1
3294,0.9660677655401146,0.09670398624329139,1
3321,0.9660677655401146,0.09670398624329139,1
2659,0.963721484414096,0.09670738030665843,1
2123,0.9828254725726607,0.09671213996095733,2
2527,0.9828474620727615,0.09671489279108228,1
2717,0.966002469373643,0.09671489279108228,1
2526,0.583997530626357,0.09671489279108228,1
2093,0.9620761634139076,0.09672384460140845,2
3213,0.969495531418384,0.0967364674356266,1
3220,0.969495531418384,0.0967364674356266,1
3251,0.980504468581616,0.0967364674356266,1
1622,0.9794277664963781,0.09674247499133942,3
2501,0.9684279098083886,0.09674440102613148,1
2755,0.9907565918283523,0.09674440737653228,1
2612,0.9537032818378846,0.09674616581817673,1
2152,0.9780075679942636,0.09675685614943806,2
2285,0.9608901187456372,0.09675839927878196,2
1956,0.9976033534061733,0.0967585917692928,2
1457,0.9842910410114656,0.09675982039100896,4
2504,0.9595030668117497,0.09676291208287681,1
2274,0.972832082124213,0.09676606096097123,2
2066,0.9893206154337816,0.09677005435511703,2
3069,1.0,0.09677196271950318,1
3146,0.9806145173892993,0.09677196271950318,1
1860,0.9676529605124428,0.09678070977968449,3
1927,0.9846823114836596,0.09678300644066004,2
2792,0.9978488915936174,0.09679483461956846,1
2790,0.9988968674839133,0.09679483461956846,1
1658,0.9793560897330208,0.09680539606153508,3
2579,0.9850488620304886,0.09681457585272743,1
2660,1.0,0.0968239636965205,1
1875,0.9706001573980656,0.09683574762355608,3
2007,0.9904564124627326,0.09684062965557146,2
3359,0.9885510412957926,0.09685661977380355,1
1654,0.9380984212056162,0.09685723128827428,3
1964,0.9944845022342637,0.09685770106226997,2
2183,0.9554824158892286,0.09686379990270325,2
2560,0.9985200163683353,0.09686558782389154,1
2603,0.9985200163683353,0.09686558782389154,1
2968,0.9834350182562042,0.09686668345841548,1
2932,0.9783839080333288,0.09686668345841548,1
3322,1.0,0.09686668345841548,1
2596,0.9834350182562042,0.09686668345841548,1
2809,0.9834350182562042,0.09686668345841548,1
2878,0.9665649817437958,0.09686668345841548,1
1931,0.9589071015615475,0.09686695551092901,2
2934,0.9811286466826924,0.09687151396874333,1
2894,0.9811286466826924,0.09687151396874333,1
2939,0.9811286466826924,0.09687151396874333,1
1994,0.9785198049965568,0.09687627487092984,2
2704,0.9860336514321157,0.09687643538622054,1
2864,0.9616675133551712,0.09688316675496832,1
2684,0.9616675133551712,0.09688316675496832,1
2855,0.9616675133551712,0.09688316675496832,1
2838,0.9616675133551712,0.09688316675496832,1
2862,0.9616675133551712,0.09688316675496832,1
2104,0.993806699860648,0.09689121997041725,2
1971,0.9686265024109714,0.09689489294239292,2
3250,0.9540584017350371,0.09689510731562384,1
3331,0.9669889685365749,0.09689510731562384,1
3244,0.9540584017350371,0.09689510731562384,1
2681,0.9988135947160112,0.09689708997602248,1
2705,0.9988135947160112,0.09689708997602248,1
1988,0.9568604213575838,0.09689940780564255,2
3169,0.9873926771993101,0.09692715590106227,1
2714,0.9873926771993101,0.09692715590106227,1
1985,0.9976520000767806,0.0969281971048801,2
3357,0.998920445223781,0.09693073947151898,1
2489,0.9795784119923525,0.09696289147784527,1
2176,0.967251938671498,0.09696458303057524,2
2785,0.9699249456554858,0.09696775721440208,1
1955,0.9731271920120494,0.0969828361240685,2
2065,0.9682396369650637,0.09699921581515805,2
1657,0.9866053223877013,0.0970001342094018,3
2305,0.965448101686083,0.09700580987271515,2
2661,0.9555154977657364,0.09700802181788151,1
2601,0.9944845022342637,0.09700802181788151,1
2478,0.9648874664442006,0.09701909832409386,1
2357,0.9205741341064008,0.0970410612414051,2
1885,0.9837362080850796,0.09705013180702443,3
2590,0.9680562535031578,0.09705185217589038,1
2699,1.0,0.09706260589781003,1
2212,0.9703172004175027,0.09706364885061,2
3272,1.0,0.09707609687965402,1
3195,1.0,0.09707609687965402,1
1880,0.9889129753318662,0.09707706593937802,3
2198,0.9554824158892286,0.09708489753055469,2
2185,0.9554824158892286,0.09708489753055469,2
3419,0.5822475961360678,0.09708636238133109,1
2979,0.9657015921675466,0.09709842483873604,1
1367,0.9270389071369199,0.09710502001934726,5
2716,0.9986656371876069,0.0971092999805676,1
1633,0.9761331615089672,0.09711049308744109,3
2900,0.908395065422946,0.09711050001901626,1
1624,0.9827488146295097,0.09711908702678947,3
2882,0.9624458820071409,0.09712117242909449,1
1129,0.9773004789166256,0.09714390148080519,6
3274,0.9783118657143077,0.09715608921707096,1
3334,0.9942118636179922,0.09715608921707096,1
3172,0.8449217847450069,0.09715608921707096,1
3265,0.9974848409768863,0.09715752634204969,1
2495,0.9813259059519711,0.09716316421176936,1
2652,0.9361170931606262,0.09717436093493863,1
3165,0.7843383974116351,0.09717497420196163,1
3160,0.9843383974116352,0.09717497420196163,1
3140,0.9983343161163912,0.09719729204855983,1
1923,0.9625198803321591,0.09719799021106952,2
2769,0.9982057807478725,0.09720514922335693,1
2548,0.9809813511267017,0.09720644057554727,1
2649,0.8588111899232445,0.09720672306480575,1
1987,1.0,0.0972116958154085,2
2532,0.7373944572228739,0.09721728730869544,1
1970,0.9910666382294377,0.09721809630555511,2
1918,0.9724902139169338,0.09722563083425081,2
1878,0.9926617048193417,0.09723315435038787,3
682,0.9786611534161396,0.09723445359524031,12
2087,0.9880226821793274,0.09723495228236026,2
3170,0.6108879086052392,0.0972369329285746,1
2261,0.9501175783012568,0.09724105826241186,2
1477,0.9791836554493035,0.09724334840695892,4
3301,0.9853835486877964,0.0972447660845365,1
1749,0.9865968106590707,0.09724689138556532,3
2751,1.0,0.09724902139185121,1
1846,0.9351556980767335,0.09725544181159355,3
2401,0.9670668116325871,0.09725592381584514,2
2019,0.9708872930504843,0.0972571197166267,2
2068,0.9923002141683723,0.09725987346787539,2
3157,0.9947087367497597,0.09727928402248785,1
2599,0.8694024102661437,0.09729696093145954,1
2975,1.0,0.09730129605025052,1
2041,0.9856431907044619,0.09731893868184333,2
1973,0.9757413675103518,0.09732755744149907,2
1710,0.9710929998033145,0.09733127437521379,3
1822,0.9854071037681852,0.0973327631155229,3
2127,0.9597509817972547,0.09734371359809958,2
2178,0.9779513714336818,0.09734676126776146,2
2455,1.0,0.09735107522148403,1
2473,0.9604486801489975,0.09735107522148403,1
2624,1.0,0.09735107522148403,1
2098,0.9727543973152801,0.09735127583237793,2
2592,0.9549197854839335,0.09737185705343135,1
2193,0.9960252092850675,0.09737199302883645,2
3266,0.9865876296645273,0.09739332003336314,1
1720,0.9694593033288705,0.09742585961729622,3
3199,0.99814633195852,0.09743393904151516,1
2525,0.9888771922435775,0.0974378275743027,1
2561,0.9747258244734502,0.0974378275743027,1
2913,0.612394105868927,0.09744872409723142,1
1500,0.976604905273573,0.09745374886725094,4
2375,0.9660677655401146,0.0974642020920789,2
3390,1.0,0.09746431682647445,1
3401,1.0,0.09746431682647445,1
2245,0.9820665131933696,0.09747595759989813,2
1838,0.9821380051367222,0.09748040797230263,3
1433,0.970833317577009,0.09748363289419551,4
3008,0.9924371910864682,0.09748642230573738,1
3225,0.9685949039350243,0.09749361917787142,1
1950,0.9330199632326426,0.09749392507539859,2
1949,0.9330199632326426,0.09749392507539859,2
2281,0.9715131925999613,0.09749819033018481,2
3248,0.7096486029023863,0.0975005506695851,1
1984,0.9840487394789719,0.09750135397151558,2
2574,0.97328972301489,0.09750222766876869,1
2609,0.92671027698511,0.09750222766876869,1
2639,0.97328972301489,0.09750222766876869,1
2273,1.0,0.09750943721145039,2
1314,0.988126236733456,0.09751155113153984,5
2765,0.9911240687713403,0.09752850516490147,1
2252,0.9729234430334137,0.09754555069964095,2
2387,0.987099777815571,0.09755883403491195,2
2832,0.8157156151347419,0.09764135799154175,1
2835,1.0,0.09764135799154175,1
3055,0.9959535440220421,0.09764936108960764,1
2271,0.9404884157303466,0.09766246872041014,2
2037,0.6013965861412787,0.0977033948583449,2
1660,0.9828584731311792,0.09770572913174586,3
3205,0.9414908667666285,0.09770836234917012,1
2169,0.9853172434643899,0.09771179033835263,2
2463,0.9688114510548236,0.09771345114644493,1
1451,0.9850146404304028,0.09772121247089935,4
3110,0.9842336214469681,0.09772704641581641,1
2533,0.9861827564837075,0.09774126141878281,1
1705,0.9706702518617987,0.09774346199718276,3
2587,0.9982905575507146,0.09775136326576915,1
1656,0.9920263514438927,0.09776226858819366,3
3276,1.0,0.09776444879863498,1
2874,0.9863501020635216,0.09778222268516351,1
2863,0.9863501020635216,0.09778222268516351,1
2850,0.9863501020635216,0.09778222268516351,1
2861,0.9863501020635216,0.09778222268516351,1
2847,0.9863501020635216,0.09778222268516351,1
2655,0.7382183558442805,0.09778274095285153,1
1686,0.9840356144268549,0.09778562629734332,3
2658,0.9751541082788384,0.0977859891133332,1
2860,0.975889755595784,0.09778599248967237,1
2583,0.9228284228952734,0.09778724080829514,1
2092,0.9900700174413534,0.0977955486462393,2
2004,0.9615170739603233,0.09782180954991512,2
3030,0.9980315755886722,0.09784116930997382,1
2010,0.9104285754782663,0.09784996020559605,2
1741,0.9537807998257162,0.0978660604597426,3
2722,0.9652079961367893,0.09786611534174056,1
2721,0.9986172267976201,0.09786611534174056,1
2715,0.9986172267976201,0.09786611534174056,1
2415,0.9665641461829156,0.09787757291228782,2
2189,0.9977863391747209,0.09788724145330704,2
1989,0.9849139920882934,0.097903890854735,2
2757,0.9986216742034795,0.09791836554521592,1
2811,0.9539332855326083,0.09792869957967387,1
2542,0.994730131862369,0.09793047043999714,1
2539,0.9254779279864456,0.09794053340987248,1
2540,0.9983712374956697,0.09794277664963397,1
2477,0.9899561578958688,0.09795790854653207,1
2248,0.9666950861316996,0.09797598052697416,2
2493,0.9434452031697702,0.09797644628754026,1
2351,0.9985719507404026,0.0979772329162922,2
2177,0.9717655301311813,0.09800332031301497,2
2163,0.9636498979364784,0.09800332031301497,2
2090,0.9823331550013231,0.09803279362542011,2
3278,0.9871205468294256,0.09803297774845982,1
2580,0.8817893364602023,0.09803782653269953,1
2109,0.9819234273017557,0.09804526664130349,2
2108,0.9805145473041217,0.09804526664130349,2
2794,1.0,0.09807240347747892,1
2737,0.99954472254894,0.09807240347747892,1
2458,0.9948316030196607,0.09810263758613745,1
2457,0.9948316030196607,0.09810263758613745,1
2487,0.9295639630407145,0.09811894668224072,1
2728,0.9898057559049835,0.09811991110637736,1
2724,0.7898057559049836,0.09811991110637736,1
2641,0.9898057559049835,0.09811991110637736,1
2964,1.0,0.09812167828913221,1
2089,0.9988764326463441,0.09813483016524663,2
1960,0.9915846684710716,0.09814613248401932,2
362,0.9495703590930293,0.0981480801038193,22
3263,0.9818578459819622,0.09818376044269228,1
3209,0.9987402039861513,0.0982138005136659,1
2617,0.9970820942815936,0.098221465880105,1
2616,0.9970820942815936,0.098221465880105,1
2731,0.9624118678106233,0.09822441794086642,1
2725,0.9624118678106233,0.09822441794086642,1
2687,0.9624118678106233,0.09822441794086642,1
2892,0.9620761634139076,0.09822441794086642,1
3088,0.9807240347746814,0.09822441794086642,1
3111,0.9624118678106233,0.09822441794086642,1
3042,0.9624118678106233,0.09822441794086642,1
3068,0.9624118678106233,0.09822441794086642,1
3064,0.9624118678106233,0.09822441794086642,1
2846,0.9624118678106233,0.09822441794086642,1
3156,0.9563712039974743,0.09822441794086642,1
3026,0.5875881321893768,0.09822441794086642,1
2826,0.9624118678106233,0.09822441794086642,1
3101,1.0,0.09822441794086642,1
3084,1.0,0.09822441794086642,1
3083,1.0,0.09822441794086642,1
3355,0.9875881321893768,0.09822441794086642,1
3124,1.0,0.09822441794086642,1
3078,1.0,0.09822441794086642,1
3062,1.0,0.09822441794086642,1
3059,1.0,0.09822441794086642,1
3048,1.0,0.09822441794086642,1
3422,0.9624118678106233,0.09822441794086642,1
3414,0.9624118678106233,0.09822441794086642,1
3103,1.0,0.09822441794086642,1
2962,0.9624118678106233,0.09822441794086642,1
3113,1.0,0.09822441794086642,1
3013,1.0,0.09822441794086642,1
2952,0.9624118678106233,0.09822441794086642,1
2966,0.9375881321893768,0.09822441794086642,1
3004,1.0,0.09822441794086642,1
3319,0.9875881321893768,0.09822441794086642,1
2920,1.0,0.09822441794086642,1
2782,1.0,0.09822441794086642,1
3006,1.0,0.09822441794086642,1
2870,0.9624118678106233,0.09822441794086642,1
2848,0.9624118678106233,0.09822441794086642,1
2801,0.9624118678106233,0.09822441794086642,1
2795,0.9624118678106233,0.09822441794086642,1
3316,0.9624118678106233,0.09822441794086642,1
3298,0.9624118678106233,0.09822441794086642,1
3000,1.0,0.09822441794086642,1
2999,1.0,0.09822441794086642,1
2989,1.0,0.09822441794086642,1
2941,1.0,0.09822441794086642,1
2947,1.0,0.09822441794086642,1
2945,1.0,0.09822441794086642,1
2926,1.0,0.09822441794086642,1
3163,1.0,0.09822441794086642,1
3148,1.0,0.09822441794086642,1
3256,1.0,0.09822441794086642,1
3259,1.0,0.09822441794086642,1
3253,0.9436541796183197,0.09822441794086642,1
3247,1.0,0.09822441794086642,1
3215,1.0,0.09822441794086642,1
3202,1.0,0.09822441794086642,1
2814,0.9624118678106233,0.09822441794086642,1
2806,0.9624118678106233,0.09822441794086642,1
2823,0.9624118678106233,0.09822441794086642,1
2820,0.9624118678106233,0.09822441794086642,1
2754,0.9875881321893768,0.09822441794086642,1
2586,0.9875881321893768,0.09822441794086642,1
2907,0.9624118678106233,0.09822441794086642,1
3245,0.9375881321893768,0.09822441794086642,1
2942,0.9875881321893768,0.09822441794086642,1
2876,0.9875881321893768,0.09822441794086642,1
2909,0.9624118678106233,0.09822441794086642,1
3375,0.9624118678106233,0.09822441794086642,1
3332,0.9624118678106233,0.09822441794086642,1
3330,0.9624118678106233,0.09822441794086642,1
2927,0.9624118678106233,0.09822441794086642,1
3283,1.0,0.09822441794086642,1
2498,0.9624118678106233,0.09822441794086642,1
2784,0.9624118678106233,0.09822441794086642,1
2904,1.0,0.09822441794086642,1
2898,1.0,0.09822441794086642,1
2881,1.0,0.09822441794086642,1
2858,1.0,0.09822441794086642,1
2837,1.0,0.09822441794086642,1
2830,1.0,0.09822441794086642,1
3300,0.9875881321893768,0.09822441794086642,1
3279,0.9875881321893768,0.09822441794086642,1
2780,0.9624118678106233,0.09822441794086642,1
2779,0.9624118678106233,0.09822441794086642,1
3020,0.9624118678106233,0.09822441794086642,1
3292,0.9624118678106233,0.09822441794086642,1
3317,1.0,0.09822441794086642,1
3313,1.0,0.09822441794086642,1
3295,1.0,0.09822441794086642,1
2756,0.9624118678106233,0.09822441794086642,1
2996,0.9624118678106233,0.09822441794086642,1
2746,0.9624118678106233,0.09822441794086642,1
2742,0.9624118678106233,0.09822441794086642,1
2695,1.0,0.09822441794086642,1
2619,1.0,0.09822441794086642,1
2605,1.0,0.09822441794086642,1
2810,1.0,0.09822441794086642,1
2793,1.0,0.09822441794086642,1
3418,1.0,0.09822441794086642,1
3402,1.0,0.09822441794086642,1
3233,0.9624118678106233,0.09822441794086642,1
3211,0.9624118678106233,0.09822441794086642,1
3385,1.0,0.09822441794086642,1
3367,1.0,0.09822441794086642,1
3349,1.0,0.09822441794086642,1
3339,1.0,0.09822441794086642,1
3335,1.0,0.09822441794086642,1
2808,0.9875881321893768,0.09822441794086642,1
2752,1.0,0.09822441794086642,1
2763,1.0,0.09822441794086642,1
2747,1.0,0.09822441794086642,1
2750,1.0,0.09822441794086642,1
2775,1.0,0.09822441794086642,1
2772,1.0,0.09822441794086642,1
2744,1.0,0.09822441794086642,1
3070,0.9875881321893768,0.09822441794086642,1
3023,0.9624118678106233,0.09822441794086642,1
3290,0.9624118678106233,0.09822441794086642,1
3139,0.9624118678106233,0.09822441794086642,1
2632,1.0,0.09822441794086642,1
2771,1.0,0.09822441794086642,1
2767,1.0,0.09822441794086642,1
2786,1.0,0.09822441794086642,1
2783,1.0,0.09822441794086642,1
3167,0.9624118678106233,0.09822441794086642,1
2844,0.9629635473920263,0.09822441794086642,1
2845,0.9875881321893768,0.09822441794086642,1
2764,1.0,0.09822441794086642,1
2700,1.0,0.09822441794086642,1
3141,0.9624118678106233,0.09822441794086642,1
3057,0.9624118678106233,0.09822441794086642,1
3143,0.9624118678106233,0.09822441794086642,1
3149,0.9624118678106233,0.09822441794086642,1
3027,0.9624118678106233,0.09822441794086642,1
3210,0.9624118678106233,0.09822441794086642,1
3189,0.9624118678106233,0.09822441794086642,1
3193,0.9624118678106233,0.09822441794086642,1
3173,0.9624118678106233,0.09822441794086642,1
2559,0.9624118678106233,0.09822441794086642,1
2448,0.9624118678106233,0.09822441794086642,1
3421,1.0,0.09822441794086642,1
2743,1.0,0.09822441794086642,1
2707,1.0,0.09822441794086642,1
2713,1.0,0.09822441794086642,1
3010,0.5875881321893768,0.09822441794086642,1
3118,0.9624118678106233,0.09822441794086642,1
3329,0.8375881321893768,0.09822441794086642,1
3341,0.8375881321893768,0.09822441794086642,1
3142,0.9624118678106233,0.09822441794086642,1
3363,1.0,0.09823331550014766,1
2640,0.9976386110264824,0.09826220873720667,1
2645,0.9976386110264824,0.09826220873720667,1
3327,0.9751363597638101,0.09832784181598382,1
2654,0.9910600765534928,0.09833091967863361,1
2678,0.9910600765534928,0.09833091967863361,1
2688,0.9910600765534928,0.09833091967863361,1
2683,0.9910600765534928,0.09833091967863361,1
2670,0.9910600765534928,0.09833091967863361,1
2675,0.9939685619070843,0.09833091967863361,1
2530,0.9910600765534928,0.09833091967863361,1
2694,0.9910600765534928,0.09833091967863361,1
2723,0.9589399234465072,0.09833091967863361,1
2706,0.9910600765534928,0.09833091967863361,1
2672,0.9910600765534928,0.09833091967863361,1
2708,0.9910600765534928,0.09833091967863361,1
2749,0.9910600765534928,0.09833091967863361,1
2235,0.976155709281057,0.09833707566302302,2
2516,0.9981334064352241,0.09834075061021742,1
2513,0.9981334064352241,0.09834075061021742,1
2149,0.928646644313651,0.09835335983253121,2
1993,1.0,0.09838966029684214,2
2621,0.9988928131486716,0.09840356144268042,1
2662,0.9672143175985437,0.09840356144268042,1
2877,0.9909661807071953,0.0984038829824424,1
3287,0.9978035872788991,0.09841520108743636,1
3035,0.7711135900130718,0.09841520108743636,1
2613,0.9989519454273675,0.09849139920885208,1
2697,1.0,0.09849139920885208,1
85,0.9199667509842848,0.09849996345184765,75
2644,0.9988606062354497,0.0985014640430316,1
2571,1.0,0.09855501053092533,1
2011,0.9869379960866415,0.09866738339762829,2
2391,0.7936567872589356,0.09867201473749795,2
2505,0.9716245605286287,0.0986825752620974,1
2517,0.9716245605286287,0.0986825752620974,1
2726,0.9951969160188118,0.09869725696264603,1
3314,0.8943346299498252,0.09874852981432432,1
2427,0.980103439801132,0.09874910295912462,2
703,0.9576377475851579,0.0987522655294491,11
2888,0.9987557755657699,0.09881262367337398,1
2032,0.9859010023111179,0.09882398181477757,2
1701,0.9752145992610989,0.0988735870894785,3
3242,0.9769332386728404,0.09889664182490913,1
2390,0.9988616242875384,0.09899723525228585,2
2567,0.969126156461787,0.09900140755049597,1
2569,0.9808738435382129,0.09900140755049597,1
2627,0.9774074526011892,0.0990685939615888,1
2117,0.9807240347746814,0.09908944509788005,2
2536,0.9464398217694088,0.09918269318707022,1
2982,0.9833403027432865,0.09920867324256355,1
2712,0.9888775368459773,0.099271786289161,1
2573,0.9726179300747507,0.0994258500263913,1
2730,0.9927507463522477,0.09947928040280538,1
2600,0.9927507463522477,0.09947928040280538,1
2082,0.9295221565513273,0.09949421940868972,2
2671,0.9982533017711236,0.09954154238743379,1
2646,0.9014309052021626,0.09954154238743379,1
2692,0.9732449788627971,0.09954154238743379,1
2691,0.9805867492162678,0.09957195273962473,1
2588,0.9805867492162678,0.09957195273962473,1
2897,0.9713550009318056,0.09964806896164187,1
185,0.926535049945105,0.0996498934216417,36
3315,0.9967171387531808,0.09970579773354644,1
2885,0.9989436207266535,0.09977863391747477,1
2543,0.9952673423153466,0.09980019714124314,1
3299,0.9997428808339247,0.09988616242872769,1
2788,1.0,0.09988968674841808,1
2578,1.0,0.09989773200491946,1
3296,1.0,0.09997428808341284,1
2666,0.9718295304355584,0.09998703126688346,1
2827,1.0,0.1,1
3184,1.0,0.1,1
3228,1.0,0.1,1
2829,0.7927669305318996,0.1,1
1976,0.9989773200491926,0.1,2
3217,1.0,0.1,1
3388,1.0,0.1,1
3271,1.0,0.1,1
623,0.9401776952170554,0.10064716942162066,13
762,0.8925857805998172,0.10102141802039422,10
244,0.9098102683091326,0.101712852934067,35
519,0.9625164232697445,0.1017941742962105,15
587,0.9693073947141098,0.1021591095524381,13
580,0.9689708997599179,0.10237281056797759,13
681,0.8656193167120882,0.102778984242644,11
752,0.9866364466852222,0.10285643938236835,10
478,0.9686558782402238,0.10295996726332937,16
707,0.9793907587956111,0.10302463735883588,11
766,0.9776444879862773,0.10308176732431976,10
1103,0.8864029541127061,0.10312706012318716,6
124,0.9111897477768103,0.10315545764392495,56
154,0.9554032536077074,0.10388752155189418,44
256,0.9679483461954319,0.1043022168127651,30
541,0.9612699112343359,0.10430779689038246,16
967,0.9564933410373504,0.10463019454708554,7
622,0.982622087372047,0.10472277794703506,12
796,0.894614956028394,0.10497969695701569,9
851,0.9661698180280902,0.10499190469157552,8
969,0.9365348019260508,0.10503416491066034,7
725,0.9681457585272296,0.10504438666147764,10
295,0.9592926675384877,0.10556330143005851,25
747,0.9484743981513466,0.10565674626670984,10
382,0.9613952237255411,0.10568471595123749,19
516,0.9733060841669519,0.10578184354880583,11
945,0.934878040456024,0.10614567976507704,7
404,0.9620446433710296,0.1065694224993753,18
166,0.9274132444239852,0.10680968873006476,48
469,1.0,0.10683030247359851,14
883,0.9701861508537968,0.10704763368255368,8
412,0.9261049227087141,0.10799000543137434,17
966,0.9764936108950242,0.10809291195591594,7
547,0.9797766032424065,0.10810806396641841,13
890,0.9526661058416808,0.10813852250292619,8
226,0.9591258716671764,0.10818161365166026,32
249,0.9217954750059254,0.10845616457620333,28
874,0.9695274748467878,0.10857213616643326,8
360,0.9588012083381048,0.10863327721859115,20
955,0.9574859057672416,0.10867943468298868,7
775,0.9260075870141475,0.10872282882237386,9
444,0.9459282235549216,0.10873658825595667,16
988,0.9372848661200761,0.10924430064039399,6
142,0.9408172386514567,0.10924527752742916,46
1106,0.9605644167232655,0.10927229421067106,5
599,0.9648494979947309,0.10957665831540242,12
940,0.9869725696264369,0.1096061679623764,7
1051,0.9734324183147981,0.10962668055630614,6
1063,0.9714244221220792,0.10984350629857786,6
687,0.9504266116367114,0.11010377790816232,10
990,0.9810263758604446,0.11033679396067865,6
1025,0.9466630091517849,0.11034123154345417,6
588,0.9478660939826102,0.11038197218341068,12
1029,0.9668362133762818,0.11051654799735759,6
920,0.9793047043998437,0.11053973627526192,7
1041,0.9727928402237269,0.11058252650048074,6
1099,0.9830456892454623,0.11070481887592769,5
597,0.9611513595877786,0.1108286347367413,12
1038,0.9618865822718369,0.11089283922366439,6
1145,0.9527615583346789,0.1109376571227824,5
328,0.9700802181780946,0.11103099553147279,22
1192,0.966806511301129,0.11108553300225699,5
452,0.9619069905929634,0.1113640207440658,15
1184,0.9587439593893093,0.11137842402014378,5
1393,0.9204740304641351,0.11154400720394146,4
309,0.9715608921662252,0.11157627276401562,23
986,0.9621277903955525,0.11163130334081171,6
498,0.9281131583061492,0.11176510546527937,15
1060,0.9761233063666064,0.1118813083080628,6
632,0.9574496386036986,0.1123594479890131,11
1157,0.8841727566723103,0.11247028275631962,5
639,0.9367633668465043,0.11249650889228285,11
706,0.9334415874552006,0.11276318055481052,10
424,0.9336273036873156,0.1128881732231826,16
1134,0.7877508317706539,0.11291498370728108,5
1101,0.9760895423580542,0.11295893993098136,5
117,0.9646910459460866,0.1130182498865194,54
1150,0.9772143135688589,0.11304763250545809,5
695,0.9691495966411577,0.11316514486082005,10
1180,0.9626140560966931,0.1133842006941149,5
406,0.9640856375366751,0.1135628484007601,17
1202,0.9727140310217827,0.11358288141392128,5
393,0.9568320398288293,0.1136156525508394,17
1098,0.9308939603258916,0.11362995828419428,5
1117,0.9310893908969124,0.11374861340154711,5
1111,0.9752102807615272,0.1140547311839063,5
1164,0.9899911589864406,0.11410088838596373,5
660,0.9774321893215895,0.11426186739909219,10
1190,0.9621602800958731,0.11429302128451568,5
915,0.9636352340092978,0.11445416505757995,6
1132,0.9770742785567695,0.1144911560470303,5
1012,0.9947928040276065,0.11449850729550455,6
1368,0.8638582356711944,0.11459042070957243,4
702,0.958215996965761,0.11460054763772246,10
1120,0.9325591592366588,0.11469971531416331,5
1166,0.9732970803545358,0.11482270576403877,5
1167,0.9666814757651857,0.11504258704232043,5
1095,0.9706468152577403,0.1151029936473131,5
1154,0.9748642230560168,0.11512561782706365,5
807,0.9536151997759397,0.11522049724188999,8
1378,0.9594546778336085,0.11563028148188348,4
1396,0.9946127288705889,0.11565745730425567,4
769,0.9450788401876936,0.11566596403181997,8
1390,1.0,0.11567049880988704,4
526,0.9505193522828174,0.11575978963879471,13
686,0.9593704905161944,0.11581827246748488,10
197,0.9421631058151144,0.11598153386351101,33
1372,0.9543564518587475,0.11598307661327872,4
1144,0.9786333294711994,0.11605676153308779,5
1308,0.9809703948452292,0.11630232644803654,4
774,0.9578861264520049,0.11637400167914654,8
1309,0.9747000645378542,0.11645434760452562,4
768,0.9555053681771768,0.11646623524680615,8
1380,0.9686484009872385,0.11681464889943348,4
1307,0.9822951485717738,0.11684422565661595,4
718,0.970616429853804,0.11687503755037582,9
1221,0.8419696109083346,0.116960881318975,4
260,0.9538979012931085,0.11713375491773219,26
826,0.9490407529827728,0.11720483432444255,8
1258,0.9670209016333572,0.11728102169810523,4
395,0.9564177851679065,0.11729958041631144,17
1287,0.9721136512903329,0.1173221243667596,4
1218,0.9555484411814161,0.1174489204497709,4
1360,0.9506870546809384,0.11750432498985067,4
870,0.8612146455233117,0.11757739504675335,7
1236,0.9389755741296872,0.11770997835275654,4
735,0.9752850516482298,0.1177518624573193,9
825,0.9635250771852847,0.11777257819026828,8
900,0.9702356828949089,0.11784444357952392,7
79,0.9833091967866098,0.11787984689301446,67
1374,0.9737547402307399,0.1178892609220613,4
1379,0.9659862772165854,0.118126262205699,4
1295,0.9514082112552202,0.11814201979522534,4
545,0.9260104029859952,0.11816242785806463,12
1290,0.9744021289288165,0.11821307498532196,4
822,0.9712034207693613,0.11821415021340723,8
1321,1.0,0.1184036273914456,4
1317,0.9900854243564833,0.11841257134641331,4
156,0.9495422448483605,0.11847525718168872,39
542,0.9674440737656328,0.11848681634329537,12
1462,0.8811133285142436,0.118639789921538,3
529,0.9616964191894526,0.11876702344879114,12
1289,0.9558559865888709,0.11888807512802912,4
1279,0.9827727958346077,0.1189255108195845,4
1267,0.9655443263504843,0.11893229577906347,4
431,0.9314402602480274,0.11894512411719345,15
1232,0.9676291208285415,0.11900613362349936,4
1339,0.9530281180238762,0.11913246085587609,4
1363,0.9642148728055301,0.11925394743564768,4
531,0.9709181923896835,0.11940634122520465,12
1274,0.964063640633001,0.11941085577999973,4
1278,0.9808715790937248,0.1194448296943243,4
1326,0.9154362470912767,0.11950587060581282,4
1282,0.9549766282271246,0.11966738802913598,4
563,0.9618646655393575,0.11976146687117159,11
1343,0.9639727747163171,0.11977390579829972,4
1283,0.9332154819301066,0.11986827707145892,4
376,0.9590964060833244,0.12008153426644519,17
1226,0.979579085465317,0.1200876842082624,4
1332,0.984497333850938,0.12020089849701843,4
1340,0.954546922316163,0.12020825108420574,4
840,0.9348210253969162,0.12021204454365912,7
1320,0.979153083284811,0.12032190866818773,4
904,0.9716853269907295,0.12033563914365418,7
1224,0.9558724627460186,0.12046082862319611,4
290,0.9718360977942758,0.12050595595040985,23
1313,0.9710530877856156,0.1205405235434535,4
1596,0.9743549806956813,0.1206310783159434,3
593,0.9183666672010968,0.12073471926377094,11
1252,0.9209225452301324,0.12112667356652264,4
568,0.9704907530131389,0.12121743021036954,11
1273,0.9840725896336334,0.12136774074533423,4
854,0.9209014729321126,0.12150539581128887,7
1318,0.9684236982724682,0.12153035070711567,4
371,0.9464537105742634,0.12153269242956084,17
857,0.966240438344262,0.12153951879441952,7
1353,0.984293564112785,0.12170246771471961,4
866,0.9726017761344082,0.12184008334157213,7
1251,0.9227570133244658,0.12217031270928047,4
1261,0.9927178628926153,0.12224492630804536,4
217,0.974378275742758,0.12224561551284507,29
853,0.9732883877666447,0.12227211800788036,7
384,0.9389783714649355,0.12265801481688568,16
1582,0.9572793209864967,0.1227535835310466,3
609,0.9710188877812321,0.12280529234330384,10
841,0.9731913723887271,0.12285355577093601,7
398,0.9685661977374571,0.12289791740841477,16
980,0.9253300243854642,0.12317284967254456,6
619,0.9578486016675902,0.12322162724348418,10
281,0.9430039956126349,0.12326301180467474,23
896,0.9628569649876387,0.12331476702135233,7
617,0.9558124817093635,0.12335675338244281,10
277,0.9375618214641656,0.12338339531215112,23
1409,0.9631504616793187,0.12347364612419821,3
961,0.9420710674285694,0.12348631825399403,6
1421,0.8517689603632786,0.12367699699643196,3
975,0.9830893398942628,0.12371797334193742,6
1526,0.9267993221936661,0.12372536014176173,3
1519,0.9582329678678617,0.12417487376063137,3
1415,0.9541336910731371,0.12418388728167173,3
1541,0.9171749013929895,0.12430471075119186,3
943,0.9848230172415404,0.12444531190349402,6
984,0.9809529980368187,0.12459459268202704,6
1589,0.9784712707779751,0.1246299171128144,3
1495,0.9905060458081743,0.12507214537922703,3
1550,0.9546559215990439,0.12508150744425764,3
1561,0.9728068987350738,0.1250857607342398,3
1597,0.9757487449937373,0.1251113118315427,3
1590,0.966726212421147,0.12514247537781156,3
130,0.9652533699604142,0.12515865032565926,44
155,0.9692715590103769,0.1252146456013797,37
1420,0.9673345943154547,0.12521621947400977,3
1423,0.9765259451095782,0.1252903775570521,3
697,0.958654549399421,0.12531122411095438,9
173,0.9573643406736261,0.12532960916924563,32
1554,0.95364659353189,0.12533968170989038,3
1531,0.9487122665574395,0.12534942629327095,3
1540,0.9771586270292871,0.12554032230531345,3
1513,0.9159076329023006,0.12572983745760874,3
933,0.9503286573001241,0.12572993993021547,6
672,0.9362583205607561,0.12574658829970453,9
1490,0.9803297774851314,0.1257589063411487,3
1479,0.9226548996161288,0.12576139856902255,3
467,0.9382961719164364,0.12577624658456907,13
211,0.9463244845893717,0.12578826995343037,28
258,0.9698671834326068,0.12587183321194567,24
1775,0.9487947510279053,0.12595521760440329,2
1494,0.971003618436225,0.12598104300358862,3
700,0.941728099010521,0.1259868804704801,9
1478,0.9373240374552936,0.12601496408307564,3
1424,0.9053039705030236,0.1260239995845094,3
222,0.9195522953935568,0.12616648123328858,28
954,0.9423327937386371,0.12620378136099472,6
1450,0.9543649031776388,0.12630748365211308,3
347,0.9573403353069274,0.12631296149076043,18
1523,0.926005133258641,0.12636448322916846,3
1542,0.961569821962111,0.12645199756746592,3
1489,0.9590408082136441,0.12646535105442397,3
150,0.939548167691744,0.12659456236079067,37
259,0.9626412152890136,0.12664005268754766,24
1440,0.961849052457332,0.1267405989007382,3
1557,0.9697372571681699,0.12676570434311277,3
983,0.9693556945830116,0.12678638563580316,6
1549,0.9739332003347767,0.1268247406709454,3
1577,0.9720614463511115,0.12683699177889274,3
1501,0.9894903476212755,0.12689960303753678,3
505,0.9462131884717844,0.1269392575479982,12
1442,0.9668021766641353,0.12696768376831635,3
1419,0.9695852556760279,0.12699304406200937,3
1431,0.9836148093880932,0.12699540885941066,3
1497,0.9095202371556752,0.1270700495545611,3
558,0.9446127288705889,0.12715446665764424,11
1559,0.9574431078323905,0.1271627350951142,3
1536,0.9627849057946243,0.12720167641013855,3
1556,0.9552740699685258,0.12726075785810334,3
69,0.9778222268513029,0.12729979587295676,69
962,0.9866558960279462,0.12730648656476087,6
654,0.9821266209447255,0.12737139011301504,9
1448,0.9539651990019558,0.12743217781890687,3
1516,0.9663476639156452,0.12746668907539377,3
1461,0.9666560077695011,0.12746969698517127,3
161,0.9546798231228142,0.12753910714015362,35
1493,0.9867052506219067,0.12756232468622855,3
1485,0.9863501020635216,0.12761817274814616,3
663,0.9774126141899179,0.12763448703258518,9
1511,0.9753541787320376,0.1277804302282565,3
964,0.9180596799444792,0.12781220570109306,6
1538,0.9583869415897032,0.1278732468076176,3
1476,0.965521285170322,0.12792486942735973,3
664,0.9687643538620907,0.12793269713576857,9
1428,0.9469425827652788,0.12803330647457267,3
1432,0.9857618187071108,0.12807749409799635,3
1530,0.9677330938911287,0.12812764826363224,3
11,0.9140323951606524,0.12835526189112684,203
918,0.9663682822709798,0.1284377313458893,6
1505,0.9458564311595759,0.1285277181645626,3
353,0.9404824191367294,0.1285280441422524,17
591,0.9231117117050193,0.1286743393202584,10
1498,0.8770694099168412,0.12870506828198922,3
1033,0.9532254429665779,0.1287161736525215,5
934,0.9823100828904797,0.1288533513163056,6
1492,0.9610599766828397,0.12903389823260067,3
241,0.965291053209269,0.12913868230285214,24
705,0.9631319526526325,0.12920230489849768,9
432,0.9724476608485864,0.12923290262440715,14
909,0.9910168024606998,0.1292520993240771,6
1573,0.9669369171333662,0.1293200218738572,3
1468,0.9878126805193217,0.12944140545561503,3
1465,0.97162819495622,0.1296010191264453,3
1045,0.944736282320024,0.12974205984574136,5
454,0.9558591617590697,0.12990757820658855,13
116,0.9579873679403741,0.1299884892281418,47
462,0.9612751438731986,0.13002130402107087,13
729,0.9613898488609366,0.13002942438967577,8
535,0.9602522014856352,0.130085059384892,11
732,0.9786351508915082,0.13051762540595246,8
1004,0.9766209387845085,0.13052726627291764,5
1064,0.9712737897717068,0.13062865104109045,5
419,0.9680748013323518,0.13063537703268094,14
1020,0.9368124448710768,0.13069070937344512,5
460,0.9660924294126052,0.13121425524388108,13
292,0.940342575306716,0.13126344837946474,21
1009,0.9446742610905086,0.13131073783767316,5
1030,0.9119945023288689,0.13136697627813906,5
409,0.9764135799144176,0.13143123026948378,14
596,0.9496194170606996,0.13147981194624897,10
643,0.9772704641560038,0.13153275710606377,9
484,0.9617276966794258,0.1316055826678301,12
357,0.9395870478118379,0.13165649771474938,14
379,0.94157548747916,0.1317428179771142,15
1018,0.9897862882010897,0.13186699917793637,5
592,0.9595282147676044,0.13190756324615135,10
1039,0.9025190556016831,0.1321442455367956,5
1105,0.9567404592524892,0.1323049701222433,4
1053,0.9865352461405328,0.13266240699744264,5
1035,0.96884467227654,0.13273750377384308,5
1011,0.9848199956044028,0.13281508897585162,5
602,0.9310835468331733,0.13290502481477368,10
245,0.8793409313407158,0.13304150991775746,25
1021,0.9754537654659082,0.13308037108334145,5
33,0.9686668345840054,0.13312996348759165,118
1040,0.9920867324249664,0.13331939451342695,5
1022,0.9473910589082454,0.13334233326669578,5
992,0.981661935851373,0.13337023111069563,5
804,0.872617823155284,0.13363590121714464,7
280,0.9613750029482699,0.13376276516920788,21
383,0.9524022907484743,0.13376782167803036,15
397,0.9609722000947349,0.13388755337272965,15
332,0.9229619746015342,0.1339073299968656,17
401,0.9567379667147456,0.13395091320119248,14
411,0.9528774302083909,0.13395612099671744,14
832,0.9705897035167397,0.13397817745712876,7
1771,0.9191298066312323,0.13398611756898504,2
90,0.9464667410087645,0.1339961442186274,53
787,0.9773848585378113,0.13452473194636644,7
812,0.9742828173047023,0.13456525415060744,7
799,0.9412607303426223,0.13460491137416303,7
87,0.9543592201512573,0.13461662005633837,54
1607,0.9854443737159921,0.13464934467001163,2
610,0.9591283648554824,0.1353131175645974,9
522,0.9654730712695342,0.13545127198728457,11
205,0.9560639109377119,0.13562627672188896,27
178,0.9528929435735386,0.1356294142490188,30
894,0.9703326292868379,0.13590656260392459,6
1066,0.9818376044268786,0.13628430803607552,5
1790,0.9507518741464323,0.13638136568880646,2
1632,0.9681364003233505,0.13651553985272452,2
106,0.9642521526916796,0.13652385014736837,48
1879,0.9397029503524214,0.13660794214014327,2
1008,0.9287655537392482,0.13661534021531224,5
190,0.9303940273242753,0.1366798136135009,27
1819,0.9602274668791347,0.13669197953722162,2
172,0.9474088221284231,0.13676709666740672,30
330,0.9464224136922021,0.13694037673546552,17
493,0.9573691415328555,0.13695254275243599,10
1171,0.9634986474989226,0.1370184337041911,4
58,0.9423344328869118,0.13708898000995337,79
315,0.9710051949982254,0.13712992730014004,18
1197,0.9695004741942953,0.13727176482666845,4
1789,0.966736385982378,0.13732649530549668,2
1841,0.9061398249230281,0.1374242789208265,2
1205,1.0,0.1374368537173983,4
627,0.9527553177424622,0.1374436595464425,9
1159,0.8044074245607462,0.13750418270858758,4
1844,0.9371035284212812,0.13753047805217775,2
1610,0.9484791948497221,0.13771686339987074,2
146,0.9687151396864999,0.13774270663461527,35
422,0.9760141407328529,0.13788850740678732,13
509,0.9720644057553659,0.13803729774659662,11
1832,0.9561122212481261,0.13817535224182753,2
1803,0.9374006641156118,0.13828182976500367,2
1854,0.9544894052244441,0.13830918570125308,2
370,0.9219066125219062,0.1384588093658238,15
657,0.9593984267387715,0.13858587883968637,8
26,0.9240575313178969,0.13862249053611267,138
859,0.8943596328786246,0.13870904688244948,6
373,0.9677196271942307,0.13877096522140137,15
163,0.9251848747892425,0.13883710486100875,31
115,0.9673646743519488,0.13899106283676801,44
1727,0.991207160825644,0.1390744707050164,2
1765,0.977663433816719,0.13916798154387452,2
1866,0.9918755123922881,0.139173639485888,2
1690,0.952501144297622,0.13919162234699842,2
1671,0.9900115712195279,0.1392595756674487,2
877,0.9624554749273637,0.13938080493530217,6
1809,0.9462146095069841,0.1394052439205103,2
668,0.9568838997386722,0.13942623715789432,8
391,0.9499731240829706,0.1395845999774508,14
203,0.9584743980958991,0.13960571094644358,26
1078,0.9558951076623106,0.1397963289265926,4
1600,0.9737525249144401,0.13982458407232365,2
1152,0.9769343925972411,0.13987464491430177,4
684,0.9826720755888271,0.1399035643752369,8
1648,0.940206536233709,0.13996972618964681,2
1089,0.9728482479271577,0.13997828791344538,4
396,0.9480759409412672,0.13999610116148192,14
612,0.9615503427907975,0.1400253146140016,9
1138,1.0,0.14005376409266296,4
1684,0.9479714571619757,0.14013078767655304,2
219,0.9580840356003553,0.1401609293237748,25
1620,0.9340819765844122,0.14029244856180362,2
1627,0.9356492906549294,0.14036721913919398,2
252,0.9516081334905098,0.14041743962456077,21
1786,0.9989330302298713,0.14043036443412077,2
879,0.9602324193028994,0.14044351270912872,6
549,0.9485543507748582,0.140499579177163,10
296,0.9404224207209423,0.14057041762349368,19
1836,0.9027845092955329,0.1405840834486475,2
1896,1.0,0.14060099097309667,2
1903,1.0,0.14063948022482714,2
1874,1.0,0.14066917289509234,2
1752,0.9863501020635216,0.14076617706905642,2
1084,0.9696289147783307,0.14084317601529503,4
1621,0.9811894668224418,0.14091354684844373,2
1634,1.0,0.14094112940536985,2
848,0.9563369859731252,0.14097916349971104,6
1797,0.9702321326955342,0.14098678464544007,2
1605,0.9700115325194142,0.14103175449797803,2
897,0.9144012829493245,0.1410771619612433,6
865,0.9706136129770254,0.14108680238932386,6
1130,0.9437411939711958,0.14114466633747708,4
886,0.9156560925836899,0.14123126272531292,6
1703,0.9750650066408366,0.14123359257519888,2
1888,0.969756332554045,0.1412685382155901,2
655,0.962626469800403,0.1413179871337039,8
693,0.9421675177121975,0.14135169660930805,8
1640,0.9618311520797721,0.14138278491087194,2
199,0.9399384212939204,0.14140946161918078,27
694,0.9285045649817016,0.14146905282241715,8
1721,0.9612346619100474,0.14150070770077897,2
1090,0.9540005361716001,0.14156568977352835,4
78,0.9557418410090818,0.1416340119137068,55
1185,0.9417696750705012,0.14164752729582453,4
1717,0.9811423680358538,0.14171668928789802,2
1702,0.9730192196790022,0.14174340990858156,2
1730,0.9788979326992983,0.14175929648074925,2
1094,0.9549590233947334,0.1417847267278044,4
689,0.9413035541098098,0.14179173448916732,8
817,0.9375528560950978,0.1417990896445684,6
1770,0.9908039038331043,0.1418157150214288,2
1733,0.9721400665072297,0.14182309801418158,2
389,0.9621192128581911,0.14182993985286238,14
530,0.9496872849307954,0.1419232369554892,10
669,0.9600907107239278,0.14194097281009388,8
1652,0.9904596530246751,0.14202151989246498,2
1107,0.9611142576205003,0.1420370157173108,4
350,0.9600675429448285,0.14206698400429893,16
1146,0.9323422925358826,0.142080452375919,4
1816,0.9257154506468795,0.1420809482917162,2
1683,0.8860751915757461,0.14217149989619282,2
490,0.9514059198432919,0.14221086200426,11
550,0.9586442631626032,0.14225423382653132,10
1667,0.9768127017136523,0.1422628848681877,2
1759,0.9863501020635216,0.14227101258145497,2
1128,0.9279178942140629,0.14228417960321418,4
1613,0.9823328975559514,0.1423008796642084,2
696,0.9626136638775981,0.14230758704928353,8
1863,0.9889838008720939,0.14234156968010586,2
1175,0.9511466678980216,0.14234458011124157,4
1616,0.9871180610144302,0.14239367544217227,2
1802,0.9744914283418223,0.14241970711412333,2
1685,0.9794735065870439,0.14243203729681664,2
842,0.9521257048922582,0.14246599611704536,6
314,0.8780794185672477,0.14247136972483665,18
540,0.9616699303038896,0.14251883544149352,10
1767,0.9402470231274258,0.14263098928169032,2
1728,0.988259540982808,0.14264072059397714,2
1644,0.9793706711334633,0.14269527450089556,2
1761,0.9964806896168579,0.14271000186361113,2
1861,0.9493652103482798,0.14276732351828514,2
1088,0.9555365147808959,0.1428434156720165,4
1876,0.9823104945959145,0.14290686280785686,2
1688,0.9816975042768442,0.14294442308413335,2
1887,0.97521941018332,0.1429463858409863,2
1834,0.9707829749570992,0.14300698878889107,2
176,0.9257802282840603,0.14304005273734405,28
1615,0.9623859957397646,0.1430639767422638,2
1814,0.9653199455682746,0.1430975834166479,2
1780,0.9310819239865417,0.14311406586953276,2
1787,0.9895021995338308,0.1431600183714322,2
1077,0.9554005974804498,0.14321072191458986,4
1772,0.9728110226421209,0.14323850546648312,2
1805,0.9666724168283898,0.14324416516677888,2
1676,0.9787904134792926,0.14324659457532674,2
67,0.9505915673929743,0.14333294149078968,61
1757,0.9627802183960493,0.1434022199270742,2
1748,1.0,0.1434838424416133,2
1182,0.9641128305708481,0.14359061873523982,4
1698,0.9998703126688933,0.1436590608711169,2
1679,1.0,0.1437469868120385,2
1718,0.9760965232354915,0.14378741344454946,2
92,0.9391790802788672,0.1438062142342121,49
979,0.9721719664379851,0.1439064593974881,5
1825,0.9421573299500019,0.14391315323974763,2
1839,0.9752616544003095,0.14397548291391232,2
1669,0.9620465642951341,0.1440241873531088,2
1842,0.9608247482007338,0.14406643345530806,2
1746,0.9349122943744762,0.14417600819929055,2
133,0.9556184130123496,0.14417836933062989,37
1713,0.9655944741729456,0.14427100846278534,2
1198,0.9589870412607774,0.14440441746562113,4
1133,0.9672352608512771,0.14442735843132354,4
1612,0.9544966261707348,0.14445621937560982,2
331,0.9170707092160448,0.14456778787064303,16
1738,0.9762905225018025,0.14464042624266715,2
1123,0.9717713133820369,0.1447509692746052,4
474,0.9326562077370314,0.14479839604809863,11
1641,0.9565440659779794,0.14494100272922536,2
1689,0.9805282480127929,0.1449629114633532,2
1115,0.9796477739198128,0.14507655528681476,4
1651,0.9773054154992811,0.14517983969991136,2
1653,0.9906859396156291,0.14518509479762165,2
1862,0.9554143173683707,0.14522734492922118,2
1100,0.9642721974599732,0.14523311548372322,4
1751,1.0,0.14530836283470483,2
1750,0.9682990609505309,0.14533589520434192,2
84,0.9480926234649601,0.14533849961521414,49
1724,0.883525234166684,0.14533927699641308,2
1626,0.9760054589047503,0.14537905443441776,2
402,0.9590159056557178,0.1454008084404497,13
1848,0.9613484722218372,0.145485849709826,2
1798,0.9803940104081277,0.14550130344203435,2
570,0.9562586192562151,0.14562993880271505,9
174,0.9042610654775746,0.14581083311053375,28
605,0.9419643872765401,0.14598792717004716,9
757,0.953554422141,0.14602787487439897,7
1234,0.9332009520022203,0.14611068247985617,3
482,0.9440727831181382,0.14611334124914854,11
1857,0.988966418249044,0.14613352265431917,2
1680,0.6085091332333714,0.14615981790576685,2
1877,0.985322177751506,0.14627302794566147,2
982,0.9604936109968824,0.14628724136506738,5
473,0.9692192041616465,0.14630616609371716,11
1666,0.9830245433994038,0.14633093617768017,2
1704,0.9954154238736048,0.14648995772559426,2
89,0.936656179274908,0.14666929128802558,49
1692,0.9729140003291487,0.146715891226362,2
1661,0.9488371110491274,0.14676876886517104,2
1606,0.9549721840526476,0.1468060000467511,2
202,0.9646092591268673,0.14681134769752435,25
433,0.9604119782968449,0.14683983542778387,12
73,0.9435960073903996,0.14694994420417332,54
1675,0.998966003637862,0.1470228941430422,2
1881,0.9847229890856695,0.14731629816221256,2
43,0.9070249748117831,0.1481752317608072,78
738,0.9778599248930671,0.1482204888084322,7
237,0.9546768046214997,0.14848015700276876,21
523,0.9188413267831406,0.1486000212452511,10
751,0.9454118541406712,0.14865719169901878,7
75,0.962554457194947,0.1489623739123393,53
778,0.9867423455639173,0.149248149862836,6
514,0.9778598911329203,0.14969178344232315,10
443,0.9343443926963197,0.15008805919650367,11
914,0.9576252732405678,0.1501980090314256,5
416,0.9269117988955504,0.15034604156315107,13
931,0.8860762986430986,0.1504594972609739,5
1254,0.9085479503998735,0.15074181499527192,3
149,0.963697523686618,0.1507454993399502,31
319,0.9364472748224555,0.15075668676294707,16
917,0.9617406771456102,0.15086406309226386,5
346,0.9574045551702143,0.15090335645855293,15
912,0.9866512588012911,0.1511238481984905,5
214,0.9422295452691052,0.15162749181912324,23
175,0.9572708598984034,0.15163543792634734,27
1385,1.0,0.15169475635743132,3
938,0.9763339346214044,0.15177812061811174,5
625,0.9476960419499854,0.15194572446768478,8
1310,0.9444056639518453,0.15195215710674984,3
341,0.9619842084458728,0.15214000864931856,15
284,0.9315949270594508,0.15240914916780585,18
935,0.9595847149997679,0.1525722287518213,5
1237,0.937203499765469,0.15277416532765375,3
451,0.9583712152225963,0.1528575849305117,11
974,0.9492205292339405,0.15319559636613272,5
1271,0.9584493670974413,0.15327286020759637,3
51,0.9594250706562875,0.15333440437909332,70
153,0.9750222766872244,0.15342055397022006,30
1382,0.9710705782240785,0.15363733834471596,3
459,0.9749364801651014,0.15369231873002395,11
164,0.9480676217858938,0.15388030793366184,28
557,0.9281890080308661,0.15398282661942536,9
1375,0.9640998322802555,0.1540157005218923,3
1212,0.9618584382065106,0.154069259553965,3
103,0.9483853238901738,0.15451522816220067,43
113,0.8936357762363085,0.1545188447786277,40
1293,0.9644065815254801,0.15461884508729937,3
337,0.9298510176025991,0.15462993166194666,15
42,0.9375952287881705,0.15476016521656805,80
417,0.8979710769221989,0.15484227360601255,12
690,0.8852321666775957,0.154853544839479,7
1359,0.95774576179914,0.15499116710199712,3
629,0.922767234591093,0.1552491619108361,8
1352,0.9025469027630567,0.15534998452509943,3
830,0.9448358828412758,0.1554503776359063,6
810,0.9275253867280316,0.1554665898220449,6
1209,0.9213922374477455,0.1556670583166644,3
1365,0.9269025905320107,0.15569115597670322,3
439,0.9553637492258669,0.15571678407789563,11
442,0.9262295386362451,0.1558257290070529,11
140,0.9472535316404049,0.1560685633735399,32
1333,0.901697543279048,0.15614101211617876,3
1347,0.9147101657166766,0.15633926390861583,3
1297,0.9816923298923439,0.15643093653708645,3
1381,0.9571990234408007,0.1564578949499967,3
96,0.9469095779628312,0.1564708883267968,43
456,0.9709842483864419,0.15655170274320018,10
611,0.9868257526206209,0.15675087894274267,8
1286,1.0,0.15685825707872497,3
708,0.8123290019848204,0.15694827240599413,7
1325,0.9895228832898044,0.1569650492666289,3
413,0.97286860720359,0.15696903117126684,12
253,0.9117183858216537,0.15702427465112015,19
803,0.9689037076351316,0.15704744569398144,6
1016,0.9653128334678155,0.1570730991917224,4
675,0.9170076775852061,0.15707827637320976,7
321,0.9285690762945271,0.15715243022622402,15
304,0.9380848727649376,0.15716845546698854,16
1361,0.9689571744463686,0.15728366916611802,3
1256,0.9679443582850553,0.15736005068500122,3
494,0.9585358986882769,0.1573815513834508,10
1386,0.9593243120249202,0.1573904240279267,3
2202,0.9679445648201732,0.15755016635405406,1
1255,0.9713471756754126,0.15765077582231884,3
466,0.9434436692924462,0.1577272324194066,10
1277,1.0,0.15774479554753162,3
1270,0.9731798558718554,0.15776321429104725,3
1264,0.942001121517503,0.15783523660357954,3
109,0.943532165455931,0.15788005472671776,41
1356,0.9621502134103137,0.15793175553410613,3
1305,0.9379207854843523,0.15799666451392133,3
299,0.9683301150844572,0.15799812886257564,16
148,0.9193098317007531,0.15804142853467498,30
1383,0.9679256384802901,0.1580436337370514,3
83,0.9201294228862825,0.15809078748203456,47
1387,0.9745065379612446,0.15830693350049918,3
784,0.9575781345148824,0.15844290232142047,6
492,0.9247984729462944,0.1588992391978184,10
780,0.9456710946425595,0.1590148448514196,6
485,0.9656096777159989,0.15903989891813192,10
1272,0.9724369149068237,0.15904112854874874,3
483,0.9649737753373311,0.15914769981121824,10
320,0.958848415897992,0.15923239075323167,15
136,0.9536572986505062,0.15928150858081874,33
1358,0.9628497865896863,0.15935181468498508,3
1243,0.9133842160705922,0.15941545721506026,3
683,0.9502289243489973,0.15951995147670614,7
1250,0.9810360138760889,0.15965656815403376,3
1304,0.9538181649283158,0.15966370299956337,3
670,0.9478980372829037,0.1596857335447417,7
435,0.9428489642258675,0.15976514707393674,11
318,0.9252073658593365,0.15977677303330692,15
1280,0.9630200305442931,0.15995226718136188,3
182,0.9646185140677087,0.1599710790250357,25
365,0.969532210289596,0.16004466910661727,13
141,0.9667584044002512,0.16011279640960605,29
1366,0.9388921029271948,0.16011469996261615,3
305,0.9696775721455587,0.1601501086890283,16
1024,0.7999925039896425,0.16023060967178726,4
266,0.9317032636288285,0.16042698715452627,18
289,0.9713701516881142,0.16048733489190994,17
2205,0.911767133001374,0.160507195695907,1
65,0.9523750793526036,0.16073323918899257,54
1214,0.9846823114836596,0.16093881945326144,3
518,0.937755819266376,0.16103651859705007,10
704,0.9608727122771544,0.16129520069594,7
228,0.9212996863503263,0.1615286965521932,20
476,0.9900140755058878,0.161747687076426,10
264,0.9219924111520222,0.16186741202589566,18
447,0.9523477535387959,0.16189645940419767,11
351,0.9535978492801775,0.1620087414457961,14
287,0.9554635749410196,0.16223172839608502,17
1070,1.0,0.16223776002942336,4
340,0.9771345114636546,0.16237709789035287,14
564,0.9082819255437519,0.1625184943823953,8
70,0.9594103866221382,0.16252126515970747,51
572,0.9529044014205502,0.1626017653854312,8
902,0.8941811226796181,0.1628016148121802,5
1302,0.9749361917786791,0.16281019212995138,3
269,0.87034599911882,0.16287754228530182,18
40,0.9578720180446658,0.16303132887691463,80
1048,0.955493854297299,0.1630835382110376,4
441,0.9674440102610434,0.16314418038322281,10
196,0.9153831258832557,0.16316174088799845,23
1003,0.9920185854005049,0.16335193537425774,4
1355,0.9801693919551969,0.16349927858800015,3
104,0.8915939764398639,0.1635133336295006,38
661,0.9855501053084009,0.163597530951917,7
224,0.9631472216762853,0.16367516450092784,20
561,0.9705185217584044,0.16388749299368427,8
118,0.9471591577138793,0.16414052819345165,36
1049,0.9405711337194018,0.1641738818754637,4
905,0.9708636238103491,0.16449519227213555,3
603,0.8711035528276249,0.16451075371327117,8
671,0.9577591314824649,0.16471468420707128,7
574,0.9164181823652289,0.16472119807965682,8
278,0.8995160012991483,0.16473785751033587,17
1054,0.9544448531548422,0.16479459059818916,4
279,0.9479095403125458,0.1649839813823781,17
586,0.942906799859265,0.1650933607355347,8
566,0.9454582392616202,0.1652053166296299,8
105,0.9349741248670089,0.1652141691779231,40
999,0.9596708728073766,0.16529724757071196,4
993,0.9599737727736275,0.16533081136909075,4
10,0.9461612242418193,0.16543795810848227,164
1074,0.9458716663871295,0.16559572883726065,4
247,0.899243296089537,0.16562480945618654,18
634,0.9669642511275509,0.16567794942260308,7
846,0.9640419723587328,0.16575208711440664,5
1056,0.9421583716291783,0.16585999136613377,4
503,0.9353015817026681,0.1659289128311664,9
862,0.9689789327339282,0.1663578364946989,5
97,0.9108181747479838,0.16664577959784804,41
1031,0.9391747985645716,0.1666915084683136,4
1046,0.9235291608551269,0.166731376598261,4
839,0.9662469616313171,0.16683460502013667,5
345,0.9433024133360223,0.16684212651554017,13
114,0.9489708899236854,0.1668717076341687,37
356,0.9052851797516083,0.16692161896656393,13
512,0.9368724311104659,0.16704521108253914,9
878,0.9377782423702469,0.16707300743810827,5
1061,0.9749205598043063,0.16711242445093946,4
871,0.9305120768999938,0.167206042745322,5
517,0.8346024049845282,0.16749229655784073,9
128,0.9670398624330113,0.16786446891977067,33
137,0.9671489279102204,0.16799506125271405,28
131,0.9513495840340128,0.1680769401913527,32
212,0.9468803789751289,0.16894223542284728,19
1010,0.9767891197772334,0.16923945364149584,4
453,0.9825693017565832,0.16943646493018058,8
881,0.9395768608043792,0.1695303274324088,5
323,0.9381288593997826,0.16962212273702795,14
457,0.9499710740280848,0.16973161788526364,10
891,0.9402528597926584,0.16986124354037552,5
242,0.936737059306918,0.170016612555462,18
188,0.8739369937085544,0.1700796656522813,39
366,0.972181330890673,0.1702138502958914,12
717,0.9701909832411104,0.1702250671115988,6
449,0.9396535680949789,0.17047791574365795,10
374,0.8891519539444314,0.1706267534193809,12
77,0.9626645289288036,0.17078252314525,46
348,0.948147626671205,0.17080473394538823,13
743,0.9258284298936726,0.17107419327897555,6
162,0.9598700056163812,0.17109081746810914,25
45,0.9301156141575502,0.17109595108952738,65
713,0.9726390006007742,0.17136267345440923,6
82,0.9163420338038109,0.17144453305027216,44
647,0.9371081147013425,0.17229431156522731,7
167,0.9670738030669281,0.17255703117180807,24
191,0.9174470144666447,0.17272596919584127,22
123,0.9374760771133778,0.17293664981756218,33
869,0.9721235863577622,0.17313183014350542,5
711,0.9610270997927904,0.1732214070597954,6
548,0.9254762437824322,0.1733446176512834,8
2158,0.9398738110063493,0.17337541639734347,1
327,0.9359112622263295,0.17342236980315728,13
710,0.9672776947732267,0.17345305298336808,6
369,0.9612991751424382,0.17348813368474378,12
179,0.8882717538942636,0.17373243851195108,21
238,0.9479621458419426,0.17388606118976865,17
72,0.9539222931628906,0.17406256451660268,46
744,0.9667269320465256,0.1741060562641452,6
204,0.910760314351942,0.1742481034487404,20
741,0.9658345977816535,0.17425224273112408,6
2256,0.9883980515509735,0.174396893744076,1
712,0.9617156248059159,0.17474421429261,6
236,0.9721728730868996,0.17478891444574776,17
537,0.9533504536181544,0.17505986779581006,8
635,0.9712117242907771,0.17510823598571829,7
1,0.982244179408548,0.17517626437875353,398
358,0.9092966504377227,0.17524438466796552,12
285,0.9330638569831383,0.17547221083025172,14
122,0.9589015090779981,0.17554070418801737,32
152,0.9361933805604412,0.1755481396420447,26
615,0.9568898930960436,0.1758603073755258,7
922,0.9168463716638487,0.17618516988269334,4
57,0.9522327126405358,0.17651908196561608,55
2049,0.8855358220484157,0.17664283954526608,1
534,0.9452996136899705,0.17664955911378877,8
121,0.9688316675740075,0.17666497328965763,32
30,0.871984468719772,0.17679610310194702,90
1584,0.8504296686716717,0.17685942227151957,2
1980,0.9191446828646676,0.17696091206333692,1
88,0.9270723038046821,0.177412056685991,38
1926,0.9270258898112588,0.17756070189576995,1
1539,0.9583548481193984,0.17771556047945566,2
336,0.930320406568444,0.17792713836936835,13
1438,0.8989568148572165,0.17794696218072015,2
157,0.9384345704886418,0.178487243526747,23
637,0.9509387192180819,0.17851595691466368,7
2382,0.8928235676077059,0.17856460559350426,1
1199,0.9208612757574404,0.1786485223740113,3
183,0.9392407308031893,0.17874015458122686,22
35,0.8956746587168354,0.17885108659335378,82
25,0.9466665919978158,0.1790043990676615,103
99,0.9735107522131611,0.1791026397020049,35
2322,0.8431832286425415,0.17911212377453997,1
2327,1.0,0.17911212377453997,1
2319,0.8431832286425415,0.17911212377453997,1
298,0.9615123458101833,0.1792527025035506,14
355,0.949059074805885,0.17944023090139824,12
2423,1.0,0.17952854474815363,1
944,0.9286604025808729,0.17966053075810223,4
458,0.9658446398634037,0.17983189393329102,8
386,0.9134699020651381,0.17990490617652985,11
913,0.9851523549820854,0.1802317106641218,4
2262,0.8627019021742355,0.18030596094605006,1
1441,0.9488028341803264,0.18032662431359697,2
181,0.9210476362975697,0.1803432561247502,22
1444,0.7920786530247849,0.180367736921972,2
41,1.0,0.18064192858661368,71
1131,0.8840174430808966,0.1807236221394152,3
372,0.9393197534281559,0.18077546319588497,11
589,0.9643472582037134,0.18093546393573642,7
333,0.9286416038013457,0.1810646543035938,13
50,0.9473565884960351,0.18133233720529823,59
93,0.9267498568909416,0.18133405093029775,39
1116,0.9130278434281975,0.1814052149971087,3
1436,0.8989738449295195,0.18159433862938273,2
506,0.8545629633828183,0.18162659885196022,8
2015,1.0,0.18185933008708247,1
2329,0.9508564264670335,0.18196205366202933,1
2348,0.8931373447528949,0.18229800708172816,1
2192,0.8976658119499679,0.18247998896764278,1
2307,1.0,0.18247998896764278,1
2211,0.8444056639518454,0.18247998896764278,1
2184,0.9395853906214336,0.1824963937908581,1
793,0.9634840092489653,0.18252727552748726,5
1575,0.962410433210727,0.18260431700626864,2
698,0.9517219407090186,0.1826429629497107,6
251,0.9521105290950307,0.18276638488181554,16
326,0.9677769867375674,0.18295139266952495,13
2436,0.9613178667289309,0.18296956492979885,1
1551,0.9860312602706717,0.1830279579394478,2
1552,0.9760646931952149,0.1833152624731399,2
1990,0.5958200940974735,0.1833300787162204,1
472,0.9597644624591902,0.18334400790998923,9
1086,0.9555484411814161,0.1833676046601885,3
1543,0.998035103548855,0.1834873855346771,2
1593,0.9907290408808642,0.18370673572029547,2
1093,0.968538274339035,0.18372565358007442,3
2233,0.9220818761785956,0.18375013145294936,1
1913,0.9790207142673375,0.18386196634008345,1
1995,0.9790207142673375,0.18386196634008345,1
1504,0.9604146093785664,0.1839442078534715,2
338,0.6144969827849128,0.18400188656222446,6
2076,0.9975484229582332,0.1840536958326864,1
1958,0.9975484229582332,0.1840536958326864,1
1972,0.9975484229582332,0.1840536958326864,1
1178,0.8624973637596699,0.18407372120106744,3
1200,1.0,0.1841541272529531,3
209,0.9529686312397931,0.1841999091502952,19
925,0.9561612742961559,0.18420771513124026,4
1966,0.9901716280623751,0.18420952725952963,1
2404,0.9650141569490839,0.18425072875756404,1
2006,0.665014156949084,0.18425072875756404,1
2220,1.0,0.18435417654709416,1
953,0.9342051710598612,0.1843603085542536,4
2075,1.0,0.18438744606266977,1
29,0.9551852976050434,0.1845094273263456,86
2131,0.9628806992845113,0.1845309799237782,1
1119,0.9266019899322453,0.18456644951161408,3
1514,0.937743360271814,0.1846163901689251,2
206,0.9225257181427318,0.18500267481360191,18
1455,0.7401310727673804,0.18501497734690325,2
504,0.9514458778097434,0.18514157324877117,8
677,0.9568680444175035,0.18517822645318108,6
1076,0.9430620187864778,0.1852664456802032,3
22,0.9387582580136398,0.18528113913880034,103
1124,0.9470167049328747,0.18534208378375772,3
773,0.9508470667241656,0.18535888296643183,5
52,0.9408249697110874,0.18536738727934593,57
2349,0.9985525100096736,0.18540778142748313,1
2246,0.9534048443650324,0.18548264888490082,1
2240,0.9534048443650324,0.18548264888490082,1
1578,0.945618206959382,0.18548597996285143,2
1454,0.9989190085292641,0.18550554895310964,2
2337,0.9555879327614004,0.18552665579559838,1
2016,0.978206511816945,0.18556293590941378,1
2070,0.621793488183055,0.18556293590941378,1
2021,1.0,0.18568092101007222,1
49,0.9408432130205422,0.18571495436717425,59
1153,0.7895572776301251,0.18579315933895488,3
135,0.9646300925524588,0.18581980843222765,28
1165,0.8709663096333562,0.18583236251028165,3
1518,0.8957739056717152,0.18585967685737032,2
405,0.9723293391366983,0.18586558226037808,10
2025,0.9506904827506893,0.1858893397551148,1
2052,0.9506904827506893,0.1858893397551148,1
1464,0.9218197040811472,0.18589294817016638,2
1470,0.978206511816945,0.18600611139695375,2
2424,1.0,0.18607880546499034,1
2379,0.6936294685782141,0.18620943610843443,1
1548,0.9536039310967553,0.18629726433118593,2
1598,1.0,0.18651229979466882,2
1439,0.9874206748371703,0.18651458547593328,2
1912,0.9723991980240493,0.18653124154734196,1
2203,1.0,0.18669819089692297,1
2275,0.853658067747987,0.18675980247774643,1
2243,0.946341932252013,0.18675980247774643,1
2284,0.9455806490767231,0.18675980247774643,1
2277,0.953658067747987,0.18675980247774643,1
2283,0.9963419322520131,0.18675980247774643,1
2288,1.0,0.18675980247774643,1
1160,0.9506584574843668,0.18681326987738314,3
981,0.9414614042512944,0.18682726891150186,4
1155,1.0,0.1868872910048982,3
2187,0.9466379200272594,0.18695282537955166,1
2365,0.9401380939378388,0.186966744951923,1
225,0.9353581410900604,0.18699397897645312,18
496,0.9661680730923682,0.18702351592750988,8
578,0.939137402919974,0.18702907586573556,7
1512,0.9858223690544365,0.1870547144932472,2
36,0.9310471805393183,0.18725893715642813,76
2214,1.0,0.18730696038525904,1
1118,0.9388466526201181,0.18735055956244007,3
508,0.9159963391254049,0.18740878216288218,8
2425,1.0,0.18742162293806006,1
2228,0.9762542031645907,0.18745536210213215,1
2200,0.9737457968354093,0.18745536210213215,1
17,0.9529625758124937,0.18749884588794377,108
2339,0.9791004551777158,0.18751057121910358,1
48,0.9382308838563952,0.1876008010203297,59
143,0.9564282070957347,0.18760593390451116,24
2116,0.9438004005101649,0.1876461767712322,1
2114,0.9938004005101648,0.1876461767712322,1
1564,0.9776006534152163,0.1877082432079838,2
1566,0.948437834837809,0.1877393320249671,2
1571,0.9324059564310428,0.1877393320249671,2
2239,0.9926405695694002,0.18775165160275634,1
2317,0.9768613851669262,0.18775165160275634,1
2028,0.9947263234863453,0.187805689947449,1
2022,0.9947263234863453,0.187805689947449,1
1982,0.9942824537195173,0.1878481461605275,1
1911,0.9537621146964858,0.18785735830228534,1
2264,0.9958416032513203,0.18794586633128632,1
1961,1.0,0.18794586633128632,1
598,0.9621788091619735,0.18803148204125905,7
1527,0.9914240815080402,0.18804580469900947,2
139,0.9630607381181849,0.18807188760505733,24
1533,0.9954638074418212,0.18812741983770379,2
1506,0.9698455066915674,0.18813915495759576,2
2236,0.9546226387637146,0.18816344773052215,1
2195,0.957316306360327,0.1881649939423069,1
1532,0.9523736555064211,0.18819870115028844,2
2326,0.9724746132719684,0.1882174783820175,1
1096,0.9459432399489306,0.18828242946711868,3
1399,0.9476963717465269,0.1883101807942868,2
2265,0.9674408239521062,0.188345619802179,1
2403,0.8685444900049767,0.18846688652553878,1
2003,0.9984791948497221,0.18847845288997778,1
1925,0.9984791948497221,0.18847845288997778,1
1983,0.9984791948497221,0.18847845288997778,1
2435,1.0,0.18860079912256109,1
1398,0.8702213271963612,0.1886173626202825,2
1576,0.9881114409899958,0.1887811819713406,2
7,0.9123999448371117,0.18881132790369073,195
942,0.9722552902370765,0.1888298841517074,4
1201,0.9972241836236952,0.1888613121191963,3
2024,1.0,0.18887069739294823,1
2017,0.9633194603037631,0.18887069739294823,1
2201,0.9552740800083815,0.18887069739294823,1
2002,0.9633194603037631,0.18887069739294823,1
1400,0.962885894889176,0.1890319554619663,2
1108,0.944339209199122,0.1890422970882755,3
15,0.9148478246489258,0.1892254577411778,123
2250,0.9817038668930924,0.18923224484842974,1
2190,0.9827189790542411,0.18923224484842974,1
2414,0.6047240882276429,0.18924721734574643,1
1463,0.9049067479522125,0.1892956049430523,2
2072,0.9478867680693357,0.1893142788944413,1
1558,0.9095155409132085,0.18933707156615534,2
1555,0.9421815861409862,0.18934928051072306,2
800,0.9491326280415079,0.18937173546253383,5
1102,0.9856989293247639,0.18944927558129723,3
1948,0.9906661686026491,0.18947131769932946,1
1599,1.0,0.18953429200089134,2
1407,1.0,0.18954060136796191,2
1055,0.9146426137571602,0.18954812550148778,3
2309,0.9691391774054927,0.18955940536019153,1
2162,0.9337659825616194,0.18966979732810657,1
2232,1.0,0.18966979732810657,1
2313,1.0,0.18966979732810657,1
1443,0.9640182443778734,0.18969432926383972,2
1486,0.9489094139942049,0.18970020384879435,2
2321,0.9881114409899958,0.18972654788695825,1
2353,0.9881114409899958,0.18972654788695825,1
2346,0.8618885590100042,0.18972654788695825,1
2306,0.9381114409899959,0.18972654788695825,1
2295,0.9381114409899959,0.18972654788695825,1
2291,0.9881114409899958,0.18972654788695825,1
2300,0.9881114409899958,0.18972654788695825,1
1122,0.968853612336369,0.18978948356743275,3
193,0.9277589811034874,0.18981236659031195,19
1161,0.9711222837227899,0.1898209578714698,3
339,0.9366058399001952,0.1898504726393311,12
2347,0.9886613574633479,0.18985442175985612,1
1592,0.9913195997557779,0.18986683174498784,2
2156,0.9907623714091557,0.18990844896974968,1
303,0.9502856766858355,0.1899737318629935,13
2074,0.9931710175266031,0.18997808853783912,1
2222,0.8225490137243876,0.19000503399038624,1
665,0.9564444760701707,0.19002018836942183,6
1594,0.9762157415470931,0.1900255259526404,2
676,0.973718570534362,0.19016042903213304,6
1460,0.9573101231685003,0.19016160547061917,2
2137,0.961740459017192,0.190446542523901,1
2120,0.988259540982808,0.190446542523901,1
1963,0.9803005326263208,0.190446542523901,1
2107,0.961740459017192,0.190446542523901,1
2160,0.988259540982808,0.190446542523901,1
1939,0.9803666195944962,0.19047501587068855,1
2018,1.0,0.19047501587068855,1
2323,0.9678147071245093,0.1905785887160194,1
2125,0.9437494229439719,0.1905925151625914,1
2161,0.972424301945191,0.1906264075194689,1
972,0.9955556069252889,0.19064097138387176,4
2242,0.9796407542904093,0.19073145973021674,1
1445,0.8871343359428068,0.1907652320151444,2
2080,0.9826916899718308,0.19087184402893054,1
1474,0.9582861043804954,0.1909256751220832,2
2385,0.9422547136631728,0.19103705952108146,1
1507,0.9511170388424112,0.19114664496080377,2
2051,0.9791829940431466,0.19114836820186432,1
976,0.8813332875278792,0.1911530132659367,4
1569,0.7329732305664101,0.19116567515712218,2
2366,0.9484545982610585,0.1912331562345528,1
62,0.9386179796806244,0.19139938367455414,42
2392,0.9626648045846228,0.19147286813422612,1
2376,0.9440358729959741,0.19159747358816315,1
102,0.9166503935808421,0.191640188194947,34
1581,0.8182391591408015,0.1917166611365374,2
184,0.9645924975277149,0.19177946535103832,20
2409,0.9100407671332226,0.1918192812167181,1
1481,0.9181266394953753,0.1918710761026351,2
81,0.9689510731555047,0.19188319652992578,39
2133,1.0,0.191885014131214,1
2186,0.9054824158892285,0.19189075424048593,1
329,0.9463541870103133,0.19190097940811732,12
268,1.0,0.19193205096265178,15
1466,0.9506964264583484,0.1919625379822944,2
132,0.950118230481372,0.19199316588746912,28
207,0.8989266830618673,0.19213010495959795,19
2026,0.9521538984451913,0.19225398224671947,1
2034,0.9867440668423719,0.19225983502817695,1
2042,0.9867440668423719,0.19225983502817695,1
2316,0.9906164882756044,0.1923392838379417,1
1521,0.9198981644632963,0.19249647511979168,2
2303,0.9375032304054591,0.19251539716791458,1
2039,0.9982857215713172,0.19254352473574435,1
2040,0.9982857215713172,0.19254352473574435,1
2341,0.9375045270599034,0.19256900185148396,1
678,0.9674616581825682,0.19259343632423087,6
1996,0.9818375822504639,0.19262944433511398,1
2294,1.0,0.1927395047373624,1
1446,0.9747244983175922,0.1927617337813613,2
2036,1.0,0.19281712750719088,1
1188,0.9531134463872959,0.19286240290766785,3
1496,0.909558971910822,0.19286665931018204,2
2154,0.8404677319678682,0.19286945164063712,1
1968,0.9734056738487622,0.19292185182552002,1
2400,0.9145693411514261,0.19305821064233153,1
12,0.9628742969068325,0.19309098215159481,128
2047,1.0,0.19331388391053148,1
2033,0.9766653543559872,0.19331388391053148,1
2073,0.9637348484925856,0.1933312015540266,1
2085,0.997930493650092,0.19337683855890742,1
2226,0.9688713533173077,0.19374302793748666,1
2165,0.9883324866448289,0.19376633350993663,1
2170,0.9383324866448288,0.19376633350993663,1
317,0.9443837702956719,0.19380467446987248,12
216,0.9498904426895028,0.19381074367293502,18
2259,0.5703641113043232,0.1938646048870612,1
1435,0.9854876243942631,0.1938723082583326,2
108,0.9570474812021706,0.19401230771930192,32
973,0.949687515295194,0.19403903902342218,4
2420,1.0,0.19411794070341132,1
2343,0.9843383974116352,0.19434994840392325,1
2063,0.9776245153626975,0.1943542626763872,1
2095,0.9776245153626975,0.1943542626763872,1
2345,0.9809813511267017,0.19441288115109454,1
1510,0.8906416105639654,0.1944194799235482,2
2359,0.871953229698744,0.19443439328747159,1
169,0.921679446519861,0.194898385173442,21
223,0.9479356843222742,0.19494532808101134,17
239,0.9202684791554495,0.1950968459164664,18
525,0.6835660666329595,0.19516286638771316,6
2130,0.9657156151347419,0.1952827159830835,1
2164,0.9657156151347419,0.1952827159830835,1
2110,0.9846197268207479,0.19535782395544818,1
2115,0.9846197268207479,0.19535782395544818,1
427,0.8792071460009393,0.19538570133384245,9
2044,0.9914908667666286,0.19541672469834023,1
1945,1.0,0.19542690229288986,1
1937,0.9811885489451764,0.19542690229288986,1
1944,0.9811885489451764,0.19542690229288986,1
380,0.9605609513727038,0.1955174189384054,10
2030,0.9748458917211615,0.1955719782266664,1
2035,1.0,0.19557448161659027,1
1940,0.9986457087835956,0.19557448161659027,1
1953,0.8986457087835956,0.19557448161659027,1
1934,1.0,0.19557448161659027,1
2023,1.0,0.19557448161659027,1
604,0.9929820258875104,0.19560749540168818,5
1467,0.9594541212031154,0.19578549088835642,2
2421,0.7947029795954621,0.195806578909553,1
306,0.9442051148476998,0.195879747065701,13
2020,0.9774617223565927,0.1959295547839553,1
511,0.9872611537720031,0.19612774776481764,6
1991,0.9546561611123718,0.19617165394518415,1
2062,0.9529179057184065,0.19644293176021,1
2057,0.9970820942815936,0.19644293176021,1
2058,0.9970820942815936,0.19644293176021,1
2055,0.9970820942815936,0.19644293176021,1
2056,0.9970820942815936,0.19644293176021,1
2059,0.9970820942815936,0.19644293176021,1
2061,0.9970820942815936,0.19644293176021,1
2060,0.9529179057184065,0.19644293176021,1
2113,0.9875881321893768,0.19644883588173284,1
1952,0.9375881321893768,0.19644883588173284,1
2282,0.9375881321893768,0.19644883588173284,1
2249,0.8375881321893768,0.19644883588173284,1
2296,1.0,0.19644883588173284,1
2227,0.8375881321893768,0.19644883588173284,1
2260,0.9875881321893768,0.19644883588173284,1
2367,1.0,0.19644883588173284,1
392,0.9627180764768901,0.19645673540180034,10
233,0.9198822584854662,0.19649766513555955,16
575,0.9627176236787515,0.19657144314263444,7
2221,1.0,0.19707256490755543,1
324,0.9778724080829014,0.1972914175671913,12
728,0.9414368641158788,0.197936093094784,5
410,0.9225795693949745,0.19830782822857,9
286,0.8433108395550073,0.19850442636742477,13
250,0.9344479470024019,0.19853184554423015,15
293,0.9473005817754017,0.19905503266322927,13
262,0.9283034653517216,0.19913200724022204,15
64,0.9626260690327532,0.19920337769224128,44
274,0.9079828411928512,0.1993013868248046,14
27,0.9485826697468631,0.19933891963134928,88
552,0.9270684299886591,0.1993807459353166,7
642,0.8677382359132283,0.1995410593509415,6
107,0.9291409637945397,0.1996459696074831,32
640,0.9477052345815156,0.20016249871823447,6
98,0.9563872442912404,0.20033255120113327,34
158,0.9136046515529945,0.20083750685929008,23
638,0.9042692573784255,0.20094938528340112,6
621,0.9386612121674743,0.20135922023957917,6
546,0.875404657553494,0.20189958476198175,7
248,0.9480975958624697,0.2019741211334355,15
311,0.9577121452601784,0.20275703199769193,12
352,0.8700716061751854,0.20280060494559835,11
16,0.9423922644488992,0.2030416103005558,110
61,0.9561657811689275,0.20309080347788297,42
53,0.8922137270598857,0.20355440893161705,38
740,0.8620603290546899,0.20362306089754623,5
734,0.9647528321417458,0.20405040556183868,5
110,0.947797026800782,0.20414608457325664,31
194,0.9420533690759618,0.2042498237210952,18
544,0.9111466937686165,0.20489623169396318,7
730,0.9118028156326647,0.20504133009755293,5
1023,0.9059919813456665,0.20520430479674726,3
151,0.9457056975153639,0.2052494540397777,20
257,0.9301624337095011,0.20526835580571795,14
66,0.9618704556926181,0.20530236924326334,42
359,0.98221465880112,0.20583581143681295,11
845,0.9440398465831364,0.20604303103223742,4
19,0.9233353348589652,0.20615513998978444,97
368,0.9412769614214973,0.20620502625468867,10
620,0.9458013204661876,0.20629621680313878,6
229,0.9467401417077057,0.2064979218127171,16
198,0.9347641268974364,0.20672415994548118,18
13,0.9337990123897414,0.2073161354959739,119
761,0.9777909309391994,0.20776074070879771,5
1143,0.9871058650232848,0.2078435383974891,2
893,0.9310129099845419,0.2079120262302856,4
727,0.9249304799903008,0.20804386612904816,5
291,0.941924043300381,0.20825506287815723,13
170,0.9397293316571321,0.20831679349735938,19
864,0.9638079541630378,0.20877425152137274,4
616,0.9773316611272976,0.2089242614073754,6
733,0.9618946297029657,0.20899918028916598,5
875,0.9195973342059333,0.2091715539781416,4
455,0.9314453301175607,0.20924077702276328,8
34,0.9462360867293214,0.20944817645528582,70
76,0.9668067433950652,0.20945859680029688,30
884,0.9502351158791424,0.20979659873329845,4
231,0.9231312407487928,0.21013889083079534,15
275,0.9431912583875196,0.21037858676553295,13
721,0.9456609219891181,0.21040774502814902,5
316,0.9359182504296997,0.21073618699400615,10
888,0.8535247030032884,0.2110868294145205,4
858,0.9901061731303396,0.21139658044879572,4
849,0.9489505544370906,0.21141685594009232,4
192,0.9586126717895413,0.21156784105430174,18
500,0.9288511583500675,0.21213539816925772,7
480,0.9577401368937507,0.21220987752738504,7
595,0.9867129849633118,0.2123566530743694,5
100,0.8899440963699666,0.21265473158216552,30
24,0.9215542322875341,0.21269164076336072,87
21,0.9349029237230138,0.21272211223964008,91
987,0.9348340772672878,0.21290921713612765,3
998,0.9862427512709773,0.21310582867133074,3
437,0.9509141188522472,0.21329825575210354,8
844,0.9670078911295859,0.21350374398537486,4
438,0.9618635848620283,0.21358110847463882,8
1062,0.8009045602808431,0.21365964805046522,3
31,0.9212194800737824,0.2138518835653513,72
995,0.925564589370706,0.2141924598049442,3
991,0.959839444352053,0.21534767043549596,3
528,0.89828391390411,0.21657245154711235,7
1027,0.9034846497931498,0.21682457576422257,3
344,0.8300834490940558,0.21697219580878827,9
565,0.9667206123660128,0.21698923053160857,6
342,0.977083623491645,0.2170182664667429,9
361,0.9373764106737834,0.2170261384129558,10
667,0.9720672306483887,0.21762237984648897,5
1071,0.9605403631891684,0.2180707888403383,3
1036,0.9339860140280921,0.21818511759155676,3
126,0.9136356077105371,0.21854191823827157,25
1052,0.8882471009283408,0.2188577325611963,3
381,0.7922662874446899,0.2191529317399561,9
171,0.9750055066954113,0.2192972058047727,18
300,0.9665694196251021,0.21938251155453134,11
658,0.9062465208080526,0.2195910199904046,5
32,0.9348337247591664,0.21972381212432254,71
562,0.9318542985133442,0.21995204963078144,6
1006,0.9238577181233553,0.2199768575609442,3
996,0.972572560914972,0.22020135840333108,3
1026,0.8668770819867657,0.22025237798730143,3
80,0.9269601095820097,0.22030956420517492,34
227,0.9131558783717024,0.22046201417811412,15
1014,0.9586027050844682,0.22062828642863916,3
159,0.84681394882603,0.2209048796714643,24
489,0.9397715490934824,0.22092139401822444,7
497,0.9637489156106557,0.22108800985646854,7
302,0.9029373832095635,0.22114069696194436,11
187,0.9583210493575348,0.2216128890781224,15
648,0.9723693292840828,0.22177581721047834,4
532,0.9409913148129772,0.22183829126889287,6
1007,0.9207596621839343,0.221852592802582,3
1301,0.9573594304305998,0.2223321252103657,2
308,0.9594211758321654,0.22321111068660154,11
119,0.899127804796488,0.2232124264484922,25
201,0.8903234719912096,0.22325487764185523,16
120,0.9358097523190794,0.22339280685606402,26
3,0.9486327394342168,0.2237771180200083,251
265,0.8659734151401286,0.2243581250296723,13
636,0.9744872409722478,0.2247882117378539,4
479,0.9003834234974847,0.22489820047349848,7
46,0.9625769858388634,0.22499353918908166,50
1002,0.9567960195450135,0.22502262697583583,3
1373,0.9315154003709021,0.22514108887059162,2
68,0.9015298047314164,0.22540380434847085,35
1072,0.8624748863789429,0.22545353649169875,3
138,0.9515416941760809,0.2256998796676662,22
1225,0.8849858430509161,0.2259806049479251,2
1323,0.9358236783837874,0.22607107778847071,2
232,0.9059725017735449,0.2264708206848091,14
9,0.9322464344218547,0.22713648293245062,133
770,0.951454669939951,0.2273046167553902,4
1219,0.9757599214986157,0.2276517629896489,2
1341,1.0,0.2277425123135168,2
230,0.9669549261434254,0.2278641868165022,14
63,0.9053601449515101,0.22793747945865667,38
818,0.9301653560798286,0.228097998709414,4
1268,0.9527909753593795,0.22824247928210767,2
1220,0.9785627687710867,0.22849950486441875,2
1260,0.8938448602468034,0.22860912078230927,2
786,0.9729696093142832,0.2291680464459569,4
1247,0.7232461534107867,0.22928800954397932,2
215,0.9143102353831811,0.22941840708111644,15
772,0.9531255482243786,0.2294780223441473,4
165,0.9262051257121263,0.22983259975944412,18
44,0.9399215091965846,0.23032584004565834,49
771,0.9668258076874331,0.23098785932813173,4
1377,0.9194690184028148,0.23105823657181557,2
1311,0.9858223690544365,0.23111530575423336,2
310,0.9363126935619458,0.23163993602686742,11
367,0.9327246328354444,0.2316955471686008,9
1244,0.9402842228343922,0.2319409009829654,2
1364,0.9746595250013396,0.2322031964263972,2
38,0.948348986640251,0.23246803487676135,59
111,0.9283464718161358,0.2329438710044706,26
1397,1.0,0.23394622710603746,2
515,0.9156074514692406,0.23426302348601105,6
468,0.9326800344781806,0.23465223204416605,6
270,0.9467155627978766,0.23471856376482667,12
8,0.931524464820009,0.23491515520214,134
783,0.9066821280809667,0.2351343820994483,4
779,0.9385906749976207,0.23525349975445625,4
385,0.8846349668191539,0.23538864012676303,8
1233,0.9447349072353151,0.23565964241482923,2
1239,0.946440069593036,0.23578224158575628,2
1259,0.95129123029432,0.23586051233037453,2
1230,0.9365756433144091,0.23594947176693698,2
555,0.9421195724644892,0.23599104947602176,6
821,0.8760649441205106,0.23617755751678463,4
1350,0.9275253867280316,0.23636119322742943,2
685,0.9395470716708396,0.2371381268253341,4
1362,0.9307790094128394,0.23715568137433088,2
189,0.9582819248736085,0.23748181599918664,16
1354,0.9636434967544207,0.2376916703554677,2
1240,0.967879658231517,0.23810437630686035,2
101,0.9555338206599053,0.23834438148095685,26
1300,0.9205491191611701,0.23868603794723225,2
127,1.0,0.23912442294817388,23
1294,0.9116826386256327,0.23937224361532794,2
1262,0.8521538984451912,0.23941354516474486,2
434,0.9790328945465636,0.23968749543367465,7
1357,0.9472957388522218,0.23970564552132373,2
957,0.9328043024414396,0.2403760106759754,3
14,0.9422971811107245,0.2410753277120173,97
312,0.9205475271349876,0.2413227525852259,10
607,0.9675549696914854,0.2415414610547252,5
436,0.8750142257632767,0.2417190455638347,7
959,0.9480262251274885,0.24182270616638743,3
952,0.9651925489682461,0.2419091623951961,3
430,0.7593547406775959,0.24224537563037365,6
1392,0.9672552810972422,0.24261560262470458,2
313,0.9241594473187629,0.2427384200213704,10
1315,0.8644258849765603,0.24274701932840642,2
579,0.9192999908226179,0.24301545619854545,5
254,0.9235881338331112,0.2433261315214866,12
39,0.9278146795462779,0.24358697636611004,53
908,0.9579940224377317,0.24375716775156456,3
1121,0.9707109314309839,0.24416632677842842,2
921,0.9447448309924732,0.24431450834634308,3
520,0.936830543077451,0.24455866659627332,6
956,0.8947404131296207,0.24456729812302225,3
626,0.9622259301789776,0.24475029673048612,5
919,1.0,0.24537779936913684,3
910,0.9696039378278656,0.24597848667958103,3
608,0.8823374693206902,0.24618363484797215,5
208,0.9233658702209862,0.24657924197502581,15
651,0.8976427237411023,0.24675716991946217,5
569,0.8968075964600131,0.24767917313056179,5
630,0.9285547311776452,0.2483063748526349,5
86,0.9332278912755093,0.248456750936455,29
927,0.9284046050549107,0.24891518049514608,3
513,0.9794053340985494,0.24904414402710892,6
750,0.8698312751396635,0.249071196051391,4
521,0.9458706617449357,0.2491625698023333,6
477,0.9428711693149553,0.24963378138035588,6
246,0.907138140795735,0.24987244692333058,11
924,1.0,0.2501001309925082,3
234,0.870292680532309,0.2507090013034493,12
47,0.9043089089810938,0.2516660876540116,44
5,0.8662415661811308,0.2517739969874871,146
965,0.982232782880225,0.25216149175537,3
18,0.9372768105106325,0.2525084063291813,78
916,0.9466252930457134,0.25317087875789634,3
488,0.978438599267806,0.25337533779134014,6
758,0.8977746040082464,0.2535706158711668,4
59,0.9253991162929566,0.2541574268393968,35
501,0.9233843064985578,0.2544957002681359,6
923,0.9942585002636511,0.25476413985049856,3
753,0.7985468973057328,0.254881349754998,4
6,0.9410873919098249,0.25505077345606336,139
168,0.918958963305192,0.255060196762923,16
947,0.9531320375972442,0.255151396109618,3
539,0.9758258742089464,0.2555275624365454,5
423,0.9589381254219084,0.2556796037259768,7
1845,0.9044568323070539,0.2557959086906268,1
235,0.8909301505685809,0.25612017869691206,12
971,0.7304217251770571,0.25633617023137995,3
571,0.95281227515092,0.2568757708474401,5
335,0.8517195364313014,0.25712882221847866,9
499,0.9891658870601134,0.25889514458957374,5
407,1.0,0.2590100275301674,7
1872,0.9758869984937435,0.2598724697900904,1
601,0.8972135721149144,0.2602285720263345,5
719,0.956185286471393,0.2604076934898817,4
475,0.8848045603062934,0.2617106342706648,6
551,0.8896825011385602,0.26197586105439646,5
1141,0.9105093483190775,0.2625940599984538,2
594,0.8999675637745669,0.2643928204650537,5
1670,0.8355358220484157,0.2649642593178991,1
1672,0.8355358220484157,0.2649642593178991,1
1681,0.5355358220484157,0.2649642593178991,1
1650,0.8355358220484157,0.2649642593178991,1
1663,0.8355358220484157,0.2649642593178991,1
1114,0.9016150710558986,0.26517737468141245,2
267,0.8994893319497634,0.2657703944581493,11
1125,0.8747210983396816,0.2659105886036466,2
54,0.8987046470209066,0.2660362622793606,38
1604,1.0,0.26648152616809245,1
1204,1.0,0.2676130223586908,2
1189,0.9508482442774403,0.26854145983127037,2
1177,0.8967731621914459,0.2690975863579227,2
1902,0.9297018262482657,0.2692512067184423,1
699,0.9190494068268016,0.26952170024408845,4
297,0.913067701010301,0.2697486837257481,9
1614,0.9948297611286683,0.2698768841378011,1
1608,1.0,0.2698768841378011,1
1609,1.0,0.2698768841378011,1
887,0.9243920901759181,0.2698810591250714,3
1699,0.9624491002367492,0.2701150270484848,1
440,0.865892232273078,0.27052500418366415,6
1080,0.9037621146964857,0.2718617430237389,2
1081,0.9867027188196047,0.27187481183275586,2
1899,1.0,0.2721074924432357,1
1858,1.0,0.272141442238955,1
583,0.9600581899516919,0.272175775526203,4
1079,0.9976365618532562,0.27249903640473017,2
1706,0.9333228897989241,0.2732454524244131,1
4,0.9443534869699256,0.27336107939247367,201
872,0.8282351415116973,0.27339047638095504,3
481,0.967460021171238,0.27361227827465145,5
1723,1.0,0.2736607554134206,1
1169,0.9392862672554221,0.2737089661269783,2
1782,0.9444056639518453,0.27371998345146414,1
1768,0.9444056639518453,0.27371998345146414,1
1773,0.9604146093785664,0.27374459068628715,1
1082,0.7462378853035143,0.27384660190967675,2
1823,0.8827699561387595,0.2741908917912746,1
1806,0.7190964212035149,0.2743019711631204,1
1085,0.9474025273770059,0.2743532714550082,2
1894,0.9670191360836329,0.27445434739469826,1
1142,0.8607064426656439,0.2745054281530713,2
892,0.850432882605453,0.2748266376353632,3
709,0.9722620803981812,0.27495352624318636,3
1158,0.8268427647327012,0.2751654885667305,2
1163,0.8663323313348701,0.2751972976903904,2
673,0.9423539649057778,0.2756953288501709,4
847,0.9522835507422782,0.2759975476039709,3
1645,0.9475484229582332,0.27608054374902957,1
1668,0.997449192586721,0.27650383395582995,1
1682,1.0,0.27650383395582995,1
1763,1.0,0.2765312648206412,1
1850,0.6389177992355477,0.2770338645477896,1
400,0.82420326224302,0.2771270683996475,7
349,0.9122057543090073,0.2774700182275543,8
448,0.9461998458070213,0.27760815102821346,6
134,0.9234462152434004,0.2778355984710953,18
1637,1.0,0.27786886159086704,1
1112,0.8029519379698956,0.2781498769439759,2
1892,0.9923850992519007,0.2781943133579833,1
543,0.8967317103839445,0.2782184522145358,5
1168,0.8954780827868758,0.2785262433336955,2
301,0.9065473663139276,0.27863799392538047,9
898,0.8885147630297112,0.27902697281964,3
1829,1.0,0.2795091095593139,1
538,0.97644802549759,0.2796258974648559,4
1725,1.0,0.27967393032674054,1
1196,0.9911961153411921,0.2799258893869346,2
1810,0.946341932252013,0.2801397037166196,1
1817,0.953658067747987,0.2801397037166196,1
390,0.9180243005998859,0.2806493116093382,7
1207,0.9600290938008713,0.2807360146873295,2
144,0.9270003063113194,0.2807415711605206,17
112,0.9023168352173838,0.2810864441754773,21
1800,0.9762542031645907,0.2811830431531982,1
1170,0.853892007398429,0.28164032331232297,2
1674,0.9330935926498701,0.2817085349211735,1
1110,1.0,0.28181330797757914,2
1729,0.9651629200228292,0.2819764527590255,1
1208,0.9827978644186304,0.28221030782930434,2
1791,0.9722263330070456,0.2824485874367102,1
1664,0.9515208051502779,0.2827176793349666,1
1091,0.9691006724232574,0.2830118627121945,2
1113,0.9974778066692612,0.28309685242980914,2
1181,0.9080135703077198,0.28315052898103055,2
1602,0.9633194603037631,0.28330604608942234,1
1678,0.9633194603037631,0.28330604608942234,1
200,0.9641179846215359,0.28334156763791557,12
1174,0.8567046820801411,0.28334172683345693,2
1109,0.9489323003056461,0.28401528517396435,2
1722,0.9344711177114237,0.28406411369244494,1
1617,0.9344711177114237,0.28406411369244494,1
1712,0.5844711177114237,0.28406411369244494,1
1756,1.0,0.2842069765489942,1
1707,1.0,0.28444428800182664,1
1172,0.958077418671264,0.28445639973424575,2
1849,0.8618885590100042,0.28458982183043735,1
1824,1.0,0.28458982183043735,1
1818,0.9618885590100041,0.28458982183043735,1
1631,0.9448501019243972,0.2846728241983626,1
218,0.9273143778611057,0.28477019850380136,12
322,0.9208154303524485,0.2854207270563433,8
1719,0.988259540982808,0.2856698137858515,1
1135,1.0,0.2857530732195431,2
1735,0.9437494229439719,0.2858887727438871,1
426,0.8394864515753677,0.2867766215935298,6
1743,0.8667189561967128,0.28711424436085214,1
895,0.9103164393815772,0.28727300921944693,3
220,0.9319965350440903,0.2879588159366972,12
334,0.8321050317670369,0.28868710843840256,8
1827,0.9589705094656861,0.2887730957518718,1
1801,0.8624967695945408,0.2887730957518718,1
263,0.9803782653264095,0.2888129643598524,10
56,0.9276332789774332,0.2888241344771991,33
1898,1.0,0.2888970289249505,1
91,0.8872520032575938,0.2892084628904785,24
606,0.9914056551406206,0.2893188699765714,4
1745,0.9273094225436497,0.28932197445786845,1
28,0.9390284498205259,0.2894526469726904,54
1799,0.970954581197598,0.2895577646913429,1
1747,1.0,0.2900892753382972,1
1643,1.0,0.2902887362486304,1
1739,0.9021511084063826,0.29038450385870535,1
856,0.9980019714131374,0.2905346846306934,3
1852,0.9188713533173076,0.29061454190623,1
343,0.980858269727321,0.29068767777525634,7
1687,0.9813259059519711,0.29148949263530805,1
1677,0.9450802145160665,0.292115571160294,1
23,0.9392867915114504,0.29247577060702856,65
1639,0.9763133259550316,0.2927477622627888,1
210,0.9311264795871057,0.29322457719594225,12
1897,0.9538803703543989,0.2933372792819249,1
282,0.9006157330506133,0.29402227401390224,9
420,0.8866805396962368,0.2944703559465343,6
1901,0.7875881321893767,0.29467325382259923,1
590,0.8439601770258619,0.2961473519188236,4
653,1.0,0.2965487979151139,4
1907,0.6294475722947869,0.296749766117792,1
502,0.8718283392459139,0.29685042093139025,5
55,0.9217708827353741,0.2970569996184347,34
624,0.9954154238736048,0.29713818959567473,4
37,0.887803509478533,0.29742608480843047,46
283,0.9294466987742127,0.29861903449862137,9
646,0.8985275694530268,0.2996295863267034,4
1870,1.0,0.3,1
816,1.0,0.3038606863123918,3
74,0.9333349454787371,0.30747830789656344,24
554,0.8357084204599718,0.3077362825313314,4
802,0.9745079782708137,0.30786599595895775,3
767,1.0,0.3079949719668101,3
495,0.9200819062510897,0.31035684487246495,5
1013,0.9557294647007907,0.31085968448898355,2
464,0.962990096416531,0.31123841897730486,5
273,0.9594667021356188,0.3117884282054619,9
307,0.9101506809435231,0.31521024452412566,7
628,0.7091576111647611,0.31579912929521403,3
129,0.8995896137926206,0.31624903011554983,17
1067,0.7632209366531537,0.3163253478538228,2
688,0.8548068838089293,0.316755022642918,5
781,0.9669363460816648,0.31688981422628,3
989,0.9684843355615427,0.31777048504008304,2
576,0.8335008783106014,0.3188169822420339,4
584,0.8621042243584883,0.3198938631396348,4
60,0.9124819689563061,0.32082921875713266,28
486,0.9228245878920173,0.3221191147834882,5
644,0.9665688130944167,0.3221942899311551,3
997,0.9204895817498555,0.3233684706546881,2
445,0.9119815991902486,0.3253714113990248,5
1047,0.7881943997704841,0.3265749260591594,2
1037,0.8125217474160285,0.32689860851856145,2
763,0.961910547721422,0.3273746065636047,3
1017,0.9862839110905466,0.32769874359372375,2
1057,0.8915598613880932,0.3279462148149369,2
1075,1.0,0.32950389114867523,2
2,0.9212536437877579,0.33002831389816784,205
1015,0.965188938631486,0.33010516131988155,2
1050,0.8826260307477134,0.33052584997683704,2
1044,0.9778583920389479,0.3320766809830717,2
446,0.8735841622907236,0.3324373634277637,5
1073,0.9683517285340564,0.3330384412453451,2
1058,0.9068379923676921,0.33512201326693464,2
1000,0.9809813511267017,0.3383286562613118,2
463,0.911406050171141,0.3389917876687969,5
240,0.9095029059260996,0.34008519792960884,9
195,0.8895602346201683,0.34068606699389054,11
737,0.9813095427271848,0.3409723424383026,3
749,0.8239979770648087,0.3426975020873689,3
742,0.9452067950728635,0.34297614588135095,3
745,0.8682520010925532,0.34602707674024363,3
736,0.8878196136284445,0.346440825101128,3
429,0.78016845142344,0.3511969201626801,5
428,0.7586517391931723,0.35159972049048405,5
180,0.9309830401104364,0.35365347766225175,11
692,0.807411855567457,0.35398938956299436,3
470,0.9653419289673876,0.3582110654521924,4
276,0.9255604725107189,0.35830966548615617,7
1416,0.8962378853035142,0.35983584551706815,1
1411,1.0,0.35983584551706815,1
1403,1.0,0.35983584551706815,1
1406,1.0,0.35983584551706815,1
1412,1.0,0.35983584551706815,1
1418,1.0,0.35983584551706815,1
1414,1.0,0.35983584551706815,1
1422,0.9462378853035143,0.35983584551706815,1
1410,1.0,0.35983584551706815,1
1408,1.0,0.35983584551706815,1
930,0.9978215989189732,0.36087784213941015,2
20,0.8769710615488439,0.3617403867375352,53
71,0.9414952914556504,0.3629194362110101,22
1499,1.0,0.36495997793528556,1
1515,1.0,0.3657359615508272,1
1572,0.8159633207468182,0.3661014085176979,1
1452,0.6284839971269718,0.3662238201859967,1
1434,0.8458200940974735,0.3666601574324408,1
659,0.9604486801489975,0.37028207647022154,3
1567,0.8944120672385996,0.37105331159119675,1
1585,0.984400362441972,0.3725009340364486,1
691,0.964048788962966,0.3726158527337125,3
674,0.8767785805278403,0.37284176132967867,3
1534,0.903658067747987,0.37351960495549286,1
1529,0.903658067747987,0.37351960495549286,1
1447,1.0,0.375696292321055,1
1429,0.9848370799771708,0.3759686036787007,1
1587,1.0,0.3759753685171654,1
929,0.9069791616186379,0.37620549834772177,2
1546,0.9573377234470993,0.376434956764035,1
679,0.8296321411447577,0.3764954415192687,3
533,0.9851508939684718,0.3766971588710586,3
936,0.9691321537094526,0.37726224453582513,2
147,0.8495223258175171,0.37775647304520715,11
1469,0.9740271377661576,0.3790784167805419,1
1595,1.0,0.37916381612479083,1
1547,0.9118885590100041,0.3794530957739165,1
1545,0.7118885590100041,0.3794530957739165,1
94,0.9686642583905867,0.3799147660223487,18
1480,0.838259540982808,0.380893085047802,1
1426,0.901378515998846,0.38308485810417975,1
1503,0.8054824158892285,0.38378150848097187,1
394,0.869664529211223,0.38634285653521644,5
1565,0.8544364808855803,0.3913754397072699,1
378,0.9472458773356274,0.39205024586366305,5
1583,0.8375881321893768,0.3928976717634657,1
1520,0.9480889251861213,0.3928976717634657,1
1563,0.9118589866709688,0.39323573595699335,1
582,1.0,0.3941565078950495,3
760,1.0,0.39493717104094,2
726,0.6485928840760207,0.3959352322091888,2
723,0.8862385452491024,0.39677387771853884,2
221,0.8885514225006805,0.398936596074285,8
1591,1.0,0.4,1
527,0.8937425820337651,0.4008593373433433,3
631,1.0,0.4067558577187656,3
633,0.7955777415276106,0.4072679835966067,3
899,0.7139687397293283,0.4105723678673757,2
1384,1.0,0.4116672462612758,1
843,1.0,0.4127547617504529,2
573,0.867186518422637,0.41371785336246897,3
867,0.8358390604904816,0.41916923680678775,2
186,0.9367474507270288,0.4200581876017427,9
860,0.8413698326158614,0.42186759435018323,2
421,0.8295885613057813,0.4225940873531232,4
354,0.8455601092075469,0.4247195728027595,5
577,0.8788284302106181,0.4308915521440508,3
868,0.9312523350914075,0.4311992751160559,2
325,0.938974072838305,0.43271453038105195,5
731,0.7246399889425443,0.43360438763075554,2
415,0.9072104602864908,0.4368197525071616,4
852,0.8058806559223148,0.4392191337433284,2
581,0.8415784522143805,0.4398416228503139,3
1246,0.8560126439608626,0.4416070988631652,1
567,0.9230097180353454,0.44260749023676027,3
377,0.8130424752307609,0.4433555515442101,4
1344,0.9494682980371425,0.4442757112503182,1
559,0.9457535295462078,0.44926745769005644,3
1228,0.9081245150577749,0.44979480689633516,1
1211,1.0,0.44979480689633516,1
1215,1.0,0.44979480689633516,1
1227,0.7665529110604288,0.44979480689633516,1
1217,1.0,0.44979480689633516,1
1223,1.0,0.44979480689633516,1
1231,1.0,0.44979480689633516,1
1216,0.9581245150577749,0.44979480689633516,1
1213,1.0,0.44979480689633516,1
1266,0.8970111370069511,0.45030786652574334,1
363,0.8672528558862683,0.457095287850497,4
1245,0.847449192586721,0.46083972325971656,1
1319,1.0,0.46088544136773535,1
560,1.0,0.461859553742352,3
1299,0.8087048795220956,0.4628901141414673,1
1391,1.0,0.46519701366247584,1
809,0.8896111293049378,0.4662405788942626,2
1263,0.9037391539482817,0.46666747273936426,1
1394,1.0,0.46689950619436604,1
1334,0.8434969894882265,0.4676790705449835,1
1296,1.0,0.4679591252146357,1
1303,0.605368093497003,0.4679591252146357,1
1306,0.7762542031645907,0.46863840525533035,1
1395,1.0,0.4705436959550437,1
1371,0.8775253867280317,0.4705436959550437,1
1265,0.8888040755141067,0.4730999229030962,1
1338,0.8618885590100042,0.4743163697173956,1
1229,0.8202087198122804,0.47580406667345215,1
1281,0.87843788542372,0.4764061375753508,1
1369,0.958566877458866,0.47694895064666826,1
1330,0.8687409079995934,0.4791409624365352,1
1312,0.7554824158892285,0.4797268856012148,1
1242,1.0,0.48093522784640846,1
1238,0.8315720901916114,0.4837220051306574,1
1275,0.9386311222679126,0.4845660768555159,1
1345,1.0,0.4846691235022858,1
1291,0.5528909217744029,0.48665304208304905,1
524,0.6340343044078851,0.48720659091907154,3
160,0.8526530289691288,0.49108633538589214,9
1316,0.8375881321893768,0.4911220897043321,1
1329,0.9134493042592807,0.4926814122688885,1
387,0.788027055442554,0.4932223124894682,4
1253,0.824624074931418,0.4933711727821986,1
724,1.0,0.49454809454157755,2
510,0.9540016705275975,0.4960070919773248,3
1389,1.0,0.5,1
755,0.7354406985643777,0.5044164566238639,2
764,1.0,0.509117319677483,2
471,0.9849858430509161,0.5094956680683301,3
722,0.7829830779658986,0.5110560988248489,2
294,1.0,0.5144661389362007,5
811,0.41107626131412567,0.5195011563836098,1
765,0.9936184097225947,0.5202516582298714,2
714,0.792379951716729,0.5225123758700972,2
746,0.9848833258978695,0.5229906787612258,2
756,0.9032033572605482,0.5264383654970068,2
364,0.8702009532323973,0.5301744931935117,4
465,0.9362518389630047,0.5338374005343738,3
1097,1.0,0.5397537682756022,1
1092,1.0,0.5397537682756022,1
1183,0.9632191827485035,0.5419220143556776,1
662,0.8564995448137817,0.5462913123196543,2
450,0.7041025359280114,0.547021068253381,3
1151,0.5944056639518454,0.5474399669029283,1
213,0.8349100812152062,0.5510496188098847,6
271,0.7439442923511028,0.5544696627946512,5
1193,0.9085180699681238,0.5562001837869806,1
1203,1.0,0.5687457241871862,1
1206,1.0,0.5687457241871862,1
618,0.6983869388592694,0.5853716206209701,2
425,0.7622994527063881,0.5868893334041415,3
399,0.7251127098486767,0.5907640020907752,3
1126,0.8804389210697051,0.5986929593516617,1
600,0.7606628594333679,0.6041591031789376,2
243,0.8543658420847584,0.6065784752933812,5
652,0.8669187002671869,0.6109391179717694,2
1042,0.8308701933687677,0.6138797430838681,1
388,0.8808498028978675,0.6175401189982179,3
1019,1.0,0.6214624566351947,1
1005,0.7458200940974735,0.6416552755067713,1
790,0.6979676161045945,0.6485928840737873,1
1069,0.7628499398338331,0.6587611743370612,1
556,0.6893115653901103,0.675665829377812,2
963,0.9388782365226036,0.6796178606532518,1
819,0.5975814331938566,0.6835660666318261,1
1028,1.0,0.6875709255860649,1
789,0.657899564647607,0.7091576131877122,1
261,0.6890747682124156,0.7196587742984626,4
977,1.0,0.7457971475379749,1
932,0.9219372303143777,0.7500761830308578,1
948,0.718569063412667,0.7516376573383209,1
968,0.781459718105505,0.7531962331645606,1
970,1.0,0.756928979393719,1
831,0.6211226878151868,0.7593547406774186,1
985,0.7556192094886525,0.7703920771332015,1
928,1.0,0.7735490768653908,1
950,0.5847182324650904,0.7860554414057761,1
978,0.69746858552047,0.8,1
901,1.0,0.8081739692050431,1
907,1.0,0.8111106081494645,1
461,0.5887060283429955,0.8183772611215723,2
788,0.6084860979043941,0.8300834490932523,1
838,0.47239872031077945,0.8344207799690397,1
889,1.0,0.8373546245924566,1
903,1.0,0.8373546245924566,1
861,0.7594725620585967,0.8382962342227255,1
836,1.0,0.8648728524892114,1
873,1.0,0.8711499224559408,1
414,1.0,0.8803726456340897,2
855,0.6953438388876282,0.8827724427533287,1
880,0.6561783265371847,0.8880416864631,1
827,0.6063273657910828,0.8899440963689134,1
814,0.6127019021742355,0.9015298047302502,1
829,0.8184098762535807,0.9072104602894812,1
418,0.641270672861864,0.9086444108706897,2
805,1.0,0.9219924111530745,1
823,0.5925013374068009,0.9225257181345459,1
794,1.0,0.9233843064998591,1
806,0.5877361054151259,0.9330638569829095,1
828,0.8217712158355599,0.9389740737217822,1
782,0.5658282488573747,0.9395870478121815,1
808,0.6026247270198888,0.945705697514755,1
835,1.0,0.9480676217856798,1
837,1.0,0.9480676217856798,1
791,0.5863838987240976,0.9513495840343246,1
833,0.6374767631215932,0.9722620803973412,1
797,1.0,0.9764135799154174,1
820,1.0,0.9774126141878281,1
776,0.6883485794355293,0.9851508939689675,1
834,0.5978037477008441,0.9929820258849726,1
795,1.0,0.9937443255245761,1
