node,fairness,goodness,num_ratings_received
3665,0.911305352235984,-1.0,1
4182,1.0,-1.0,1
1211,1.0,-0.9986627189863256,1
1329,0.7990122980489344,-0.9960090122980314,1
5804,1.0,-0.984090391339349,1
5549,0.6242536148234472,-0.9837515248141414,1
2530,1.0,-0.9830143667602744,1
5993,0.9634176036372137,-0.9830143667602744,1
1387,1.0,-0.9810088301360471,1
5791,0.5893836840388613,-0.9736222981718434,2
2209,1.0,-0.9655370133286615,1
5188,0.4600507018474791,-0.9640050602772594,1
3372,1.0,-0.9600291800239311,1
3866,1.0,-0.9561185853151322,2
3993,0.4983072853953944,-0.9548925161284526,1
5547,1.0,-0.9525511217670241,1
1705,1.0,-0.951724329599402,1
1671,0.9384335376025618,-0.951724329599402,1
4438,1.0,-0.9506025503616669,1
2239,1.0,-0.9498167346816562,1
2926,1.0,-0.949369848752768,2
4901,0.9782158406537109,-0.9490689440721154,1
5532,1.0,-0.947352019234543,2
4100,1.0,-0.9472298261032731,1
1572,0.3642956295308938,-0.9467607684598149,1
4065,0.8167126672387689,-0.9461922643030987,1
1756,0.9588003334661495,-0.9461162010104252,6
5973,1.0,-0.945563005511772,1
4344,0.9686687204739077,-0.9450380360482472,1
5887,1.0,-0.9426285829938904,1
5976,1.0,-0.9426285829938904,1
5977,1.0,-0.9426285829938904,1
5901,1.0,-0.9426285829938904,1
5975,1.0,-0.9426285829938904,1
5898,1.0,-0.9426285829938904,1
984,0.9606617076405359,-0.9382923148288027,5
5454,1.0,-0.9382737101000167,1
3409,1.0,-0.9382737101000167,1
1099,0.9579733295826662,-0.9382420166237684,2
3159,1.0,-0.9375038425370947,1
5189,1.0,-0.936180417386294,4
4404,1.0,-0.9345430995534179,2
4502,0.9970577972223242,-0.9338577920716697,2
3472,0.9830048225263143,-0.9335474399807042,2
4706,1.0,-0.9325984760971809,2
5112,1.0,-0.9318230777051633,1
5209,1.0,-0.9318230777051633,1
5210,1.0,-0.9318230777051633,1
5174,1.0,-0.9318230777051633,1
5148,1.0,-0.9318230777051633,1
5154,1.0,-0.9318230777051633,1
5169,1.0,-0.9318230777051633,1
5172,1.0,-0.9318230777051633,1
5173,1.0,-0.9318230777051633,1
5168,1.0,-0.9318230777051633,1
5166,1.0,-0.9318230777051633,1
5116,1.0,-0.9318230777051633,1
5107,1.0,-0.9318230777051633,1
5171,1.0,-0.9318230777051633,1
5170,1.0,-0.9318230777051633,1
5108,1.0,-0.9318230777051633,1
5109,1.0,-0.9318230777051633,1
5111,1.0,-0.9318230777051633,1
5110,1.0,-0.9318230777051633,1
5222,1.0,-0.9318230777051633,1
4766,1.0,-0.9318230777051633,1
5196,1.0,-0.9318230777051633,1
5191,1.0,-0.9318230777051633,1
5114,1.0,-0.9318230777051633,1
5167,1.0,-0.9318230777051633,1
5181,1.0,-0.9318230777051633,1
5177,1.0,-0.9318230777051633,1
5176,1.0,-0.9318230777051633,1
5182,1.0,-0.9318230777051633,1
5223,1.0,-0.9318230777051633,1
5225,1.0,-0.9318230777051633,1
5190,1.0,-0.9318230777051633,1
5230,1.0,-0.9318230777051633,1
5083,1.0,-0.9318230777051633,1
5113,1.0,-0.9318230777051633,1
5106,1.0,-0.9318230777051633,1
5207,1.0,-0.9287064065549745,2
766,0.994104623874514,-0.9279564415404921,1
5036,0.7144997195727247,-0.9279538191520494,3
1308,1.0,-0.9274632689260714,3
4627,0.9600964935774883,-0.927288835743751,1
5147,1.0,-0.9270390832492673,2
5161,1.0,-0.9270390832492673,2
5160,1.0,-0.9270390832492673,2
5051,1.0,-0.9263182407544267,1
5447,1.0,-0.9255897354047857,1
3371,1.0,-0.925354531621045,2
5152,1.0,-0.9222550887933714,1
5159,1.0,-0.921246260971432,3
5205,1.0,-0.921246260971432,3
5164,1.0,-0.9207418470604622,2
1853,0.9673250760599706,-0.9193288255639699,3
5153,1.0,-0.9190137481011793,2
5576,1.0,-0.9188348305265953,6
5650,0.991330609152064,-0.9184567213890048,3
5364,1.0,-0.9174472041086998,1
5370,0.539529100069603,-0.9174472041086998,1
5371,1.0,-0.9174472041086998,1
4443,0.9631081224114433,-0.9168956029501247,3
5874,1.0,-0.9166542331060247,2
5873,1.0,-0.9166542331060247,2
5872,1.0,-0.9166542331060247,2
5871,1.0,-0.9166542331060247,2
5875,1.0,-0.9166542331060247,2
4843,1.0,-0.9118974508457681,1
3144,0.5190199048620272,-0.9118439903236343,1
4831,1.0,-0.9116752989594471,1
4544,1.0,-0.9111283549257829,2
4977,0.7796413931954612,-0.9093253430525703,2
4535,0.9970577972223242,-0.908233705034239,3
4081,1.0,-0.9073660144381352,1
2225,0.9896832513681013,-0.9071131116037696,1
2743,1.0,-0.9062044184971954,1
5214,1.0,-0.9062036136886013,1
5686,1.0,-0.9044742706312295,2
5150,1.0,-0.9013140513520689,2
3498,0.6825068993155126,-0.8993441981279191,3
5776,1.0,-0.8985850353082928,2
5185,1.0,-0.8959509438301936,2
5944,1.0,-0.8945250801577422,1
1862,1.0,-0.8937826092586856,2
713,1.0,-0.8912871984696534,1
3061,1.0,-0.8906798832181589,1
3022,1.0,-0.8906798832181589,1
5461,1.0,-0.8906798832181589,1
5546,1.0,-0.8906798832181589,1
3167,1.0,-0.8906798832181589,1
2970,1.0,-0.8900704560962502,2
4492,1.0,-0.8852961631614206,3
4138,1.0,-0.8807424541085667,2
5149,1.0,-0.8806219469862224,3
4275,1.0,-0.8782520585076061,3
3473,1.0,-0.8704034947539885,3
2887,0.8567729939446493,-0.8703067463478493,2
2996,1.0,-0.8695595013003816,1
5738,0.4317294770272707,-0.8692501139673706,1
2617,1.0,-0.8686994431963201,2
3785,0.6206402744933419,-0.8665938613936657,1
5304,1.0,-0.8600788099552239,1
5737,1.0,-0.8600788099552239,1
5742,1.0,-0.8600788099552239,1
5599,1.0,-0.8600788099552239,1
2619,1.0,-0.8574816519964015,1
2753,1.0,-0.8507336652049042,2
4560,1.0,-0.8489154224208266,1
2974,0.9582262519581883,-0.845405873423021,1
5641,1.0,-0.8365646464288629,1
2722,1.0,-0.8361865160991697,3
4747,1.0,-0.8343355952960726,14
5488,1.0,-0.8336880012283084,2
3619,0.987322471538916,-0.8335003810919291,1
2863,1.0,-0.8335003810919291,1
3109,1.0,-0.8335003810919291,1
3108,1.0,-0.8335003810919291,1
3560,1.0,-0.8254575567191699,2
2338,1.0,-0.8248402736295563,1
4737,1.0,-0.8172218883719502,1
3760,0.561786385463979,-0.8014837552371867,17
4556,1.0,-0.800910001280058,4
4744,0.46475715405831863,-0.7973266126820994,19
4793,0.9932463695489536,-0.796350020096144,1
2708,1.0,-0.7957085325683111,2
2707,1.0,-0.7957085325683111,2
2706,1.0,-0.7957085325683111,2
2709,1.0,-0.7957085325683111,2
4672,0.6167665931544755,-0.7903855077053239,18
4531,0.5361840229923945,-0.7903228896181322,25
1956,0.9781052948422075,-0.7888082042391006,7
3920,0.9634176036372137,-0.7864114934082196,1
4870,0.575305513734289,-0.7855739716445296,7
3744,0.5669121221609652,-0.7818162394543549,81
3019,0.9686054000054051,-0.7737598157482876,3
5238,0.6489445427284781,-0.7611798979914722,1
4668,0.571392817166742,-0.7576305423676126,16
3059,0.9381615968448789,-0.7513312026070547,3
4853,1.0,-0.7501217003587205,2
4669,0.5380800387702722,-0.7452618565054231,16
2581,0.9120898721999628,-0.739933361316774,5
4701,0.5322311885673634,-0.7314591107328832,17
4677,1.0,-0.7281347090412573,17
4743,0.5769575335717749,-0.7203382676771699,16
5709,1.0,-0.7145328719284598,2
906,0.9333843673244571,-0.712933862775465,9
3759,0.5876071105005005,-0.7057821749823953,16
5746,1.0,-0.7057753791456637,2
2879,0.6161557111984963,-0.7047265118914202,5
4729,0.551127373354954,-0.7007116719171941,7
5062,1.0,-0.6966440199991797,1
4868,1.0,-0.6966440199991797,1
2881,0.6084483793209516,-0.6941736175396072,6
4676,0.595591951861943,-0.6911602978803074,19
4645,0.9739168507389824,-0.6890098250868567,13
3314,0.4274496780223318,-0.6798520371378993,8
5193,0.4623178800013079,-0.6790751812161239,9
4681,0.555841128136516,-0.6776849281369318,22
4666,0.6057464335155176,-0.6763211199265361,21
5200,0.411080352957342,-0.674583221352277,6
4679,0.5613991862113366,-0.6675687781712433,21
4680,0.5575785439089869,-0.6675505846370183,21
4661,0.579625773561381,-0.6668539905122616,21
3711,0.8809800951379728,-0.6668003048735434,1
1917,0.981358233541039,-0.6594311092128259,4
4739,1.0,-0.657040188876421,6
1074,0.8790462021519565,-0.656635520590055,4
5544,0.48517005141838254,-0.65537721443869,4
5197,0.5220228228499981,-0.654554185391993,8
4682,0.5875117663117644,-0.6544866260953766,20
4678,0.615062836532162,-0.6540493919459498,20
4326,1.0,-0.6540297026431174,2
3793,0.8174758186826985,-0.6520877056005687,5
3794,0.8174758186826985,-0.6520877056005687,5
3795,0.8185568523891914,-0.6520877056005687,5
5533,1.0,-0.649326838322089,3
2573,0.8519807824579706,-0.6469061775542501,4
5441,0.4961834356297905,-0.6434595589575037,4
4654,0.5574332288077526,-0.6411769967439089,25
787,0.9587116738594204,-0.6410847802261053,3
1443,0.9590352385470085,-0.6387449191233512,3
4350,0.9374229638496248,-0.6380330837199006,14
5203,0.4358677946100181,-0.638022197661797,5
5202,0.393387979036532,-0.638022197661797,5
3786,0.8199218857994278,-0.6378917750095604,6
3792,0.8174758186826985,-0.6378917750095604,6
3790,0.8174758186826985,-0.6378917750095604,6
3788,0.8161163884303939,-0.6378917750095604,6
3789,0.820007966994577,-0.6378917750095604,6
3787,0.8256634668224438,-0.6378917750095604,6
3791,0.8174758186826985,-0.6378917750095604,6
2690,0.9665273383163138,-0.636177921482426,3
5201,0.393387979036532,-0.6344837228763295,5
3333,0.8330523812781969,-0.6324957235111714,7
5471,0.622311392780655,-0.629659897163235,6
2367,0.7279059905344504,-0.6172476310360014,3
5198,0.5204146051313614,-0.6157077743727449,7
2720,0.3419915099190999,-0.6117332583856073,4
3384,1.0,-0.6111542830789144,2
4008,0.9607117752152539,-0.608794957858558,3
1609,0.9524008609918077,-0.6039303118775522,3
3757,0.6430359069041336,-0.6037513610280676,21
4751,0.7974601407697139,-0.6027165851973753,4
3756,0.6014152644602276,-0.6017694256750472,21
2705,0.6470728935258115,-0.5992967316825849,4
4675,0.6156777386029739,-0.5978691105863793,22
1393,1.0,-0.595586926199707,4
5733,0.4606077022446381,-0.5939503752445309,3
5066,0.9217360723880851,-0.5895624776561244,4
2811,0.6590760646456149,-0.5877606890253064,3
5396,1.0,-0.5848778493378288,4
4704,1.0,-0.5833342335853575,1
4688,0.6027560023677964,-0.5829091668038988,23
3373,1.0,-0.5809737825866734,2
4686,0.5647934509930062,-0.5795444101049234,25
2503,0.9934622825813003,-0.5778981364995576,3
3436,1.0,-0.5768460723604593,6
5204,1.0,-0.5753552257430476,4
4501,0.9970577972223242,-0.5721538073434043,2
4673,0.6154750687487289,-0.571883331660733,24
2778,0.9452307054052547,-0.5702371782755934,9
2718,0.7255923089665016,-0.568593124711327,3
4684,0.4816778929968929,-0.5657375353499653,20
4587,0.8747857211216046,-0.5656138775414068,3
5270,1.0,-0.5644965992674615,2
4687,0.9664003226344392,-0.5608631647880632,6
3287,0.5782220421268773,-0.5600340261670619,3
410,0.8730416558212004,-0.5588812151035099,5
5338,1.0,-0.5558820212462989,2
2572,0.8519807824579706,-0.5554777112489099,3
2597,0.8402468265202839,-0.5546914365744203,3
2598,0.7152468265202839,-0.5546914365744203,3
5801,0.9840903913413171,-0.5523789001009557,8
957,0.6668467027496905,-0.552235141918204,3
2678,0.5806697266607389,-0.5506223690636419,4
5489,0.5697090770021426,-0.5457025592383622,3
3378,0.45508658221251386,-0.5437654304821177,7
4967,0.9159850303731575,-0.5403993017924913,3
2703,0.5970728935258116,-0.5385223790900494,4
4748,0.4812451238269301,-0.5322178494424507,7
2714,0.9741708722906417,-0.5304184792820836,4
3466,0.9594743702394298,-0.5302958227742093,4
5285,1.0,-0.5255863333458666,2
5129,0.31996157150099425,-0.5254707323221973,3
2657,0.6653451135394173,-0.5227242036425002,10
4708,0.9215823272272057,-0.5196445854726419,8
2741,1.0,-0.5182842051620544,3
5243,1.0,-0.5179054453822034,2
2498,1.0,-0.5155382455544301,45
2747,0.8309277758315943,-0.5133551532038289,3
4742,0.3957305466228266,-0.5120844825397756,3
1535,0.9739547516631448,-0.5095056920721462,5
4741,0.44395775873011223,-0.5085389067543469,3
5217,0.974858746876952,-0.5061606715223829,8
2738,0.6009384332929391,-0.5061375195140629,3
5199,0.8248895234968103,-0.5015851026097179,3
2539,0.8192018822843264,-0.5004830326276785,3
2516,0.6280929275893236,-0.4990593570975001,5
5081,1.0,-0.4982157972661452,2
5914,1.0,-0.49777908786012126,2
3376,1.0,-0.49762374447748053,2
4667,0.6015318487202239,-0.49485761466663536,18
1145,0.4705259092243155,-0.4928250584288716,6
2640,0.75450196380391,-0.49254314722408016,3
2549,0.474329187889325,-0.4920782120572253,3
5750,1.0,-0.4916053388662933,2
310,0.9388834376092675,-0.4871362960519276,7
5553,0.9261378608924028,-0.48410649415296997,7
2603,0.48444378218810036,-0.48082188967477124,4
2096,0.9409147319406668,-0.477913167429827,8
2699,0.4478352212866963,-0.47769513264574287,6
4432,0.9770873119993713,-0.47577182637800314,3
5462,1.0,-0.46852722207915554,1
5463,1.0,-0.46852722207915554,1
5300,1.0,-0.46852722207915554,1
5077,1.0,-0.46591153885258163,1
5640,0.981254258870246,-0.46513504542234696,2
5638,1.0,-0.46513504542234696,2
5484,0.65043759062814,-0.46157479377700616,4
2017,0.9580792530649165,-0.46149396556096267,45
4637,0.8464394112461592,-0.458814104864138,4
5381,1.0,-0.45647124607878053,2
5379,1.0,-0.45647124607878053,2
5382,1.0,-0.45647124607878053,2
5378,1.0,-0.45647124607878053,2
5395,1.0,-0.45647124607878053,2
5373,1.0,-0.45647124607878053,2
5380,1.0,-0.45647124607878053,2
5374,1.0,-0.45647124607878053,2
5375,1.0,-0.45647124607878053,2
5376,1.0,-0.45647124607878053,2
5377,1.0,-0.45647124607878053,2
5477,1.0,-0.4560366537373821,2
3516,1.0,-0.45592199516181714,1
2712,0.714868125929579,-0.4488153820669967,5
2992,0.6853677577610297,-0.4437971410472773,4
2919,0.9983459986009686,-0.4410764299729891,4
5115,0.837112836179253,-0.439237975469364,6
4991,0.6757614492642134,-0.435984642670088,6
2660,0.9545019638039101,-0.4358731801599102,2
4621,0.985625729858794,-0.43571661140977636,2
2886,0.8523632559457102,-0.43329693069683284,1
5730,0.6067033067281138,-0.430064576617418,4
4812,0.7444237684424448,-0.42981949877006415,4
2911,1.0,-0.42847564179848374,2
2245,1.0,-0.4276545964584906,2
3857,0.8818491854095508,-0.42679335635139426,4
672,0.8380678180822181,-0.4264920885681034,3
5485,1.0,-0.42297162346038814,3
4776,0.9594558039222696,-0.42226976677577466,2
1116,1.0,-0.4217979838482604,2
2721,1.0,-0.42098830473989396,5
4966,0.8773073892200297,-0.4207782560619065,2
4527,0.9702613563660056,-0.4178650820540798,2
4110,0.6974039768849838,-0.41772848049656414,2
5235,0.7611798979572316,-0.41765457914251564,2
3432,1.0,-0.41675019054596457,1
3431,1.0,-0.41675019054596457,1
805,0.9847904741761142,-0.41109123965502226,4
2561,0.963147587927606,-0.4110883512673089,6
3399,1.0,-0.4094876974035202,2
4545,1.0,-0.409473207692536,2
4613,0.9334875190419697,-0.409241459324201,2
1143,0.6386110102654107,-0.4075139039099289,6
5490,1.0,-0.4069170586527752,2
1293,0.6350809001040388,-0.40628677742998,2
2801,0.9837840405714858,-0.40603358827377367,4
2704,0.6503516341587076,-0.40585421294837687,5
5346,1.0,-0.40516287540694657,3
5021,0.8906285457857255,-0.40425177452848426,5
315,1.0,-0.40424557232016534,2
4574,0.9553766869745406,-0.40334218659572435,2
3178,1.0,-0.4029318557189802,2
4413,0.7732931520547527,-0.4026129744563391,2
2532,1.0,-0.402606035494788,3
4683,0.5833342344240386,-0.40167503780945396,33
2701,0.5918354780668209,-0.40157483667586175,7
2514,0.6514037315716316,-0.4010670227217775,5
5731,0.6067033067281138,-0.39926816698545753,4
5732,0.6067033067281138,-0.39926816698545753,4
4383,1.0,-0.3990476087647783,2
3015,0.9248081506749067,-0.3986842745433249,2
2698,1.0,-0.39784873077556626,2
2697,1.0,-0.39784873077556626,2
5096,0.46770859166896916,-0.39784873077556626,2
2505,0.7856679798280075,-0.39719253685673683,7
4775,0.9268838757957976,-0.3963522998684174,2
4777,0.7268838757957976,-0.3963522998684174,2
4835,0.7640410473624444,-0.3942587392447355,3
5421,0.7699915127365498,-0.3938134075995465,2
3027,1.0,-0.39158364558850883,6
2666,0.6386378981787499,-0.39027473948746483,5
4818,0.7972519534863256,-0.3898272441874505,2
2684,0.6095583065311129,-0.3889621888132793,6
5448,0.8358755780433269,-0.3883824126373925,2
4804,0.9553202583986328,-0.3878723849814039,2
4796,0.9553202583986328,-0.3878723849814039,2
2480,1.0,-0.3875229018990597,4
2680,0.48312630572173976,-0.384542843299777,6
5446,0.9908536868211488,-0.3840073302967004,2
5505,0.8376140623807306,-0.3838606338502603,3
5736,0.9299855397678594,-0.3837571748806954,2
4698,0.826515892560665,-0.3829642697570387,10
3299,0.9705878418227526,-0.38191429813580346,2
2669,0.5976122498494535,-0.38074514522097086,5
4655,0.6294115016280455,-0.38073928279562674,2
3210,0.7766151666656353,-0.38041057606588674,2
3193,0.8352906387657727,-0.3800110183943907,5
2343,0.9710350385127493,-0.3791622152116372,9
5027,0.7814552700199596,-0.37825844712644935,8
2434,0.9682178381866087,-0.3731505295267288,6
4603,0.9705161891906872,-0.3715998395296487,4
4614,0.8665142171516922,-0.3712848033541355,4
4609,0.7411052742895371,-0.3682517989579107,4
5479,0.6948624123986231,-0.36692122602093974,7
2548,1.0,-0.3668267860219209,6
4427,0.9735363960421133,-0.3656570937025796,6
2702,0.7114477910294732,-0.36452974487824313,7
5905,1.0,-0.36270947185211827,1
2737,0.6469312402429686,-0.36223887259699733,4
5574,0.5967148735130258,-0.3614044453955891,3
5037,0.8963631914785771,-0.3607403095533471,4
2471,0.825244564129838,-0.3602788665284362,3
5080,0.5052331429283727,-0.3600768569980115,4
5367,0.8317820980653119,-0.3600169745269005,5
5239,0.4128413159786175,-0.35930407060221325,4
3066,1.0,-0.35786182226677105,2
5654,0.9200037025802272,-0.3558853018275994,9
4789,0.8932463695489536,-0.3513271056340795,2
467,0.9328073737148871,-0.3506416415094101,4
5480,0.7317983022915229,-0.34945078002128016,7
4802,0.9155690212814193,-0.34601766514875076,3
4528,0.8111927865991088,-0.34466995721085375,2
2717,0.6868302364881418,-0.34459846750206813,2
2602,1.0,-0.34333815478160074,4
824,0.9152284773002213,-0.3418886104725397,8
472,0.9726873117472228,-0.3393730555994548,15
3273,0.7452274001852764,-0.3365983579826935,15
4656,0.8205884983719545,-0.3356561879740774,3
5719,0.7889357886320953,-0.3315826524231068,4
5743,0.8263086385201721,-0.33080515075529393,2
4707,0.4856937477776234,-0.3297983963559917,33
5512,0.8220940094655497,-0.32685936771828217,3
5216,0.839042314157397,-0.32615920018662764,3
2766,0.8270544789763621,-0.3256837306294341,2
2815,1.0,-0.3222271200062053,2
4290,0.9922100704813153,-0.31703913712138015,3
2787,0.9379874777974526,-0.31461265943280975,3
5483,0.65043759062814,-0.31221285289742107,3
4598,0.9596887627515903,-0.31032595022564957,3
5195,0.856039223955882,-0.30997170452774064,6
2694,0.7510756346122169,-0.30891143451217723,4
3410,0.9783924501499869,-0.308850980842545,3
2567,0.4658773925952995,-0.30664481335864135,5
4814,0.9115053662250262,-0.30549609302734876,5
4566,0.8998332554062014,-0.3040431344251263,3
2682,0.5096423788123357,-0.3021358189430656,7
1327,1.0,-0.3019754039021313,3
2632,0.4156735133075026,-0.3014649919355768,4
4279,0.9815666592385934,-0.30094294770261737,11
4733,0.5115519707049213,-0.3008294716566624,29
5213,0.5610326786734956,-0.2979609829715325,4
2736,0.8520354856101922,-0.29691654411718194,2
2673,1.0,-0.29682742830481573,2
4659,0.6189520753764075,-0.2937688072560317,7
1750,0.9701567499655671,-0.2931433222627089,2
574,0.9471523105849836,-0.29184604626453226,2
2569,0.6860876023911465,-0.2882157006874084,6
3258,0.9881960589782888,-0.28780795292058997,2
2671,0.6065866015201571,-0.2870160689999781,5
2670,0.45489834140419905,-0.2868267969596859,7
4746,0.9424391945960471,-0.2855906443879993,11
5192,0.9280558491960151,-0.284936170901866,4
2639,0.9739842537821749,-0.2836548598265623,5
2592,0.7332457667416443,-0.28320071284996345,5
1792,0.8527096415054988,-0.2819848887953902,11
2002,0.958982632345205,-0.280079798377127,4
2601,0.5675625148273475,-0.27953428551025433,5
5611,0.9757100345402125,-0.2750005942540922,6
4647,0.9553202583986328,-0.27336111266016117,2
4858,0.7478932244813181,-0.27191790527511134,2
1600,1.0,-0.2714087409382125,2
2585,0.7700654016494861,-0.27046486657954283,7
2700,0.6162651476230344,-0.2681283428544734,9
2745,0.8176126682692468,-0.264400775044501,2
3570,0.8302080542015587,-0.2630261294155062,2
2623,0.7465927595615403,-0.26235120097506226,5
4736,0.9711508879615095,-0.2619512859004013,2
2540,0.43527375048021344,-0.2615962354313471,12
4405,0.97348045925222,-0.2604667984029272,3
2574,0.6470126627244567,-0.25893429289103365,12
870,0.8221166658687079,-0.2576028059125277,6
4745,0.8094989282114895,-0.25593433597294546,4
5142,0.9445507182303182,-0.2522322319033768,3
2065,1.0,-0.25155182607119536,3
2868,0.8018422211771113,-0.25058854075089587,4
2410,0.9164993257012781,-0.24951087174032388,4
5635,0.9483988253584625,-0.2473827229596557,21
2265,0.9731939244015336,-0.24718985850185005,3
2695,0.6455442827439114,-0.24682794678389097,2
5076,0.9606164325661424,-0.24672504186799804,3
2631,0.38601944819105916,-0.24632435781630488,6
3554,0.7302080542015588,-0.24612346556899492,2
3557,0.8197919457984413,-0.24612346556899492,2
3553,0.7302080542015588,-0.24612346556899492,2
3558,0.8302080542015587,-0.24612346556899492,2
3556,0.5456010061852057,-0.24612346556899492,2
4740,0.8875590685033105,-0.24592536466291917,3
2757,0.9277397255396451,-0.24589104204727594,6
3515,0.988212732764146,-0.24584972995375398,3
5206,1.0,-0.24380907551363395,3
2677,0.7681293999067762,-0.24266369980712693,2
44,0.9450026744064863,-0.24230228855616864,3
1719,0.6633268112970792,-0.24227825829516414,10
5007,0.9709308703939585,-0.2412216633327842,3
2568,0.7233746759685455,-0.2404519945347432,7
2634,1.0,-0.24028720665617925,2
4871,0.6572130141777353,-0.23937528148234655,2
4919,0.9341813136327919,-0.2388446506810911,3
5305,1.0,-0.2381329840386542,3
2541,0.7692018822843265,-0.2361001459063551,3
2090,0.9565244469792054,-0.23556444701153323,20
4075,0.9276663546776451,-0.2341476173257965,12
5240,1.0,-0.23192612945939062,3
4597,0.9622958105782147,-0.22880237782783897,3
5345,0.8331398468058504,-0.22824884391334613,3
1753,0.9571755579676339,-0.22797930340738548,13
2621,1.0,-0.22720323146148233,5
2606,0.9688827518012383,-0.22636624903478442,3
1139,0.70035935798528,-0.2252478844796997,6
5501,0.9327016534683114,-0.2247718752385389,6
5554,0.8388780085687693,-0.22364857229486476,4
2629,1.0,-0.2222118686211381,6
5215,0.7869203999066862,-0.22191537168520598,4
1357,0.9626545336101568,-0.2208797066167282,5
2744,0.7177996124777495,-0.21475945780206426,2
2424,0.9831492721819949,-0.21469539768365814,4
2676,0.7865562955692407,-0.21384632248331348,6
2772,0.9805530229286725,-0.21333236429542599,3
594,0.9818570403710393,-0.21055317859788159,4
5608,0.9792851848513151,-0.209728632750157,7
1383,0.9105987552723303,-0.2081366417496934,96
2672,0.459201451165242,-0.20748457921860206,9
3567,0.7302080542015588,-0.20742834200641438,2
4458,0.8172218869636474,-0.2023484076580125,9
2571,0.8519807824579706,-0.20152792487734855,7
1331,0.8699966718470484,-0.20055847748889355,16
3566,0.8302080542015587,-0.198509787390699,2
3403,1.0,-0.19845335890227112,1
2628,0.42026038346305705,-0.19769821606723417,7
2566,0.7096575265594021,-0.19603843508405885,12
2115,0.9792477724894769,-0.19585933609526268,4
5118,0.9806659994834269,-0.19579544362443896,1
2008,1.0,-0.19179332405259122,1
5288,1.0,-0.19145903692431226,2
4934,1.0,-0.1910980452424009,3
5039,0.6875976895807216,-0.19083898617260797,2
1141,1.0,-0.18798206395563138,2
2622,0.5526113918908638,-0.1864257302923567,4
5329,1.0,-0.18636461554103267,1
5330,1.0,-0.18636461554103267,1
5331,1.0,-0.18636461554103267,1
5332,1.0,-0.18636461554103267,1
5333,1.0,-0.18636461554103267,1
5334,1.0,-0.18636461554103267,1
5301,1.0,-0.18636461554103267,1
5303,1.0,-0.18636461554103267,1
5337,1.0,-0.18636461554103267,1
5350,1.0,-0.18636461554103267,1
5319,1.0,-0.18636461554103267,1
5320,1.0,-0.18636461554103267,1
5349,1.0,-0.18636461554103267,1
5328,1.0,-0.18636461554103267,1
5327,1.0,-0.18636461554103267,1
5326,1.0,-0.18636461554103267,1
5357,1.0,-0.18636461554103267,1
5354,1.0,-0.18636461554103267,1
5340,1.0,-0.18636461554103267,1
5361,1.0,-0.18636461554103267,1
5341,1.0,-0.18636461554103267,1
5406,1.0,-0.18636461554103267,1
5407,1.0,-0.18636461554103267,1
5291,1.0,-0.18636461554103267,1
5314,1.0,-0.18636461554103267,1
5313,1.0,-0.18636461554103267,1
5289,1.0,-0.18636461554103267,1
5295,1.0,-0.18636461554103267,1
5391,1.0,-0.18636461554103267,1
5392,1.0,-0.18636461554103267,1
5369,1.0,-0.18636461554103267,1
5342,1.0,-0.18636461554103267,1
5405,1.0,-0.18636461554103267,1
5467,1.0,-0.18636461554103267,1
5232,1.0,-0.18636461554103267,1
5233,1.0,-0.18636461554103267,1
5262,1.0,-0.18636461554103267,1
5281,1.0,-0.18636461554103267,1
5273,1.0,-0.18636461554103267,1
5276,1.0,-0.18636461554103267,1
5561,1.0,-0.1851289203876663,1
5336,1.0,-0.18445101775867428,1
2439,1.0,-0.1832998651411995,1
3562,0.8302080542015587,-0.1828451869843028,4
4791,0.8743037739012385,-0.18257031424049128,7
5344,1.0,-0.17919018876603873,2
4898,0.9092542583264833,-0.17914003446982885,10
2683,0.5973269804271304,-0.17655076720825782,8
4543,0.8503177285249046,-0.17641363021904183,8
5718,1.0,-0.17607200762236064,2
2148,0.9851974460643544,-0.17416896493587983,3
2542,0.6692018822843264,-0.1732908531522405,3
2570,0.7039364660571332,-0.1732808263746775,5
4084,0.9729513565559199,-0.17189588872137784,18
3569,0.7302080542015588,-0.17079169273723113,2
4524,0.8507409577142455,-0.1680382510230862,7
1144,1.0,-0.16531376560118582,2
3463,0.9532944373987922,-0.1645658375615558,6
512,0.9984116660563256,-0.1632399333839591,4
4986,0.9047012904365862,-0.16102975905175312,7
4450,0.9936912444949376,-0.15923639704347248,6
726,0.9711796340235154,-0.15881952123436377,7
4592,0.861327134307701,-0.15853769111889493,18
4421,0.7024486161558974,-0.15832722907185692,5
4980,0.9984496890459246,-0.1577385141867474,4
4251,0.9772487073734426,-0.15733696861867616,12
3197,0.889228027516515,-0.1557294089185346,10
3259,0.7258419039625612,-0.15440659324544678,4
4563,0.9924513909177618,-0.15431862045228623,4
4571,0.982313219308001,-0.1538327393254577,4
3449,0.9617225663197699,-0.15241035361463684,4
2522,1.0,-0.15235442223420229,3
2545,0.8192018822843264,-0.15235442223420229,3
5231,0.9707089112065418,-0.1522634009561249,9
2293,0.8604134962605633,-0.1492877376088133,11
2261,0.8612111014827324,-0.14795944139770015,5
2260,0.9672714380670886,-0.14639221402454175,4
2251,0.9717292232838182,-0.14597067589554752,5
4965,0.9026656558710564,-0.1453852215599405,8
3564,0.8302080542015587,-0.14394968660188262,2
3565,0.6148962430304956,-0.14394968660188262,2
3563,0.5693927303547037,-0.14394968660188262,2
5726,0.8801907357859766,-0.1419189762833749,2
4731,0.9779010882204463,-0.1404049872788291,4
5384,0.8521796124312053,-0.13925914855713367,8
5610,0.9545267171367211,-0.1384969376134888,4
2746,0.7488099920524924,-0.13814444833681136,3
3841,0.9691637927083022,-0.13541073340737592,5
2211,0.8007167339585197,-0.13089697100803038,2
3776,0.8694941623488781,-0.12874828014336354,10
4375,0.8861235785980979,-0.1264989564631079,4
2689,1.0,-0.12622174762040542,3
5754,1.0,-0.1227297805822956,3
5072,0.9217320303694599,-0.12204350569740699,7
4844,0.9766021908302929,-0.12125543364739902,8
4622,0.8950725543667154,-0.11955200784183545,6
5237,0.3203479646988934,-0.11670860662613965,5
5063,1.0,-0.11320266231304207,2
4406,0.911304617771757,-0.11309125604167926,8
3660,0.8992872573092584,-0.11188697171251313,4
4996,0.9620160200575952,-0.11064802891116306,5
2675,0.7463689636548335,-0.1105671732154642,3
2544,0.7192018822843265,-0.11048156039812589,3
5609,0.8847382254210061,-0.10778970620582491,7
1140,1.0,-0.10772520936695729,4
3182,0.9671982500662115,-0.10725916307652295,5
2962,0.8554837869356878,-0.10492441875764445,15
2674,0.6747743092629751,-0.10432955742660752,9
2102,0.9685487145338536,-0.10413530702166165,5
260,1.0,-0.10186564644949066,3
2208,0.9565413361638724,-0.09856653208296048,8
5220,1.0,-0.09830143667602745,1
2891,0.9205284663186335,-0.09757004497138916,4
4888,1.0,-0.09749306900341548,1
2935,1.0,-0.09717749674877181,1
5631,0.9724035710957809,-0.09680066455815295,5
1739,1.0,-0.0964871992380281,1
2089,0.9744595533732476,-0.09637505697437339,6
2223,0.988625352624075,-0.09598086566148106,1
2735,0.751541727941409,-0.09592902877961558,3
5780,1.0,-0.09582063918080252,1
5575,1.0,-0.09526297849611798,1
5067,0.869047604589408,-0.09519924789688877,8
5000,1.0,-0.09518109700223648,1
3889,1.0,-0.09485239638747378,1
4567,1.0,-0.09431549921699671,1
2918,0.8557776180803225,-0.09429765366087223,1
5138,0.964337613212277,-0.09423996355792134,3
5639,1.0,-0.09370544441583112,1
5778,1.0,-0.09370544441583112,1
5324,1.0,-0.09318230777051634,1
4914,1.0,-0.09318230777051634,1
5385,1.0,-0.09318230777051634,1
5343,1.0,-0.09318230777051634,1
5388,1.0,-0.09318230777051634,1
5386,1.0,-0.09318230777051634,1
5335,1.0,-0.09318230777051634,1
4911,1.0,-0.09318230777051634,1
4912,1.0,-0.09318230777051634,1
4913,1.0,-0.09318230777051634,1
4910,1.0,-0.09318230777051634,1
4909,1.0,-0.09318230777051634,1
5325,1.0,-0.09318230777051634,1
5389,1.0,-0.09318230777051634,1
5323,1.0,-0.09318230777051634,1
5277,1.0,-0.09318230777051634,1
5082,1.0,-0.09318230777051634,1
5401,1.0,-0.09318230777051634,1
5430,1.0,-0.09318230777051634,1
5436,1.0,-0.09318230777051634,1
5400,1.0,-0.09318230777051634,1
5431,1.0,-0.09318230777051634,1
5387,1.0,-0.09318230777051634,1
5402,1.0,-0.09318230777051634,1
4324,1.0,-0.09317539237592767,1
5810,1.0,-0.09307657476116202,1
5797,1.0,-0.09307657476116202,1
1783,1.0,-0.09279445498778348,1
3812,1.0,-0.09278006863810702,1
4890,0.9599565827951356,-0.0920504588738005,21
895,1.0,-0.09203706704271758,1
2276,0.9881615968448788,-0.09181067979626265,4
2604,1.0,-0.09148580912924029,2
2749,1.0,-0.09140487858620129,3
4517,1.0,-0.09133679684292842,1
4410,1.0,-0.09116752989594472,1
3672,1.0,-0.0911305352199687,1
5821,1.0,-0.09109395648376434,1
463,0.9642744177622199,-0.09105606773758115,5
3071,1.0,-0.09067736796302957,1
5946,1.0,-0.09067736796302957,1
5452,1.0,-0.09037757562785936,1
5698,1.0,-0.08987798185767411,1
5817,1.0,-0.08987798185767411,1
5769,1.0,-0.08987798185767411,1
2921,1.0,-0.0890793231329286,1
3232,0.8721352955407327,-0.08892280275065295,1
5100,1.0,-0.08839596427507385,2
4883,0.9667176457718867,-0.0878818710423298,8
5394,1.0,-0.08757916310461042,2
5556,0.8692501139819158,-0.08669753392957895,3
4550,1.0,-0.08503177285223651,1
1142,1.0,-0.08292816026278685,2
2648,0.9575313302457789,-0.08169554105131199,2
5312,0.9174472041378482,-0.07905820013920598,7
4184,0.9728714217399244,-0.07735607533946602,6
3116,0.9352875317353802,-0.07717465771844106,2
3555,1.0,-0.07549674059202527,2
3341,0.9989661644203129,-0.07506497001779865,8
1984,0.9030634805918015,-0.07421049669332978,4
1543,0.798410899339656,-0.07356879299971127,51
5363,0.8197601843380495,-0.06867158853349986,15
2543,0.5692018822843264,-0.06860869856204947,3
204,0.8861775594019452,-0.0677734461661512,31
62,0.9626079401880961,-0.06460284191257236,52
3531,0.9087902568453405,-0.06438322687517442,16
4330,0.9468806712568008,-0.06398591994675333,6
2752,1.0,-0.061610074292825036,3
1955,0.958966620274178,-0.05882334323475776,6
2212,0.9816568042969916,-0.057650660156691756,3
3797,0.858107764581558,-0.05695925349678303,11
4625,0.9807837577886664,-0.05630010769766792,6
2877,0.8907932313309608,-0.05528870118000871,5
3270,0.976050586521785,-0.054528371362686914,8
5068,0.9048725906999452,-0.05344910900225957,8
1510,0.9265079058831714,-0.052841219895856925,5
2275,0.9866126169524828,-0.05117272976868803,6
3743,1.0,-0.05113541007123092,6
2898,0.8138706088759398,-0.050931677924037466,9
1662,0.7876138266353583,-0.05049497861623146,6
3444,0.9541845099980852,-0.05022966577588196,5
2823,0.8534049318568759,-0.05003656179447489,4
5015,0.4767983479821559,-0.04853382411589648,2
3267,0.8004362639208723,-0.04770627798977446,2
4988,0.8929696730789338,-0.04640330403568824,6
4756,0.7810042526992551,-0.04623224840840488,5
1991,0.9775808063398159,-0.04587905296904845,20
3025,1.0,-0.04546318654904916,6
5186,0.8812136420983525,-0.0438883016079697,6
5132,0.792964897654413,-0.04371739269573155,2
4546,0.8618754619392168,-0.043066073437003666,8
958,0.8433214730670535,-0.04104582183827017,4
4795,0.9869305194107768,-0.04053018875384279,8
3722,0.9256446019421617,-0.040028920464281206,46
5070,0.8134969075715308,-0.03969227771811625,8
75,0.9516805213582917,-0.03934118527751624,10
179,0.9640423771230964,-0.03909792766675048,7
61,0.8291204973089337,-0.038112515903612434,9
2897,0.9118439903235345,-0.03803980972405434,71
4434,0.9683915372145863,-0.03632424239994508,13
3,1.0,-0.03579552796409404,21
4038,0.9211535559695434,-0.03348730073001421,31
2866,0.7604659926376796,-0.03220043295860375,3
4635,0.9398083559062513,-0.031038741748083104,83
4899,0.7805816126042502,-0.03093071817893671,13
4697,0.7283143164355261,-0.029651425723989096,3
2788,0.5494976882447988,-0.029355006572452533,3
832,0.8781535627577758,-0.02829610611438117,92
2499,1.0,-0.028084284232547642,2
1815,0.8533278121217988,-0.027677138355838182,24
5086,0.7510756346122169,-0.025704001903537534,5
2726,0.8776250415533596,-0.023899258393714873,7
1809,0.9629869578987473,-0.02325849551864385,5
423,0.9653880599141632,-0.02019637080138476,7
3380,0.9397844489237848,-0.01948534840753552,6
4663,0.8172629732326436,-0.01816769486159525,4
4732,0.9569202256246525,-0.016921499219731753,10
5655,0.9250082807434201,-0.016694471481748147,6
5069,0.8611567032945195,-0.016290234948004224,8
3233,0.9607879644965068,-0.013364935719349566,15
566,0.9801902010968839,-0.012784295316422674,9
3036,0.9644062179184334,-0.011638841046178475,8
642,0.9928403527980622,-0.007467300823438013,9
1154,0.9569616152703206,-0.0068341473102617924,17
1197,0.9255543496231174,-0.006617840015178247,2
2517,0.6985962684283684,-0.006038262691052107,2
2661,0.855525274704406,-0.0053920216138324106,18
2093,0.9886632593527899,-0.005368039624238359,7
1277,0.7799339327633675,-0.0029392180153090934,11
4599,0.9600647506432259,-0.0020298345893828597,8
2871,0.9249817191027625,-0.0018694149736347768,2
5676,0.9756272871806465,-0.0015180235908834258,2
2546,0.9745155543614801,-0.000982773585534509,2
5846,0.9716518726674568,-0.0007521603589745116,2
4025,0.9244157988528989,-0.0007411208271359826,2
1942,0.95630329268125,-0.0006055658558564991,2
4483,0.9228611117181411,-0.0004820562718373944,2
6000,1.0,0.0,0
4408,0.9665593910768088,0.0,0
3282,0.973255926364593,0.0,0
3330,0.8347590424044045,0.0,0
5739,0.9716518726674568,0.0,0
1567,0.9665593910768088,0.0,0
2218,0.9879874777974526,0.0,0
4885,0.5439409355211648,0.0,0
5717,0.5865823963627863,0.0,0
4445,0.996031917910168,0.0,0
1072,0.9665593910768088,0.0,0
4173,0.9539680820898321,0.0,0
253,0.9625942814010204,0.0,0
3576,0.9539680820898321,0.0,0
2855,0.9879874777974526,0.0,0
1742,0.5141480530571906,0.0,0
4132,0.9539680820898321,0.0,0
2938,0.92149295482993,0.0,0
4819,0.9539680820898321,0.0,0
2418,0.9898198522635955,0.0,0
5399,0.5620583926743601,0.0,0
4590,0.6053347170968566,0.0,0
3386,0.9917737480418116,0.0,0
3865,0.9402038661004933,0.0004926769935635483,2
1660,1.0,0.0007461311351616776,2
5869,0.9570874730115583,0.0009057160099781372,2
5141,0.9686687204739077,0.0011817087433510047,3
4638,0.9545306549880866,0.0031403397193570195,6
2435,0.9804133492857845,0.0033662133663948657,2
1198,0.9625036572517328,0.003385429209211288,10
4926,0.9596583415668655,0.003733964520512646,2
1703,0.8432424215483494,0.0042325506209883595,2
4269,0.7418513611329909,0.004258527367005547,7
5226,0.9679527998284196,0.004800765317493801,2
4060,0.9073660144329977,0.005560377249056309,2
733,0.9159939533765334,0.007305122324962745,9
2636,0.897091064602023,0.00900392760782004,8
383,0.9717346138746125,0.00938207190600263,18
2405,0.9847833545544147,0.009716734764860251,7
4267,0.9548092536224528,0.012222410074539447,8
2987,0.9216768338585761,0.013524558469918763,12
4693,0.9576242640982979,0.014056563756140221,8
3345,0.9266863207674361,0.014985892061205498,48
2590,0.9658707631544159,0.0150626604915578,11
5103,0.9453500125282247,0.015122507745504684,6
804,0.9362427167597019,0.015800810925220305,6
3697,0.8489154224368303,0.016699286232699916,5
4163,0.7831539775016841,0.01721317823774218,14
1771,0.9548759856938106,0.01880322159455892,82
4907,0.9613868657847982,0.019316683133731,6
4662,0.8776221079124245,0.019677497059720175,4
1628,0.9798180890387796,0.021596951207310176,7
5071,0.8744211413043415,0.021951173259867743,8
3646,0.9427163757193378,0.022874258113525413,11
4664,0.5103751759010653,0.023159089127875565,4
5799,1.0,0.023354402416283084,4
347,0.962362703808408,0.023951481477312936,8
2796,0.7379874777974527,0.024839628592895208,2
4478,0.9413166751065519,0.02502191771175801,5
177,0.9588774233524497,0.025213902668834092,9
4983,0.8999783368645423,0.02700551219270451,9
3767,0.9595942940054575,0.027078721649753352,13
628,0.9473190003874598,0.0271460567978106,16
152,0.9758275158343814,0.027495571979097556,10
4136,0.8697200838437344,0.027649205691683488,14
786,0.8890322104922916,0.02849457670730421,8
4122,0.8786695327040349,0.029036097479920323,9
1964,0.9751307237511422,0.029093509823964126,12
1726,0.8459316791251533,0.029365280120816743,3
5704,0.7902308914923664,0.030357064077094306,3
5245,0.9934377975693651,0.03190938158188215,3
3190,0.8681674901544544,0.031967537454735934,3
5473,0.7577153860627575,0.033203734318430655,6
782,0.9925369474191421,0.03380586430523246,3
4840,0.9560941163180778,0.03590559965683925,16
2724,0.9840322204780797,0.037271910300296286,5
3897,0.9375758789632883,0.03750975234613988,128
2929,0.9836703170831007,0.03873696356491106,5
5596,0.9653834326463707,0.039037250274995085,12
5472,0.9370242617197891,0.03920274428633462,35
2524,0.942233639298667,0.039560121902809726,12
2229,0.9426714042829443,0.04044163038048293,16
4735,0.8223498346002122,0.04172478593075918,5
3512,0.9599327733590041,0.04229205094062374,9
1272,0.937002340824993,0.042985909659859885,14
3831,0.8170302154495821,0.04372683849519807,2
2688,0.9186679671952144,0.04532560197130399,20
561,0.99572371373606,0.045678493145133565,10
4382,0.9110713353175366,0.04606814563018432,13
2103,0.9660558564769179,0.04628481266971728,9
4932,1.0,0.047526055488056954,4
3276,0.7393050047535168,0.04777504368715446,2
4595,0.9495865393259972,0.04782621861264409,4
2158,0.8795004915833751,0.048223489588358336,15
5594,0.9219967072992619,0.04852285297358438,4
5432,0.9513608457523769,0.048876901132833994,4
788,0.9364198887132554,0.049827173537630415,4
5525,0.9109395648392791,0.04995672385350116,19
2194,0.9234833796248666,0.050952719113313415,38
1754,0.9736374429822929,0.05181944054742493,16
1318,0.8336317795671693,0.05220483124992463,23
5476,0.9231312308872072,0.05270298643638973,11
4857,0.9518109700219229,0.05317480814811291,6
2363,0.8872627898408146,0.05323033333127056,6
4570,0.8926953805825257,0.05514797694287602,15
1026,0.9042970584600167,0.055221664461876666,10
374,0.9693154701337109,0.055492552850057025,11
293,0.8995377968577162,0.05570761996832155,6
4490,0.8963564106946096,0.056311799790780916,10
135,0.8905669481218557,0.056737181568535515,93
2045,0.90966061636605,0.05678490029997372,128
5059,0.978432928704244,0.058055644191840824,5
1986,0.9747452830229263,0.05963776371303699,5
4646,0.8662635047123209,0.060741253208266184,6
2187,0.9619122954931063,0.061132666330755536,26
2044,0.947825409519556,0.06162764763299005,11
2346,0.9708514769526619,0.06219599636665176,6
579,0.9643289580891169,0.06246492174153824,15
3738,0.9672700541685324,0.06271155461884524,19
216,0.9683673576991544,0.06312049027674428,9
5366,0.9469354580470069,0.06314391312119437,3
3989,0.9859745708751655,0.06322188954923141,6
4244,0.9116591037759284,0.06411375856626081,10
954,0.9679580086505946,0.0645922082330108,3
3490,0.9138265913283298,0.06474859532184318,7
1379,0.992248121568121,0.06477364925900557,6
2266,0.8335003811733582,0.06511562471225055,53
4026,0.9724419379908994,0.06512363374453546,15
5228,0.9437804447323244,0.06704732313131155,14
1773,0.9532040918096442,0.06713803043583401,7
288,0.9700212229500843,0.06814557580595475,7
1647,0.7279351556189031,0.06834561958611354,7
1043,0.9625757507408002,0.06955726726327766,15
3003,0.8778148932322339,0.06959314801458003,7
2958,0.9568661956603282,0.06994693233965882,8
4565,0.943154992171847,0.07017219792605772,4
822,1.0,0.07019047274607744,4
4235,0.9412830607433809,0.07033178599481464,10
781,0.9706167190074214,0.07057579280389792,11
577,0.9511000774284796,0.07093949598884686,8
4385,0.9284201702268857,0.07182279010933745,17
2048,0.9639736272866145,0.07224961357620352,4
3543,0.96465996966519,0.07307955671907589,5
3807,0.9737605920451481,0.07326007136276638,4
3489,0.8293456354208062,0.07408112661039393,4
396,0.9699151191055602,0.07434851184842299,12
2760,1.0,0.07441414338080442,1
4179,1.0,0.07457440866495431,12
1322,0.9651332767448684,0.07552038884264525,9
2028,0.9191858878025585,0.0759749555949052,279
5298,0.9807218047950069,0.07617891587276726,5
3357,1.0,0.07618488420814948,5
4694,0.9203612443422194,0.0762917520869163,80
705,0.9542310881311507,0.07665409617304501,16
3062,0.8290506164503701,0.07777319853974157,6
4900,0.5845346409105316,0.07805816126069752,1
5031,0.7608707764367753,0.07814552700175352,1
4905,0.9769493563196426,0.07831539775030608,1
4180,1.0,0.07831539775030608,1
1890,0.9536294196681773,0.07912327625279081,20
905,0.9071131115573202,0.07936650273620263,264
3764,0.9382924420723399,0.07977210897240915,7
2399,0.9640050602777052,0.07989859630504192,19
405,0.9678060019147109,0.07999750283313375,19
3977,0.9850562698098163,0.08048840466235235,1
5708,0.9578647804500814,0.08151570707118344,1
4509,1.0,0.08172218883719502,1
5311,0.91566420573325,0.08197601843870449,1
2231,0.9521696188610221,0.08207113340727502,10
4455,0.7854390194253615,0.08216163937291424,2
2591,0.9488199140412437,0.0822536258091599,1
2322,0.9314556729588426,0.0825676894506913,31
5712,0.9316834386548557,0.08271542007488913,25
1363,0.8574816519598305,0.08279277261790467,44
387,0.9558404053084393,0.0828225650211749,18
4234,0.8682810735509503,0.08282764609042118,1
2956,0.9825578123561253,0.08335003810919292,1
2374,0.9825578123561253,0.08335003810919292,1
3727,0.9825578123561253,0.08335003810919292,1
2504,0.9825578123561253,0.08335003810919292,1
4569,0.9355955152369179,0.08336169182245512,7
3224,1.0,0.08352906387690004,1
2963,0.9558877698993447,0.08386283793710378,9
2804,0.9936052446074077,0.08390141744103194,2
1209,0.9526028489875997,0.08399137735344969,1
5837,0.8270617844526686,0.08399896014359685,1
3578,0.9535038862898795,0.08404989979027726,46
309,0.8839078457413084,0.08418986905675731,34
2388,0.9067736796454589,0.08422640704536251,136
1377,0.9810088301360633,0.08442909934652591,13
1345,0.9869943630235667,0.08463646135045405,8
3360,0.8971510170016372,0.0848247743504234,1
4379,0.8867429056354259,0.08496561370405588,11
4547,0.8617931848904791,0.08503177285223651,1
3513,1.0,0.08509708654888366,8
633,0.9811596919704096,0.0853897277552707,8
2004,0.9472192284528538,0.08565330649181332,10
3487,0.9189005164998705,0.085858233292307,11
4347,0.9412598403289869,0.0860078809955224,1
4303,0.9412598403289869,0.0860078809955224,1
4873,0.9412598403289869,0.0860078809955224,1
4218,0.9412598403289869,0.0860078809955224,1
4989,0.9412598403289869,0.0860078809955224,1
5279,0.9412598403289869,0.0860078809955224,1
4454,0.6118193124176747,0.0860078809955224,1
4263,0.9412598403289869,0.0860078809955224,1
5208,0.9412598403289869,0.0860078809955224,1
5838,0.9412598403289869,0.0860078809955224,1
5035,0.991259840328987,0.0860078809955224,1
4978,0.9412598403289869,0.0860078809955224,1
1538,0.9823746226965615,0.08617810894024,1
1360,0.9823746226965615,0.08617810894024,1
2755,0.9622477832114651,0.0862401096442204,21
4660,0.930370626604133,0.08662635046392607,1
2298,0.9779059905344504,0.08665938613936658,1
2559,0.9720940094655497,0.08665938613936658,1
3502,1.0,0.08665938613936658,1
2116,0.9720940094655497,0.08665938613936658,1
2168,0.9720940094655497,0.08665938613936658,1
1582,0.9132156035001444,0.08680459351884237,2
2344,0.906433233643735,0.0868328569336645,23
452,0.9665368639911164,0.0869209815128212,21
5807,1.0,0.08702287884258578,2
2638,0.9982691842897071,0.08708050249989746,1
4208,0.9982691842897071,0.08708050249989746,1
4242,1.0,0.08708050249989746,1
2055,0.9517308157102928,0.08708050249989746,1
5563,0.9982691842897071,0.08708050249989746,1
3090,0.9982691842897071,0.08708050249989746,1
2651,0.9982691842897071,0.08708050249989746,1
2395,0.9982691842897071,0.08708050249989746,1
3584,0.9761186331897697,0.08708050249989746,1
2468,0.9982691842897071,0.08708050249989746,1
3895,1.0,0.08708050249989746,1
2668,0.7767657412457496,0.08708050249989746,1
5417,1.0,0.08708050249989746,1
2440,0.9517308157102928,0.08708050249989746,1
2924,0.9982691842897071,0.08708050249989746,1
2965,1.0,0.08708050249989746,1
1952,0.9982691842897071,0.08708050249989746,1
1848,0.8998302418789621,0.08708050249989746,1
1950,0.9982691842897071,0.08708050249989746,1
5858,0.9982691842897071,0.08708050249989746,1
2236,0.9982691842897071,0.08708050249989746,1
3230,0.9190976014293284,0.08708050249989746,1
3216,0.9517308157102928,0.08708050249989746,1
5001,0.9982691842897071,0.08708050249989746,1
2061,0.9982691842897071,0.08708050249989746,1
2508,0.9982691842897071,0.08708050249989746,1
4424,0.9717317737062885,0.08713645991396925,12
862,0.9714115238200349,0.08734338103659205,11
4619,0.9824426115355929,0.08748864055478572,1
1192,0.9792757222404882,0.08772491321618914,3
1278,0.9789422352311924,0.08774174232127291,1
1033,0.9358519469428094,0.08781535627579987,1
4156,0.9145180487399601,0.0878669532703294,1
2185,0.9741117447941792,0.08795004915849335,1
618,0.9376174513145218,0.08807172099458488,1
4763,1.0,0.08812793052636914,1
3645,0.9506832746824558,0.08817830103974712,2
412,0.9279564415408552,0.08820924774902802,10
3354,0.9881615968448788,0.08826617293985463,2
2350,0.985359704600502,0.08826617293985463,2
2659,0.5939652800592642,0.0883086381571434,1
382,0.9920949345283786,0.08839078457447364,1
1155,1.0,0.08839078457447364,1
4270,0.9278989784466687,0.08858770544573355,2
106,0.9924168480236588,0.08865948651382324,1
5861,0.9924168480236588,0.08865948651382324,1
3676,0.9734126155022711,0.08867075753888427,1
3706,0.9734126155022711,0.08867075753888427,1
3643,0.9734126155022711,0.08867075753888427,1
2941,0.9734126155022711,0.08867075753888427,1
2469,0.9734126155022711,0.08867075753888427,1
2488,0.9734126155022711,0.08867075753888427,1
4456,0.9734126155022711,0.08867075753888427,1
2729,0.9734126155022711,0.08867075753888427,1
3929,0.9734126155022711,0.08867075753888427,1
4387,0.9734126155022711,0.08867075753888427,1
3114,0.9734126155022711,0.08867075753888427,1
3253,0.9734126155022711,0.08867075753888427,1
5828,0.9819858938106515,0.08891929267393825,2
1385,0.8064833609890874,0.08901696794282771,2
2333,0.9329890056753777,0.0890303916322634,13
450,0.9496993232746427,0.0890314051667747,1
1364,0.9496993232746427,0.0890314051667747,1
1039,0.8794973097220696,0.08903626051200557,1
355,0.9783685907842677,0.08905669481375741,1
303,0.9783685907842677,0.08905669481375741,1
3636,1.0,0.08905669481375741,1
187,0.9783685907842677,0.08905669481375741,1
5022,1.0,0.0890679883218159,1
5877,1.0,0.0890679883218159,1
5184,0.9355398415388125,0.08909572883236444,1
2588,0.9858408998959891,0.08922328293984606,3
3076,0.9695789304699248,0.08935636135739128,3
758,0.9152344054947907,0.08937438727755906,1
5625,0.9769906187942241,0.08938677578668827,4
2227,0.9713254922381489,0.08938927189319683,2
5681,1.0,0.08941467645471968,1
5774,1.0,0.08941467645471968,1
5593,0.9694201102944228,0.08945250801577423,1
5542,1.0,0.08945250801577423,1
5496,1.0,0.08945250801577423,1
2925,0.9931283310435799,0.08949954564032697,2
3343,0.9379874777974526,0.08949954564032697,2
2576,0.8879874777974526,0.08949954564032697,2
4003,0.9974359007471014,0.08950292947287122,2
1028,0.9817826622769348,0.08952582272434984,13
3337,0.9945796651481233,0.08956754557507804,2
4140,0.9515491217420541,0.08959509438301937,2
2380,0.9844130796502276,0.08959983007346227,2
3351,0.9012531146727486,0.08961984029722675,1
3322,0.9012531146727486,0.08961984029722675,1
3401,0.9012531146727486,0.08961984029722675,1
242,0.9351156475426763,0.08962550982688607,16
2937,0.8399567990004753,0.08964452260309935,3
3358,0.9808070395313481,0.08967866425123489,1
5393,0.9308070395313481,0.08967866425123489,1
4758,0.9827672915264574,0.08967866425123489,1
4549,0.7739145052335012,0.08974236348085052,2
4506,1.0,0.08974653700787699,3
1680,1.0,0.08977513650425702,2
4503,0.8425912022992708,0.0897909570802435,1
2633,1.0,0.08980541204594165,4
4768,0.9743727128193534,0.08987798185767411,1
5819,1.0,0.08987798185767411,1
5487,1.0,0.08987798185767411,1
5511,0.9743727128193534,0.08987798185767411,1
3439,0.9604778195821113,0.08987798185767411,1
5617,1.0,0.08987798185767411,1
4770,0.8872925727400301,0.08991762600276204,2
3747,0.8940565141437434,0.08992872573075439,1
5539,0.9844795864175863,0.08996043707181878,3
826,0.864621102660873,0.0899915376428537,2
3600,0.9706321786731659,0.09005012967753748,13
103,1.0,0.09007714858323101,1
5435,0.9634261627522762,0.09011694934955038,2
3332,0.9929158185850039,0.09015156703099872,1
4700,0.9429158185850038,0.09015156703099872,1
4265,0.9457054824881775,0.09018952220066705,3
133,0.9292363342648032,0.09019616144903081,2
4230,0.9867721717630287,0.0902147470430291,2
4557,0.9813586168051406,0.0902586886323309,2
4968,0.8773073892200297,0.09026656558135027,1
2893,0.9734126155022711,0.090268777128853,2
2348,0.9807000466498619,0.09029467315982038,2
506,0.9558874080248787,0.09030155510775253,2
1207,0.9435101018385268,0.09033282769174084,13
4990,0.9015930037322268,0.09035457242385056,2
1496,0.9517309629631137,0.0903657372772635,1
1488,0.9369025348494184,0.0903657372772635,1
1516,0.9369025348494184,0.0903657372772635,1
1536,0.9630974651505816,0.0903657372772635,1
1553,0.9369025348494184,0.0903657372772635,1
1682,0.9630974651505816,0.0903657372772635,1
2497,0.9369025348494184,0.0903657372772635,1
1421,0.9767309629631136,0.0903657372772635,1
1790,0.9166455423155802,0.09037020137844515,3
4250,0.971410438550326,0.09037757562785936,1
5911,0.9113692991139525,0.09041229417631969,1
5994,0.8948489334759215,0.09041651481139878,1
5962,0.9586693908479361,0.09041651481139878,1
1634,0.963090722407975,0.0904372802249123,3
290,0.9436594800296911,0.09044766410006815,1
5092,0.9436594800296911,0.09044766410006815,1
434,0.9436594800296911,0.09044766410006815,1
4665,0.9663749067078328,0.09053066904236717,2
4906,0.9193982201867206,0.09062036136886013,1
3290,0.9193982201867206,0.09062036136886013,1
2734,1.0,0.09062036136886013,1
3418,0.9193982201867206,0.09062036136886013,1
2783,0.9193982201867206,0.09062036136886013,1
5011,1.0,0.09062036136886013,1
4292,0.9715273233926701,0.09062044184971954,1
773,0.9332010404661351,0.0906501682982952,2
4198,0.9310433408670272,0.09066736290750711,13
4192,0.9934164284668322,0.0906773172621948,2
4346,0.9921132035226813,0.09067736796302957,1
3829,0.8614088023751729,0.09067736796302957,1
3728,1.0,0.09067736796302957,1
5006,1.0,0.09067736796302957,1
5889,1.0,0.09067736796302957,1
4891,1.0,0.09067736796302957,1
3288,1.0,0.09067736796302957,1
4298,1.0,0.09067736796302957,1
5795,0.9921132035226813,0.09067736796302957,1
3162,1.0,0.09067736796302957,1
3485,1.0,0.09067736796302957,1
1619,0.964272403599332,0.09068360987900215,2
2795,0.9365669673646236,0.09068604677703619,12
1583,0.966291854742546,0.09068864217127569,3
925,0.9487186003790397,0.0906939149825882,21
3659,0.949282720221553,0.09069870675582274,1
4286,1.0,0.09071131116037696,1
2031,0.9896832513681013,0.09071131116037696,1
4591,0.7757435961949063,0.09071131116037696,1
2283,1.0,0.09071131116037696,1
2036,1.0,0.09071131116037696,1
5321,0.9896832513681013,0.09071131116037696,1
1841,0.9896832513681013,0.09071131116037696,1
1578,1.0,0.09071131116037696,1
1623,0.8914171069872858,0.0907128064024571,2
1006,0.9308550182894977,0.09074460547843133,2
5604,0.9039528743331048,0.09076530160933097,1
5884,1.0,0.09081507955096374,3
2336,0.9657496409060103,0.0908628072120441,3
4243,0.9244548974076354,0.09086470185577561,1
2518,0.9823982613030104,0.09092675987932633,2
2084,0.9506848349937169,0.09092988325663459,1
2256,0.9482950530437495,0.09096248547601088,3
5455,1.0,0.09096606164157614,1
2186,0.9783924501499869,0.09096606164157614,1
5968,0.9783924501499869,0.09096606164157614,1
5870,0.9283924501499868,0.09096606164157614,1
5963,0.5283924501499868,0.09096606164157614,1
5158,1.0,0.09096606164157614,1
5864,0.9783924501499869,0.09096606164157614,1
5938,0.9783924501499869,0.09096606164157614,1
3206,0.9900913181013699,0.09096644944368562,2
3202,0.9666127943918034,0.0909978117871141,2
3983,0.965482981545307,0.09102086981092272,1
211,0.9497045107731419,0.09105007016957031,2
1448,0.6459316791251533,0.0910598755276507,1
1571,0.8459316791251533,0.0910598755276507,1
3858,0.9613040481890287,0.09106657417615512,1
4807,0.9613040481890287,0.09106657417615512,1
2691,0.6877596922757474,0.09111856894347727,4
4313,0.9999114792207197,0.09114671590720463,1
5918,1.0,0.09116752989594472,1
3770,0.9970577972223242,0.09116752989594472,1
5835,1.0,0.09116752989594472,1
4651,0.6417824799790482,0.09116752989594472,1
5715,0.9458023470275927,0.09118218370528024,3
2946,0.9309800951379729,0.09118439903236343,1
4191,0.9309800951379729,0.09118439903236343,1
3497,0.9309800951379729,0.09118439903236343,1
3505,0.8809800951379728,0.09118439903236343,1
3140,0.7114126279216848,0.09118439903236343,1
3657,0.9309800951379729,0.09118439903236343,1
3900,0.9309800951379729,0.09118439903236343,1
3173,0.9539680820898321,0.09118439903236343,1
3491,1.0,0.09118439903236343,1
2920,0.9842286326522007,0.09118974508457682,1
4451,0.9842286326522007,0.09118974508457682,1
4923,0.9842286326522007,0.09118974508457682,1
1313,0.9810373954586681,0.09119598360428371,1
1369,0.9236225680408581,0.09122308486258239,3
4126,0.9935962498026966,0.09123350272665641,2
3031,0.9675515221474494,0.09125747222805553,1
4201,0.9584563531941215,0.09126202124562016,2
4034,0.9600111142961858,0.09126405514326874,1
4486,0.9642294724790146,0.09126683680959682,2
2058,0.9923003460077414,0.0912876722494042,2
3265,0.9900503406600669,0.09129797837189303,2
2466,0.963835364582777,0.09131494997056673,2
5942,0.9390058712460351,0.09131834310100279,3
1042,0.9124552665427217,0.0913322628796395,2
3477,0.7165820424869399,0.09136256003147736,1
1397,0.9717248951516742,0.09144927474702502,1
1419,0.9717248951516742,0.09144927474702502,1
1348,0.9681489944078718,0.09145379086544177,34
4226,0.6097371140202597,0.09147553252998175,1
4012,1.0,0.09147553252998175,1
4089,0.9471154840347862,0.09147553252998175,1
2449,0.9197540717564817,0.09150848113438997,6
4916,0.9888965207214983,0.09151669102320607,3
87,0.9060817025221213,0.09152063224141177,2
742,0.9685908088669649,0.0915247031176099,17
4037,1.0,0.09154318800147171,1
5128,0.9748249710954008,0.09156267760815724,1
4431,0.9458868043318367,0.09170542913087937,5
2062,0.9959829408747534,0.09175955490372509,2
4552,0.985625729858794,0.09176477103070031,1
4520,0.985625729858794,0.09176477103070031,1
4657,0.985625729858794,0.09176477103070031,1
4210,0.9599920914616779,0.09176562492990636,4
3825,0.9541845099980852,0.09179293930660751,2
2843,0.9974383681039924,0.09180460589523383,1
3055,0.9974383681039924,0.09180460589523383,1
231,0.928192349508245,0.09180955509890482,4
2022,0.9319237644394063,0.09182327650940125,3
1256,0.9285275373430498,0.09183275841201294,1
1870,1.0,0.09183275841201294,1
1524,0.9553965444171967,0.09184696250602895,2
3034,0.9726628009856519,0.09186679671882174,1
4987,0.836392582440182,0.09187916908105494,4
2279,0.9977818646450344,0.09188499266236266,1
2507,0.8219363434566763,0.09188499266236266,1
2270,0.9977818646450344,0.09188499266236266,1
2932,1.0,0.09188499266236266,1
5012,0.9905728171692256,0.09188817832417623,1
5049,0.869486295579653,0.09190875263534053,1
4202,0.9637764131661831,0.09191054302194651,2
3289,0.9879874777974526,0.0919185887807565,1
3390,0.9379874777974526,0.0919185887807565,1
2719,0.9879874777974526,0.0919185887807565,1
2105,1.0,0.0919185887807565,1
2112,0.9879874777974526,0.0919185887807565,1
2278,0.8879874777974526,0.0919185887807565,1
2492,0.6879874777974526,0.0919185887807565,1
2358,0.9879874777974526,0.0919185887807565,1
2250,0.9379874777974526,0.0919185887807565,1
2253,0.8879874777974526,0.0919185887807565,1
2149,0.9938397322038424,0.0919185887807565,1
2220,0.9879874777974526,0.0919185887807565,1
2649,0.9879874777974526,0.0919185887807565,1
2267,1.0,0.0919185887807565,1
2066,0.9379874777974526,0.0919185887807565,1
2727,0.9379874777974526,0.0919185887807565,1
3440,0.9879874777974526,0.0919185887807565,1
2917,1.0,0.0919185887807565,1
2519,0.9379874777974526,0.0919185887807565,1
2479,0.9879874777974526,0.0919185887807565,1
2776,0.9879874777974526,0.0919185887807565,1
2534,0.9879874777974526,0.0919185887807565,1
2525,0.9589983151454604,0.09192053294367719,3
3596,0.9499945081959901,0.09192983786677295,2
2945,0.713972253155848,0.09193318807175821,2
5839,0.8435212270342863,0.09194175828702922,2
32,0.925831970086837,0.09194490862831788,6
4052,0.7719517545305565,0.0919568017968289,2
2288,0.9318121637999667,0.09195811458482064,2
569,0.9242696654074974,0.09198114171850008,2
4171,0.945902766694886,0.09200171206600016,1
4306,0.945902766694886,0.09200171206600016,1
4441,0.945902766694886,0.09200171206600016,1
5219,0.8215658641536643,0.0920361244348531,1
4848,0.9881458760434582,0.0920361244348531,1
4765,0.9381458760434581,0.0920361244348531,1
4010,0.9558306298263723,0.09203706704271758,1
4491,0.936165821192746,0.09205878825040509,1
4536,0.7290549859983655,0.09205878825040509,1
5146,0.972024538212402,0.09206351554016876,7
5419,0.9908536868211488,0.092064149361823,1
5444,0.9908536868211488,0.092064149361823,1
4203,0.8441522464528001,0.09210405216996617,4
3158,0.9705569750107481,0.09211915764702708,1
2228,0.9705569750107481,0.09211915764702708,1
2280,0.9705569750107481,0.09211915764702708,1
1767,0.892046637985016,0.09212109164908353,2
4849,1.0,0.0921275743295551,1
761,0.9528476894150164,0.0921289058087198,1
816,0.9528476894150164,0.0921289058087198,1
1146,0.9528476894150164,0.0921289058087198,1
1120,0.9598005084108862,0.09213421690036784,1
789,0.9598005084108862,0.09213421690036784,1
1058,0.8401994915891138,0.09213421690036784,1
2865,0.946175113273757,0.09214531769538253,2
3467,0.9669951774736857,0.09215318744496366,1
5935,0.9086693908479361,0.0921585509679893,2
1306,0.9569788494082522,0.09216165695306956,1
3044,0.9813713601853442,0.09216238938175915,6
2390,0.9309692637791898,0.09217139315100248,2
4439,0.9355611128433228,0.09217338762506727,4
2998,0.9409742494405463,0.09217426863680891,2
4412,0.9980050105667827,0.09218195298186796,2
5783,0.9721501229045877,0.09219140618943034,2
4153,0.9162735737472794,0.09220059284361326,1
2928,0.9550033212951541,0.0922025726865093,5
3084,0.8236382373311031,0.0922238661894309,2
5017,0.8031453147555119,0.09222550887933714,1
4944,0.9968546852444882,0.09222550887933714,1
5042,0.9968546852444882,0.09222550887933714,1
3301,0.9294073007836596,0.09223121164590964,1
145,0.8880334901480024,0.09224364178283298,1
511,0.8880334901480024,0.09224364178283298,1
311,0.8880334901480024,0.09224364178283298,1
1749,1.0,0.09224364178283298,1
247,0.8880334901480024,0.09224364178283298,1
442,0.8880334901480024,0.09224364178283298,1
71,0.7619665098519977,0.09224364178283298,1
505,0.8880334901480024,0.09224364178283298,1
74,0.8880334901480024,0.09224364178283298,1
313,0.8544555039024956,0.09225460905758817,2
138,0.9291934266666043,0.092257430414704,2
3510,0.9876216000632153,0.0922797183421129,4
5765,0.9163659534618447,0.09229376417369325,2
3318,0.9547235895969703,0.09232008758454693,2
5513,1.0,0.09232396030061762,2
1522,0.9585890788791875,0.09232622726768516,2
2490,0.9805788853599314,0.09232786786277786,1
2982,0.9835806408613588,0.09232786786277786,1
2474,1.0,0.09232786786277786,1
2240,0.5694211146400686,0.09232786786277786,1
5558,0.9301907357859766,0.09234463475620286,1
2307,0.8149165894631226,0.09234833796396366,1
1134,0.8955251098203935,0.0923559028261985,3
4018,0.987322471538916,0.0923693687452835,1
3761,1.0,0.09237279012617144,2
4351,1.0,0.09239383591239009,2
1962,0.9533935738451809,0.0923945674000752,1
2385,0.9114544858841046,0.0923945674000752,1
831,1.0,0.0923960265479129,1
5667,0.9223145435845567,0.09240997820549039,4
2599,0.9355136403170938,0.09241321118850569,2
503,0.9704799152305983,0.09241812481208121,2
5678,0.9601128429258201,0.092450864250133,1
3204,0.9554924059244821,0.09245502642785759,6
2453,1.0,0.09248041140769701,2
2206,0.9836838191260941,0.09248431217402121,1
1093,0.9052462487479537,0.09248729056352521,1
5923,0.9570874730115583,0.09248879998298584,1
5470,0.9570874730115583,0.09248879998298584,1
5293,0.9570874730115583,0.09248879998298584,1
2221,0.9628083974152263,0.09249316281208331,6
2452,0.9414032512666926,0.09249984397564898,1
5808,1.0,0.09250082807429129,1
5809,1.0,0.09250082807429129,1
2121,0.954168333710394,0.09251061953033558,4
1837,0.9549995292392683,0.09251587997628806,2
2950,0.9756811424840556,0.09252829216149208,4
2562,0.940403183671506,0.09253025908265272,2
1828,0.9039091777316816,0.09253138922092018,1
1868,0.9039091777316816,0.09253138922092018,1
3726,1.0,0.09253138922092018,1
2150,0.9039091777316816,0.09253138922092018,1
3379,0.9974981592173106,0.0925458531751629,3
2441,0.9750255594373894,0.09255044827563641,2
4416,0.9443570819195022,0.09255399580484715,3
3886,0.9499538404406596,0.09255897354047858,1
4241,1.0,0.09255897354047858,1
5883,0.9667735409084524,0.09256446019383315,1
5499,0.8299855397678594,0.09256446019383315,1
5559,0.9661098592645924,0.09256446019383315,1
5695,0.9299855397678594,0.09256446019383315,1
5757,1.0,0.09256446019383315,1
4730,0.9796681761985384,0.0925791704763421,1
5988,0.9454419564309453,0.0925851809092012,1
5682,0.9454419564309453,0.0925851809092012,1
5595,1.0,0.0925851809092012,1
5469,0.9683998332341949,0.0925851809092012,1
4484,0.9454419564309453,0.0925851809092012,1
3411,0.9416199798505279,0.09259521073110175,1
2068,0.9418268013001718,0.09259521073110175,1
4236,0.9642384976955198,0.09260966081980963,17
5564,0.707946752923515,0.09261378608923881,1
5234,0.831356217073291,0.09263182407544268,1
5267,0.9828788482501767,0.09263709577395603,3
2271,0.9543592859278135,0.09265073270877171,2
4366,0.9390521348409511,0.09265187574423593,3
324,0.9388028768025657,0.09265951987905673,5
2556,0.9779057739155966,0.09266357744244634,3
5365,0.9574929460306028,0.09266863207863092,1
3227,0.9808433939634604,0.09269096958796245,2
4534,0.9970577972223242,0.09269499074256708,3
1934,0.9851498832500094,0.09269813054578699,2
3779,0.840319094696043,0.09270190532299839,1
1391,0.9205490464855118,0.09270544285572342,2
2421,0.979971883391573,0.09270817031138393,2
5856,0.9899035064225117,0.0927288835743751,1
4376,0.9600964935774883,0.0927288835743751,1
4626,0.9600964935774883,0.0927288835743751,1
4633,1.0,0.0927288835743751,1
556,0.9966565690900154,0.09273592938933807,2
1213,0.9504306866721236,0.09274299635158259,2
4106,0.8329261913371018,0.09276663546975891,1
1692,0.9599798600805243,0.09276908511860185,2
2765,0.8270544789763621,0.0927739725491759,1
3423,0.9674933935906385,0.09278006863810702,1
5465,0.975590162812582,0.09279021325949753,3
471,0.994104623874514,0.09279564415404921,1
5583,0.9770945648296521,0.09280503942433052,2
2803,0.9697709461144857,0.09281415032798866,6
1123,1.0,0.09281923495081701,1
3661,0.9731990075079404,0.09282181590315118,2
2711,0.8695595011643349,0.0928265448831245,2
541,0.9687751788573717,0.09283548662650447,1
721,0.5812248211426283,0.09283548662650447,1
94,0.9687751788573717,0.09283548662650447,1
5048,0.9859113950546687,0.09284201702287458,1
5675,1.0,0.09284201702287458,1
5557,1.0,0.09284201702287458,1
4444,0.8410332822551743,0.09284677434470077,2
4894,0.9874107935421351,0.09285096789925279,1
4378,0.9261002599160651,0.09286027867714616,1
4425,0.9261002599160651,0.09286027867714616,1
2214,0.9493550277785463,0.09286749814840724,31
1170,0.9330162806598246,0.09287017869557049,2
1258,0.9933198054808317,0.09287093682457022,3
1199,0.9665900723625768,0.09290587083431434,2
2108,0.9673709588764544,0.09290688638961636,2
1913,0.9714460352633711,0.09291206114767313,2
3420,0.9513996177756577,0.09291372906424174,1
5315,0.945538438363126,0.09292406623057697,2
2325,0.9684915754027534,0.0929245447886134,10
2805,0.9354939454389292,0.09293747156822137,11
4887,0.9749306900311844,0.09293969994020743,2
5624,0.9746257836677944,0.09294044724058224,2
3582,0.9197935908513515,0.09294059135795343,2
4530,0.9869318631996908,0.09294235306161411,5
5397,0.9711364480756542,0.09294678309374395,4
2224,0.9240535095030654,0.09297171369847843,5
3679,0.9363039891628007,0.09297461597677706,2
3844,0.9351169169009881,0.0929864688132546,3
3542,0.9570777992917765,0.09300472672812897,1
790,0.9780651341752072,0.09300725229013765,2
1399,0.9033873503765242,0.09302047797068519,1
2564,0.9617542648781348,0.09303338340283394,2
5269,0.9711247224854097,0.09303793579595766,5
4135,1.0,0.09304887847984462,3
1616,0.9401846079855937,0.09306545768319267,4
3166,0.9348361092100257,0.0930699392492182,2
5528,0.9654978951330625,0.09307199006791289,5
5985,0.9548692917505018,0.09307657476116202,1
3678,0.5647197877102696,0.09307657476116202,1
3882,0.9852802122897304,0.09307657476116202,1
5813,0.9852802122897304,0.09307657476116202,1
2189,0.982703017151851,0.09309187244891037,3
5123,0.8225073430600188,0.09310096102667662,2
3729,0.9734126155022711,0.09310113937375925,2
5052,0.6293658287060317,0.09311308270672577,2
5550,0.9885418278679818,0.09312707250807316,3
2038,0.9472785106672278,0.09314267350844975,1
5598,0.7674783357129438,0.09314380354044996,2
5770,1.0,0.09314807360160152,1
5721,1.0,0.09314807360160152,1
4440,0.972990095352082,0.093154135227199,3
2464,0.95690039138185,0.09315738819436802,6
4600,0.8664868588601603,0.09317127445341215,1
1476,0.9161132769169245,0.09317570321165156,2
4963,0.9567242627418493,0.09318009506581007,2
3365,0.9881615968448788,0.09318230777051634,1
3469,0.9881615968448788,0.09318230777051634,1
4998,1.0,0.09318230777051634,1
2553,0.9881615968448788,0.09318230777051634,1
3637,1.0,0.09318230777051634,1
2459,0.9881615968448788,0.09318230777051634,1
2203,0.9381615968448789,0.09318230777051634,1
2667,0.9618384031551211,0.09318230777051634,1
5786,1.0,0.09318230777051634,1
4607,0.9618384031551211,0.09318230777051634,1
2984,0.8618384031551212,0.09318230777051634,1
3771,0.9881615968448788,0.09318230777051634,1
2422,0.9381615968448789,0.09318230777051634,1
5706,1.0,0.09318243950154634,1
5747,1.0,0.09318243950154634,1
4816,0.9119293439859568,0.09318498374386698,3
5348,0.9734532214425772,0.09319469462649672,1
969,0.9004676627913298,0.09319847539120946,1
271,0.9188690004605721,0.0932128329688315,2
4423,0.9824010555210416,0.0932205667129401,4
1106,0.9167627207812421,0.09322968731120554,2
4800,0.976571661100267,0.09323050945060601,3
3308,0.7384286252130887,0.09324769690994572,1
3709,0.9115713747869112,0.09324769690994572,1
1051,0.9181869208600789,0.09325019806951362,2
5672,0.9644907724139676,0.09325313448281758,1
2181,1.0,0.09325928037024311,4
1889,0.9705039317549996,0.09326277109502,3
2829,0.9457800127640533,0.09326337959167588,4
5372,1.0,0.09326544409245817,1
5580,0.9843798654452808,0.09326544409245817,1
3730,0.9685134911560289,0.09327569645005676,2
4411,0.9374784092016182,0.09327762544932391,8
403,0.9667845268679418,0.09328726749081331,1
4105,1.0,0.093300483733966,4
3524,0.9853792140646483,0.09330522818564846,2
2317,0.9837392532942044,0.09331868517414228,3
4719,1.0,0.09332465442004716,3
2955,0.9768169204117814,0.09332580515823005,2
1531,0.9851602156517775,0.09332818773479437,1
5527,0.9737117014975805,0.09334769531337929,3
2169,0.95543617525777,0.09336190675616997,1
3196,0.9911576616466101,0.09336874094051521,2
2130,0.9775238912366597,0.09337386393011995,1
1985,0.9724761087633402,0.09337386393011995,1
3323,0.9404534822570091,0.09338284375651947,3
5466,0.9815854435570821,0.0933841297166665,5
1479,0.975797812637753,0.0934042497512691,2
3704,0.8678496809989056,0.09340927593038843,3
3348,0.961471941145676,0.09341685492754362,2
3336,0.9515155366517766,0.09341685492754362,2
2761,0.951004403465462,0.09343430648323148,3
1622,0.9756788524320676,0.0934579785934853,1
1549,0.9256788524320677,0.0934579785934853,1
1481,0.9256788524320677,0.0934579785934853,1
1259,0.9256788524320677,0.0934579785934853,1
2237,0.9256788524320677,0.0934579785934853,1
3009,0.9256788524320677,0.0934579785934853,1
1336,0.9256788524320677,0.0934579785934853,1
4295,0.9785617644402392,0.09346180518158499,7
615,0.9455392428177755,0.09346278582548986,1
2330,0.9455392428177755,0.09346278582548986,1
2301,0.9455392428177755,0.09346278582548986,1
2417,0.9455392428177755,0.09346278582548986,1
485,0.9455392428177755,0.09346278582548986,1
543,0.9513094028697624,0.09347163254329913,1
524,0.9777383901709863,0.09347899006448611,1
504,1.0,0.09347899006448611,1
2433,1.0,0.09348609710745587,2
2393,0.9684151095697424,0.09348609710745587,2
2644,0.8379288058828397,0.09351575681816277,4
4339,0.8555449180325441,0.09352558612927475,5
1710,0.9451126819352922,0.09352670281660197,1
2828,0.8472467990052859,0.09353109301894132,3
3455,0.9862180820416184,0.09354117330364514,3
3046,0.9964687357841107,0.09354939454378691,1
851,0.9750435674771967,0.0935522451770753,4
1300,0.9499103813979408,0.09356591663727404,2
1404,0.9891646390614833,0.09357776104521455,3
1604,0.9628682878314322,0.09359395507403155,1
1036,0.9744098745031778,0.0935979317696331,2
2341,0.949287155862418,0.093602391758237,3
5104,0.9974471587955551,0.09360777054841474,1
4825,0.9765996646294292,0.09360951140568044,2
4539,0.9599469845706113,0.09362102694504561,3
430,0.9554077357320879,0.09362702262824418,1
1486,0.9522512710044603,0.09362783562146312,5
2608,0.9414428983556482,0.0936558080053091,1
2626,0.9900811627823389,0.09366399329285033,2
5540,0.9669498267620135,0.09366719946869714,2
5125,0.9764627158807597,0.09366983970652991,3
1101,0.974141910363814,0.09367385468106279,1
1108,0.974141910363814,0.09367385468106279,1
1117,0.974141910363814,0.09367385468106279,1
595,0.9721846516038248,0.09367449179371981,2
3171,0.9301194959755719,0.09367616327543235,2
1856,0.9594016107972795,0.09368733178524664,3
5282,0.9375729305681468,0.09369580882798503,1
4975,1.0,0.09369580882798503,1
5292,0.9375729305681468,0.09369580882798503,1
1273,0.92149295482993,0.09370023408226089,1
5597,0.9696013721431673,0.0937024261716987,1
5517,1.0,0.0937024261716987,1
5518,0.9696013721431673,0.0937024261716987,1
5700,0.9269381711766163,0.09370544441583112,1
4200,0.9780132258537737,0.09370544441583112,1
5459,1.0,0.09370544441583112,1
5409,1.0,0.09370544441583112,1
5426,0.9780132258537737,0.09370544441583112,1
4148,0.9780132258537737,0.09370544441583112,1
5829,0.844421990808917,0.09370544441583112,1
4239,0.9780132258537737,0.09370544441583112,1
5306,0.9780132258537737,0.09370544441583112,1
5322,0.9780132258537737,0.09370544441583112,1
5863,1.0,0.09370544441583112,1
5445,0.9780132258537737,0.09370544441583112,1
2100,0.9871594927616141,0.09370671538983372,2
5257,0.9765380123123844,0.09371505797430482,2
3784,0.9457085513218613,0.09372211367530914,2
2375,0.9261401880913652,0.09372424161542589,1
34,0.9238532955518528,0.0937281280788498,3
286,0.9582445188205418,0.09373464582282166,2
3338,0.931316057975486,0.09373513456124018,1
3245,0.9291445969090024,0.09373513456124018,1
4488,0.9291445969090024,0.09373513456124018,1
5500,1.0,0.09373513456124018,1
4147,1.0,0.09373513456124018,1
4146,0.9291445969090024,0.09373513456124018,1
3710,0.9291445969090024,0.09373513456124018,1
4077,0.9291445969090024,0.09373513456124018,1
3205,0.9291445969090024,0.09373513456124018,1
3164,0.9291445969090024,0.09373513456124018,1
5895,0.9291445969090024,0.09373513456124018,1
4282,0.9291445969090024,0.09373513456124018,1
4246,0.9334875190419697,0.09373513456124018,1
3673,0.9791445969090025,0.09373513456124018,1
3671,0.9334875190419697,0.09373513456124018,1
4170,0.9791445969090025,0.09373513456124018,1
3251,0.9410039401017541,0.09373513456124018,1
3240,0.9291445969090024,0.09373513456124018,1
4371,0.9291445969090024,0.09373513456124018,1
2134,0.9130734885234617,0.09374069749349606,2
1738,0.9858151297357922,0.09374244391139927,2
5504,0.9344487036183569,0.09374439807428121,2
4962,0.9966388127246619,0.09374784092018579,1
5272,1.0,0.09375038425370948,1
5355,0.977009893735915,0.09375038425370948,1
1324,0.9823660406603704,0.09375511510774887,2
5844,0.9405086748251299,0.0937603930706929,1
190,0.9405086748251299,0.0937603930706929,1
2799,0.9478639062438009,0.09376802876724505,2
2620,0.9588052347565135,0.09376809710388635,1
4964,0.9411947652434866,0.09376809710388635,1
2104,0.9682150296543208,0.09377054679117487,3
1206,0.9906094999092474,0.09377865911146954,2
1429,0.95633270369893,0.09378277724239126,1
1416,0.95633270369893,0.09378277724239126,1
1351,0.95633270369893,0.09378277724239126,1
771,1.0,0.09379169644649954,1
316,0.9620576734313956,0.09379769608549562,2
2274,0.9500760593263227,0.09380603695158714,3
813,0.9867114067801075,0.09380939504773325,1
783,0.9867114067801075,0.09380939504773325,1
888,0.9653180086247851,0.09381009052036848,1
4401,0.9475264490356939,0.09382200232435292,2
1673,0.9428558990833634,0.0938243120071384,2
2912,0.9666746948489267,0.09382737101000167,1
2959,0.9666746948489267,0.09382737101000167,1
2930,0.9666746948489267,0.09382737101000167,1
2997,0.9666746948489267,0.09382737101000167,1
3094,0.9333253051510734,0.09382737101000167,1
3088,0.9666746948489267,0.09382737101000167,1
3070,0.9666746948489267,0.09382737101000167,1
3075,0.9666746948489267,0.09382737101000167,1
3069,0.9333253051510734,0.09382737101000167,1
4099,0.9666746948489267,0.09382737101000167,1
3083,0.9666746948489267,0.09382737101000167,1
2991,0.9666746948489267,0.09382737101000167,1
2975,0.9666746948489267,0.09382737101000167,1
2931,0.9666746948489267,0.09382737101000167,1
5530,1.0,0.09382737101000167,1
2423,0.9666746948489267,0.09382737101000167,1
3010,0.5833253051510734,0.09382737101000167,1
3400,0.8333253051510734,0.09382737101000167,1
2357,0.9666746948489267,0.09382737101000167,1
3038,0.9333253051510734,0.09382737101000167,1
3192,0.9666746948489267,0.09382737101000167,1
4323,0.9666746948489267,0.09382737101000167,1
3579,0.9666746948489267,0.09382737101000167,1
5779,1.0,0.09382737101000167,1
4314,0.9666746948489267,0.09382737101000167,1
2827,0.9666746948489267,0.09382737101000167,1
2832,0.9666746948489267,0.09382737101000167,1
2824,0.9666746948489267,0.09382737101000167,1
2853,0.9666746948489267,0.09382737101000167,1
3652,0.9666746948489267,0.09382737101000167,1
1370,0.9397486273138149,0.09384490945543442,4
2836,0.9976717942363644,0.09385083913089107,1
4650,0.9778353270733697,0.09385712921385307,5
2360,0.9945936892081199,0.09386061502878419,1
1727,0.9574356806837753,0.09388808201103069,4
2051,1.0,0.09389161730884452,2
1799,0.9813242873344487,0.09389172526200523,4
4582,0.8009818846246537,0.09390368907893798,2
590,0.9439415341034743,0.09390418373688614,6
4159,0.9636536148701087,0.09390851270255732,4
172,0.905463447485812,0.09391254463585819,1
205,1.0,0.09391254463585819,1
255,0.9387787284756808,0.09391254463585819,1
252,0.905463447485812,0.09391254463585819,1
2809,0.9236558608659551,0.09391360851392969,4
1500,0.9701892667312084,0.0939168029745582,2
2993,0.9322398901936637,0.09392999583532162,4
4993,0.9783953846399586,0.09393285570754657,3
1706,1.0,0.09393398593589122,1
1681,0.9582262519581883,0.09393398593589122,1
2995,0.9582262519581883,0.09393398593589122,1
1530,0.9582262519581883,0.09393398593589122,1
1470,0.9582262519581883,0.09393398593589122,1
5053,1.0,0.09393398593589122,1
2420,0.9117413076212387,0.09393703215916026,2
2999,0.997446577055223,0.09394206813135231,1
1320,0.9960090122977664,0.09395297700297449,2
1017,0.8947537512520464,0.09397208405888585,1
919,0.9052462487479537,0.09397208405888585,1
1016,0.9052462487479537,0.09397208405888585,1
4861,0.9851940936025543,0.09397286958873752,4
5670,0.9726824825749115,0.09397295407193997,1
5573,0.9726824825749115,0.09397295407193997,1
5802,0.9726824825749115,0.09397295407193997,1
5999,0.6773175174250884,0.09397295407193997,1
5916,1.0,0.09397295407193997,1
5034,0.7706611146053484,0.09398083558483689,1
4803,0.9344806291259584,0.09398083558483689,1
4670,0.9344806291259584,0.09398083558483689,1
5318,0.9982519075644979,0.0939939383017801,4
3668,0.960118308391815,0.09399584791774637,2
3217,0.9703471758236214,0.09400160212904092,3
3153,0.9708183856484225,0.09400385517098005,3
1633,0.9720965433490737,0.09400995242832505,2
4124,0.9826739231900589,0.09402020430235557,5
1189,0.9469319468630066,0.09402649358462148,1
1587,1.0,0.09402740718099659,2
407,1.0,0.09405754008786614,2
1402,0.9324708529707387,0.09407260689717933,4
4886,0.9659847163576591,0.09407627942946739,4
2365,0.952826383248065,0.09407687125109604,3
4229,0.9093035594128571,0.09408817766051414,2
3609,0.9787619886291936,0.09409208573427076,3
1455,0.9677990712332155,0.09409391787766654,1
1806,0.9764203751763977,0.09409404695069823,8
4588,0.9638151799924859,0.09409460471379523,2
1517,0.9757960034753926,0.09409462710004744,7
4578,0.9657286045356887,0.09409507492816051,3
4316,0.959685946653909,0.0940975645317025,3
5536,0.9560852107949781,0.09410311488826172,2
5398,0.9704087628610515,0.09410486414588802,4
3719,0.9116752989298382,0.09411559444464843,61
4703,0.9729398826259777,0.0941291712934755,2
1184,1.0,0.09413163887251368,1
1342,0.9424154150121499,0.09413776031864382,2
3453,0.9788684203698916,0.09413852216203966,5
4276,0.9596016293754122,0.09414502009902956,2
4033,0.9701349565047531,0.09414567881518433,1
4255,0.9420007287197991,0.09414567881518433,1
4829,0.9809452527154099,0.09417711537675735,2
2092,0.9497045107731419,0.09418202415483001,1
2184,0.9497045107731419,0.09418202415483001,1
785,0.9497045107731419,0.09418202415483001,1
759,0.9497045107731419,0.09418202415483001,1
237,0.6002954892268582,0.09418202415483001,1
2197,0.9497045107731419,0.09418202415483001,1
2151,0.9497045107731419,0.09418202415483001,1
4096,0.9497045107731419,0.09418202415483001,1
624,0.9568798571676851,0.09418636688940843,1
3877,1.0,0.09419422752986083,1
5263,0.9805663331653778,0.09419422752986083,1
1902,0.9804536287575282,0.09420845778998069,2
3347,0.9717993835607598,0.09421597722618565,3
2489,1.0,0.09421982603082546,2
2166,0.7795892459667448,0.09422407443506524,3
317,0.9632647049986998,0.09422594318228966,4
4936,1.0,0.09422740931116574,1
4798,1.0,0.09422740931116574,1
1095,0.8918453573149944,0.09423401280105956,4
1596,0.9598451229264107,0.09423441088370942,7
2578,0.9301469039140726,0.09423589935096983,2
5930,0.9750195392227756,0.09423699591884643,1
1772,1.0,0.09423749070129263,3
1447,0.9127382238979473,0.09424064661280987,4
162,0.9712249532671401,0.09424325900399563,2
4750,0.7572046778060003,0.09424391945817404,1
4594,0.9231666783251927,0.09424691459583848,7
2327,0.9689670749400767,0.09424938721396645,1
744,0.9583361548527126,0.09425726372285056,4
5880,0.9746851925093557,0.09426285829938905,1
5986,1.0,0.09426285829938905,1
5937,0.9746851925093557,0.09426285829938905,1
5183,1.0,0.09426285829938905,1
5633,1.0,0.09426711296738222,2
2263,1.0,0.09426714042905376,1
2234,0.9702208151902415,0.09426714042905376,1
3521,0.974094624335849,0.09428297129342844,2
792,0.9106536448266206,0.0942832330286846,2
2510,0.9687222912455516,0.09428671725810683,1
1698,0.9302756229089567,0.09428671725810683,1
1588,0.9302756229089567,0.09428671725810683,1
1683,0.9302756229089567,0.09428671725810683,1
1614,0.9302756229089567,0.09428671725810683,1
1659,1.0,0.09428671725810683,1
1646,1.0,0.09428671725810683,1
1344,0.9448513021146137,0.09428909766375437,2
5057,0.9634390279653287,0.09429765366087223,1
2856,0.9865609720346713,0.09429765366087223,1
2849,0.9865609720346713,0.09429765366087223,1
2882,0.9865609720346713,0.09429765366087223,1
2883,1.0,0.09429765366087223,1
1833,0.9233089647210014,0.09430611244333523,2
5119,0.9601004888453893,0.09430651930313008,2
1527,0.9650639812272991,0.0943093524485583,6
1194,0.9448714586740522,0.09431573833251833,1
4702,1.0,0.09431653233383472,2
1924,0.9549995292392683,0.09432044879219915,1
1965,0.9549995292392683,0.09432044879219915,1
1999,0.9549995292392683,0.09432044879219915,1
1963,1.0,0.09432044879219915,1
4092,0.9663016033561843,0.09433540837173607,2
3694,0.9666746948489267,0.09433988369873772,2
4133,0.9819134519130326,0.09433988369873772,2
2624,1.0,0.09433988369873772,2
4596,0.9765800068021951,0.09435315060347489,3
5358,0.9644163096116094,0.09435532418532774,2
3279,0.9534463177583631,0.09436342263035197,1
2445,0.9534463177583631,0.09436342263035197,1
3768,0.9517696275633383,0.0943684742613955,2
4177,0.9754923086805307,0.09437170731940205,1
435,0.9485398817359362,0.0943740469550789,2
731,0.9614993518236685,0.09437552323982333,1
711,0.9885006481763315,0.09437552323982333,1
4915,0.9659792034036839,0.09437599739919666,2
4061,0.9719146892823852,0.09437707550508977,1
473,0.9672128282006195,0.09438444190253921,1
1335,1.0,0.09438444190253921,1
2533,1.0,0.09438444190253921,1
326,0.9172128282006194,0.09438444190253921,1
55,0.9172128282006194,0.09438444190253921,1
1858,1.0,0.09438444190253921,1
368,0.9172128282006194,0.09438444190253921,1
210,0.9172128282006194,0.09438444190253921,1
429,0.9172128282006194,0.09438444190253921,1
354,0.9172128282006194,0.09438444190253921,1
294,0.9172128282006194,0.09438444190253921,1
195,0.9172128282006194,0.09438444190253921,1
584,0.9172128282006194,0.09438444190253921,1
122,0.9436994895053555,0.09438444190253921,1
4946,0.9172128282006194,0.09438444190253921,1
1428,1.0,0.09438444190253921,1
4945,0.8994955023103828,0.094398126478806,4
5571,1.0,0.09440210373437156,3
3089,0.9884974610518376,0.09441926484338083,1
2800,0.950211403223108,0.09442005697443462,2
4872,0.984486730968735,0.09442171048933849,1
5194,0.984486730968735,0.09442171048933849,1
3610,0.9719967395903323,0.0944264838713352,4
1951,0.9606347787974193,0.09443013965901502,7
2268,0.8419120134986391,0.09443424820054615,2
1480,0.9689088484903958,0.09445876071863823,3
2563,0.9671744365218574,0.09447165214672881,3
3021,0.9934164284668322,0.09447238002002005,2
677,0.9430602003729608,0.09447878638318778,2
5283,0.9368116853777678,0.09448515699197246,1
4274,0.9499580521540005,0.09448593879277445,5
2475,0.9617599965423702,0.09449196203023501,10
4630,0.9767893208656386,0.09449711291412934,3
4082,0.9686687204739077,0.09450380360482473,1
4760,0.8057320213339536,0.09450380360482473,1
3799,0.9781180650362363,0.09450380360482473,1
4836,1.0,0.09450380360482473,1
4305,0.9686687204739077,0.09450380360482473,1
4353,0.9022520836200812,0.09450519696882839,9
1741,0.9881328238654438,0.09450637391820221,2
2117,0.9396832513681013,0.09450637391820221,2
4653,1.0,0.0945094962691394,1
4705,1.0,0.0945094962691394,1
5852,0.9903709660863421,0.09452101372215381,4
1586,0.9484014806126353,0.09452986725843102,2
2272,0.9931802428009635,0.09453135961509912,2
329,0.9617333966558919,0.09453732749572799,1
1854,1.0,0.09453732749572799,1
379,0.9617333966558919,0.09453732749572799,1
662,0.9860675188966734,0.09454248322634509,1
1992,0.9570262019913752,0.09454296173076988,3
438,0.9392430665411443,0.09454603035969693,2
3111,0.9583605492096918,0.09455467430209577,2
1909,0.7517094083268008,0.0945563005511772,1
2207,0.9663135683069366,0.0945563005511772,1
612,0.9663135683069366,0.0945563005511772,1
2557,0.9663135683069366,0.0945563005511772,1
765,0.9663135683069366,0.0945563005511772,1
887,0.9663135683069366,0.0945563005511772,1
2615,0.9663135683069366,0.0945563005511772,1
5972,0.9663135683069366,0.0945563005511772,1
1537,0.9663135683069366,0.0945563005511772,1
3434,0.9663135683069366,0.0945563005511772,1
3573,0.948450259765596,0.09457465428178514,3
5482,0.9565260074179317,0.09458239345865867,17
3624,0.96656895192793,0.09458674686077477,6
567,0.9514812266239443,0.09459105967062291,3
1687,0.9582262519581883,0.09460678974255951,2
5045,0.9666991697592537,0.09460680956852612,3
3803,0.9587884284821094,0.09460850001229361,7
3997,1.0,0.09461922643030987,1
2458,0.9700077308403241,0.09461922643030987,1
4046,1.0,0.09461922643030987,1
4083,1.0,0.09461922643030987,1
5989,0.729992269159676,0.09461922643030987,1
2071,0.9835823128224911,0.09462697567121155,5
5089,0.9857203485648202,0.09463220302142328,1
108,0.9164581866985462,0.09463310378161553,6
5903,0.7783924501499868,0.0946337491588018,2
2864,1.0,0.09463476118506708,1
2312,0.9504371416695752,0.09463904982880453,5
3298,0.9669070443427092,0.09464040520928957,2
763,0.9985399932676604,0.0946425686870464,3
517,0.974489486782414,0.0946447099765317,3
5634,0.9780032927007382,0.09465176362286594,3
3873,0.963398866870184,0.09465609316305665,2
3388,0.9689047527299648,0.09465857257327544,3
2320,0.9345376739418088,0.09466004286123184,1
2372,0.8845376739418087,0.09466004286123184,1
2353,0.8845376739418087,0.09466004286123184,1
2512,0.8334938852268508,0.0946646589049662,2
3078,0.9617269327728685,0.09466719295885578,2
4723,0.9522489610371576,0.0946732958055654,3
596,0.9602261547440644,0.09467524288904906,1
3396,0.992266794512524,0.09467824564475821,2
3903,0.8812793052565336,0.09468585162014086,32
5753,0.9845378164688652,0.09469662897796036,2
3104,0.9634906771945191,0.0946976269045678,3
2032,0.9530039017271958,0.09469949621736795,2
5866,0.9615036163855367,0.09470228936705521,1
1679,0.9567081664757888,0.09470331586584231,1
4337,0.9543505429897216,0.09470661285171456,6
4300,0.9655471262421219,0.09471591323423895,4
389,0.949691706058124,0.0947163150892327,2
3853,0.9987338514174455,0.09471644209129416,1
4685,0.997933142560533,0.09472104083622213,1
3716,0.9928266532459067,0.0947219228445558,1
3546,0.9923948194556544,0.09472653971766037,1
1696,0.9923948194556544,0.09472653971766037,1
1052,0.9534822058930256,0.09472737021261449,8
4328,0.9734445595631515,0.09472867654899096,3
2414,1.0,0.09473279554733077,1
2383,0.9731280317880088,0.09473478329765386,1
5261,0.9475996619866585,0.09473478329765386,1
4689,0.9975996619866585,0.09473478329765386,1
1401,0.9583799528275992,0.09474375878069602,3
508,0.9546391416253847,0.09475456754318759,4
1891,0.9668290146576292,0.09475655333248388,1
1903,0.9668290146576292,0.09475655333248388,1
2807,0.9766990268293287,0.09475910475539293,2
3085,0.9666746948489267,0.09476408495034913,2
3077,1.0,0.09476408495034913,2
2905,0.7906935815567733,0.09476408495034913,2
170,0.973926129242959,0.0947647977336544,1
5823,1.0,0.09476993874356113,1
5545,1.0,0.09476993874356113,1
5713,1.0,0.09476993874356113,1
2321,0.9665273383163138,0.09477301725875521,1
2894,0.9507418714051067,0.09477301725875521,1
2696,0.9665273383163138,0.09477301725875521,1
3073,1.0,0.09477301725875521,1
2323,0.9665273383163138,0.09477301725875521,1
3139,0.9665273383163138,0.09477301725875521,1
1127,0.9310214663128498,0.09477448123212803,2
3442,0.9550299759753851,0.09478093208669418,2
4778,0.9818190923619945,0.09478382282174366,2
692,1.0,0.09478687475599407,2
4057,0.9653120817032332,0.09479229937897543,2
3093,0.983508762933162,0.09479352209605735,3
1949,0.9358720689913603,0.09479828586525663,2
2537,0.963331948245035,0.09479936241818208,3
325,0.939519192231258,0.09480102487028388,11
3110,0.977534213594438,0.09480210094497832,3
4417,0.9525965980477302,0.09481146647270537,3
3381,0.9322666105471702,0.0948185296146149,3
1307,0.9692167454605446,0.0948224703409537,2
5577,0.9780032927007382,0.09482496188118429,5
3165,0.9572302501969998,0.09483239712968206,6
2255,0.9650004640980886,0.09483603239894378,6
1176,0.8945699692838425,0.09483725241340935,3
4691,0.9774922614998603,0.09483753675174326,1
5687,0.7262044492181187,0.09483988253578514,1
5744,0.8263086385201721,0.09483988253578514,1
5643,0.9987270993330061,0.09484093241264478,3
150,0.9791407703103971,0.09484202355705951,3
3297,0.9507418714051067,0.09484406916654298,2
4754,0.9734064786692818,0.09484455680186772,1
5252,1.0,0.09485239638747378,1
4020,0.9819134519130326,0.09485239638747378,1
5133,0.9819134519130326,0.09485239638747378,1
3537,0.9680865480869674,0.09485239638747378,1
5851,0.9894527528121266,0.09485723228574913,2
4970,0.9814656951809482,0.0948592806152323,4
5605,0.9694313787591909,0.09486402066701993,3
2143,0.9908979382851338,0.09487184157198662,2
4774,0.9798058838168985,0.0948744270994304,3
4000,0.9837875053245106,0.09487840199879947,2
961,0.9247634954174556,0.09488260138727601,4
3331,0.9841700702867603,0.094890848166192,1
681,0.9918016000928459,0.09489232851758012,3
2940,0.9394206813153977,0.09489315411044591,8
4969,0.9360777054825739,0.09489431759111021,3
5616,1.0,0.09489679662637124,2
842,0.9457268118238467,0.09489862935132642,3
409,0.9809661354544493,0.09490161136577198,3
3883,0.9349564044938995,0.09491512107433073,1
3891,0.9650435955061005,0.09491512107433073,1
3306,0.9349564044938995,0.09491512107433073,1
2968,1.0,0.09491512107433073,1
3387,0.9349564044938995,0.09491512107433073,1
3822,0.9349564044938995,0.09491512107433073,1
3523,0.9349564044938995,0.09491512107433073,1
4309,1.0,0.09491512107433073,1
3080,0.9849564044938995,0.09491512107433073,1
4013,0.9349564044938995,0.09491512107433073,1
4442,0.9349564044938995,0.09491512107433073,1
3138,0.9349564044938995,0.09491512107433073,1
3647,0.9650435955061005,0.09491512107433073,1
3687,0.9650435955061005,0.09491512107433073,1
2994,0.9349564044938995,0.09491512107433073,1
3443,0.9349564044938995,0.09491512107433073,1
3702,0.9349564044938995,0.09491512107433073,1
3662,0.9650435955061005,0.09491512107433073,1
3848,0.9349564044938995,0.09491512107433073,1
4576,0.9349564044938995,0.09491512107433073,1
5061,0.9349564044938995,0.09491512107433073,1
3514,0.8508129959344434,0.09491512107433073,1
3112,0.9349564044938995,0.09491512107433073,1
4165,0.9849564044938995,0.09491512107433073,1
4029,0.6150435955061004,0.09491512107433073,1
3048,1.0,0.09491512107433073,1
3181,0.9349564044938995,0.09491512107433073,1
4028,0.9650435955061005,0.09491512107433073,1
3222,0.9349564044938995,0.09491512107433073,1
5047,0.9349564044938995,0.09491512107433073,1
3684,0.9650435955061005,0.09491512107433073,1
4447,0.9650435955061005,0.09491512107433073,1
5805,0.9873130722179486,0.09491637641155765,1
4851,0.9786581897807439,0.09492462570485989,6
2232,0.9914311835427421,0.09493126872020234,1
3271,0.9568220844558086,0.09493376320291429,1
702,0.9732491157777177,0.09494119480082888,2
3615,0.5337812457503796,0.0949454081125873,3
1974,0.9403122250540663,0.09494829295051901,2
5009,0.9750401155715245,0.09495267132973684,3
5093,0.9430165997946102,0.09495360812879704,2
5666,0.8849258163170288,0.09495382911373816,1
5710,0.9901492708715591,0.09495650658883174,1
185,0.9486496730295328,0.09495872133073188,2
796,0.973217728043712,0.09496271432822241,1
918,0.976782271956288,0.09496271432822241,1
5627,0.9893835674338576,0.094965372327641,1
3838,0.6694255579901373,0.094965372327641,1
5692,0.9606164325661424,0.094965372327641,1
5630,0.9644113276441914,0.094965372327641,1
5893,1.0,0.094965372327641,1
5673,0.9606164325661424,0.094965372327641,1
2364,0.9608969026570053,0.09496955261590712,3
951,0.9574518897256031,0.0949764309030745,1
2713,0.9697723270185862,0.09497797679512643,2
1606,0.9779982087878547,0.09498167346816562,1
2895,0.9638946137523624,0.09498645884398191,2
3033,0.9582905515182127,0.09498645884398191,2
3035,0.9444639223536514,0.09498645884398191,2
2862,0.955569308601289,0.09498645884398191,2
131,1.0,0.09498871271030761,1
1626,0.9695285236032318,0.09498903643061203,2
2120,0.944992476469782,0.09499188208460772,4
4847,0.9985496586518025,0.09499669665379948,2
1234,0.955085817469817,0.09499779451704597,1
487,1.0,0.0950044740069774,2
1173,1.0,0.09500829214222499,1
1298,0.9718234249229338,0.09500829214222499,1
1066,0.980627553325742,0.09501274174986932,4
4158,0.9175569429569793,0.0950184964745836,2
738,0.9901534002307698,0.09503826160838943,1
3412,0.9287871619761886,0.0950450488437049,3
3435,0.9621204953095219,0.0950450488437049,3
4533,0.9553202583986328,0.09506025503616669,1
4262,0.9553202583986328,0.09506025503616669,1
4813,0.9553202583986328,0.09506025503616669,1
4333,0.9553202583986328,0.09506025503616669,1
4307,0.9553202583986328,0.09506025503616669,1
4805,0.9553202583986328,0.09506025503616669,1
4797,0.9553202583986328,0.09506025503616669,1
4271,0.9553202583986328,0.09506025503616669,1
4629,0.9553202583986328,0.09506025503616669,1
4312,0.9553202583986328,0.09506025503616669,1
5494,0.9553202583986328,0.09506025503616669,1
4961,0.9553202583986328,0.09506025503616669,1
5497,0.9553202583986328,0.09506025503616669,1
5777,0.9603729327290113,0.0950695779642613,4
2043,0.9694383920904807,0.09507752089012969,2
5723,0.9978265197807071,0.09507872077646598,1
2740,0.9931200548221102,0.09507938212844763,2
4022,0.9650984117909774,0.09508015455701997,3
4449,0.9250974527962956,0.09508139946910561,3
3127,0.9710342848953135,0.09508848374877699,2
5928,0.9794775054495956,0.09510470170527498,4
2742,0.9734658777526882,0.09510631620794403,4
3494,0.9622849370801194,0.09511001272839198,2
910,0.9784760293261057,0.0951119522880105,3
4759,0.9663384977915184,0.0951170973122302,2
1030,0.9862793222828133,0.09512021673402345,1
1029,0.9640237517971595,0.09512021673402345,1
1156,0.9640237517971595,0.09512021673402345,1
1235,0.9640237517971595,0.09512021673402345,1
1124,0.9640237517971595,0.09512021673402345,1
1503,1.0,0.09512021673402345,1
1203,0.9640237517971595,0.09512021673402345,1
1442,0.9581959536955342,0.09512555680878736,2
457,0.9841190046730245,0.09512583626917388,1
4078,0.947229826105644,0.09513580165376818,5
1409,0.9808504207547931,0.09515275079324287,1
2976,0.9468969247065456,0.09515586886745796,2
4674,0.9738211963745222,0.09515778058746087,3
4151,1.0,0.09516578383584495,2
4792,1.0,0.09516578383584495,2
2748,0.9384335376025618,0.09517243295994021,1
2027,0.9884335376025618,0.09517243295994021,1
1760,0.9384335376025618,0.09517243295994021,1
1630,0.5834406089231913,0.09517243295994021,1
1768,0.9384335376025618,0.09517243295994021,1
2179,1.0,0.09517243295994021,1
4939,1.0,0.09517243295994021,1
2007,0.9884335376025618,0.09517243295994021,1
2366,0.9384335376025618,0.09517243295994021,1
2152,0.96822202124517,0.09517243295994021,1
3340,0.9384335376025618,0.09517243295994021,1
1814,0.9561368441055281,0.09517243295994021,1
3058,1.0,0.09517243295994021,1
3430,0.9724718861230087,0.09517401071564592,1
2816,0.9775281138769913,0.09517401071564592,1
818,0.959926356826235,0.09517905312418377,3
4806,0.5849465467845998,0.09518289837650779,1
4834,0.9650534532154003,0.09518289837650779,1
5178,0.9650534532154003,0.09518289837650779,1
5410,1.0,0.09518289837650779,1
1337,0.9544231795225622,0.09518352182764218,2
1238,1.0,0.09518876344242261,2
986,0.9635262342509752,0.09519212373343038,2
3501,0.9706192858667855,0.09519769961045868,2
2326,0.9789342949782679,0.0952018515296238,1
1069,0.9978347991950962,0.09520329458455512,2
2196,1.0,0.09521696827990589,1
1599,1.0,0.09521696827990589,1
1431,0.95630329268125,0.09521696827990589,1
1621,0.965775917001956,0.09521839285327918,2
1883,0.9752485413226619,0.09521981742665248,1
1603,0.9752485413226619,0.09521981742665248,1
1610,0.9574658963453816,0.09521981742665248,1
1925,0.9752485413226619,0.09521981742665248,1
1880,0.9824649295886497,0.0952227339389606,3
4053,0.8660279134546868,0.09522283264664597,2
1676,0.974522091900831,0.09523156260561667,4
3087,0.9644183293606771,0.09523407209205756,5
1023,0.5995183342947761,0.09523810163023066,2
795,0.9627580215183249,0.09524290359730732,5
2331,0.9601801477364046,0.09524503725742772,1
2382,0.9800424583313848,0.09524503725742772,1
1879,0.9607076609652936,0.0952475922715506,5
4001,0.9760452877748135,0.09524800370591063,2
3148,0.9929501905184633,0.09525384183901937,3
1190,0.9959338006292029,0.09525912470756022,3
3221,0.9852951477177178,0.09526737008741931,3
4794,0.9655690212814193,0.0952688222968194,1
4568,0.9764946255966562,0.0952688222968194,1
4652,0.9844309787185808,0.0952688222968194,1
4585,0.9844309787185808,0.0952688222968194,1
3499,0.9844309787185808,0.0952688222968194,1
2723,0.9712627647332199,0.09527737434599334,2
736,0.9700240342125297,0.09527959354922781,1
1283,0.9700240342125297,0.09527959354922781,1
1532,1.0,0.09528592639516728,1
3283,0.9878852878470403,0.09528957149219275,3
5514,1.0,0.09529196999972273,2
411,0.9239512299120151,0.09529223784949707,3
2888,0.986252711768881,0.09529277240966942,2
1654,0.9575164482784894,0.09529417735561696,4
137,0.9446546857748466,0.09529987043197774,2
4866,0.9606164325661424,0.09530689244393561,2
1424,0.9777019428199487,0.09532466523672097,1
1867,0.9205883283826211,0.09532660767938975,2
5969,0.9872018445013111,0.09532852696786627,6
432,0.861587460689111,0.0953395933043209,2
1054,0.938508391309137,0.09534358847272892,2
5945,0.9796438646642653,0.09534419525708036,2
5429,0.9768076033738248,0.09534763925785963,2
4695,0.9920249498951387,0.09535038862937101,1
3604,0.9920249498951387,0.09535038862937101,1
4580,1.0,0.09535038862937101,1
3625,0.9920249498951387,0.09535038862937101,1
4481,0.9920249498951387,0.09535038862937101,1
845,0.9676069823404994,0.09535392718456769,2
2779,0.9881615968448788,0.09535691448957528,2
5254,1.0,0.09535763246472832,1
1491,0.9535701226814198,0.09535763246472832,1
5308,0.8464298773185801,0.09535763246472832,1
5307,0.9535701226814198,0.09535763246472832,1
1493,0.9964298773185801,0.09535763246472832,1
281,1.0,0.09535763246472832,1
1668,0.9619861601843781,0.09536266228282977,2
1160,0.8400736272705442,0.09536796077702729,1
3985,0.9962585441177518,0.09536818671295685,1
4293,0.9962585441177518,0.09536818671295685,1
4495,0.9779490845339479,0.09536847628075862,3
4773,0.9495277802411018,0.09537426321688007,3
3391,0.9571846435322373,0.09537564851003778,6
327,0.9553401680054194,0.0953765529082547,1
5088,0.9857203485648202,0.0953783862029421,2
2154,0.9437821439567626,0.09538502292780951,2
1296,0.9700144934890339,0.09538658060681696,2
3896,0.6722386071904005,0.09539133459703635,1
4642,0.9871480267167633,0.09539369422313457,4
4437,0.9886743022346763,0.09542529351715708,1
3605,0.9179243968602407,0.09542564621029007,2
3832,0.9508212824695361,0.09543727523732051,2
1665,0.9450861493911251,0.09543863372669152,3
1513,0.9725274742030561,0.09545674399662858,3
1786,0.9716925316507741,0.0954707776864655,2
4643,0.9823881212608481,0.09547720857388013,2
4862,0.9451035853683495,0.09547734002219385,5
509,0.9514436534709221,0.09548446438523311,3
4097,0.9745514991224632,0.09548490847170676,3
644,0.9444329779523521,0.09548723959647748,11
1852,0.9594016107972795,0.09548759856967438,1
1904,0.9594016107972795,0.09548759856967438,1
2037,0.9594016107972795,0.09548759856967438,1
1874,0.9594016107972795,0.09548759856967438,1
1865,0.9594016107972795,0.09548759856967438,1
1805,0.9594016107972795,0.09548759856967438,1
3654,0.9897694258132717,0.09548925161284527,1
3849,0.985767059869378,0.09548925161284527,1
3674,0.9897694258132717,0.09548925161284527,1
158,0.982672339938109,0.09549086408450642,3
1200,0.9665511998532141,0.09549147579599832,5
2161,0.9863315077257756,0.09549484199891095,1
2216,1.0,0.09549484199891095,1
5531,0.9726824825749115,0.09550985434214199,3
147,0.9512737897578493,0.09551069376990189,3
3745,0.9660523419931055,0.09551602511638146,1
3765,0.9615494514792635,0.09552888523231197,4
5423,0.9898060021878962,0.09552906893629379,1
1780,0.9803176660395618,0.09553091910903337,2
4086,0.9355195931166412,0.09553122066799316,2
4414,0.9495859308464757,0.09553910818840393,1
3231,0.9730112737583023,0.09555251467748807,4
2173,0.9188499266226059,0.09556372929006869,54
691,0.9239602654787564,0.09557061202347417,5
4048,0.9589969210259889,0.09557318651099236,2
1770,0.9562824786673292,0.09558039861720233,1
1049,0.9937175213326708,0.09558039861720233,1
1182,0.9562824786673292,0.09558039861720233,1
4516,0.9873984280677395,0.09558055479650414,3
2287,0.9601801477364046,0.09558874080222117,1
901,0.9877906569154656,0.09559383165999363,1
4137,0.9637894975040321,0.09559831213764751,2
1994,0.9824277864208052,0.09559844782228004,6
1782,0.8477059795467934,0.09560257718319279,2
5249,0.9604638597772914,0.09560369712515765,5
4617,0.9727512926265575,0.09560402851838926,1
4485,0.9772487073734426,0.09560402851838926,1
4589,0.9227512926265574,0.09560402851838926,1
4494,0.9727512926265575,0.09560402851838926,1
751,0.9798870295316736,0.0956049934751057,2
656,0.9523960596623119,0.09560547914393343,3
5244,0.9679527998284196,0.09560941163051,1
1279,0.9674947936769576,0.09561028347799613,2
3607,0.9940831837033972,0.09562153499908266,1
690,0.9806163634081745,0.0956375540739666,2
3037,0.9655649695384383,0.09564032129008763,5
2139,0.9509387299236892,0.09564282050752144,3
2408,0.9473884970680295,0.0956429471986441,4
1301,0.9850982566772556,0.09564827285194295,4
2900,0.9715211725096988,0.09564841256023023,1
370,0.9792954512160872,0.09565181457560162,1
2339,0.8322177764942333,0.09565244469687215,1
5601,1.0,0.09565260074170812,1
5541,0.9507872077653859,0.09565303956141419,9
2381,0.9007167339585198,0.09565413361626846,1
2401,0.9007167339585198,0.09565413361626846,1
470,0.9693951899848257,0.09565754871740903,2
1299,0.9697943129746539,0.09566119449977174,3
5961,0.9534975674009011,0.09566292942033208,1
3782,1.0,0.09566292942033208,1
225,0.9554232345037701,0.09566959839019253,3
2971,1.0,0.09567088246272633,2
2531,0.9683975903982943,0.09568147378714263,3
1728,0.9617677529427979,0.09568955695108697,1
2465,1.0,0.09569003913829623,1
2400,0.9798224994652411,0.09569377074217505,2
774,0.9683353130752987,0.09569548923995846,2
4174,0.9783331112504341,0.0956986841272798,4
3914,0.9830120942602263,0.0957007988906966,1
3286,0.8647124682646198,0.0957007988906966,1
3639,0.9352875317353802,0.0957007988906966,1
3218,0.6147124682646198,0.0957007988906966,1
4299,0.9352875317353802,0.0957007988906966,1
3081,0.9352875317353802,0.0957007988906966,1
3712,0.9352875317353802,0.0957007988906966,1
3468,0.9352875317353802,0.0957007988906966,1
3280,0.9352875317353802,0.0957007988906966,1
4023,1.0,0.0957007988906966,1
3495,0.9352875317353802,0.0957007988906966,1
3115,0.8647124682646198,0.0957007988906966,1
3180,0.9352875317353802,0.0957007988906966,1
3751,0.9352875317353802,0.0957007988906966,1
4112,0.6147124682646198,0.0957007988906966,1
3249,0.8647124682646198,0.0957007988906966,1
2133,0.997271480865385,0.09570262019876262,1
1919,0.9847100048992654,0.09570829584771307,11
1593,0.9749805379699913,0.09571446625760258,5
620,0.9771984778639753,0.0957164439895682,3
488,0.9721467128294937,0.09572190344471936,9
1270,0.9760761194339808,0.09572464981223937,3
1715,0.9749309255931761,0.0957322693767491,3
2750,0.9697645930857675,0.09573258966017645,1
1181,0.9839327463845506,0.09573270705540565,2
5437,0.9778117342753837,0.09573474173156721,1
2844,0.9757896002410463,0.09574187222327189,2
2662,0.9916723215707126,0.09575368536451911,1
1250,0.9584053560090939,0.09575450401023528,1
1035,1.0,0.09575450401023528,1
2368,0.9743814848647167,0.09577019374035937,1
391,0.9584389975610661,0.09577300709005747,1
5236,0.9843798654452808,0.0957834403842428,2
1468,0.9746858145965105,0.09578476260960894,2
854,0.9728392465725668,0.09578549185481829,2
2860,0.9666746948489267,0.09578578664985248,4
5582,0.9633045164486562,0.09578919949827588,2
3203,0.7737109537170141,0.09579049812749123,2
4606,0.9657874074769983,0.09580313773441591,3
5460,0.9824432943444825,0.09580373903597231,4
2011,0.9689978185591737,0.09580408241448708,2
3098,0.9984172746179629,0.0958086947909616,1
4016,0.945685408075671,0.09580991738523842,2
1789,0.9620536779216146,0.09581072871170793,2
3551,0.8686470927367449,0.09581204467965962,2
3405,0.9260320199462116,0.09581698631548206,5
2015,0.9789013933698354,0.09582043833178931,1
5814,0.9974124809405921,0.09582063918080252,1
803,0.9985399932676604,0.09582932889661766,1
1637,0.9802777254482872,0.09583128982596359,2
1763,0.7607407369320198,0.0958338182095818,2
1418,0.997371879390348,0.0958379952856861,1
3275,0.9938397322038424,0.09585568655425677,2
4254,0.9472104083328236,0.09586628512106596,26
4526,1.0,0.09587277443185671,1
1655,0.9341612252854519,0.09587805793045048,4
4984,0.9788158435691677,0.09587939211711259,1
671,0.9806163634081745,0.09587945084365018,1
3211,0.9099959996638597,0.09587945717423639,2
3681,0.9572830077083847,0.0958808813161337,2
2244,0.9647392900194401,0.09588913436875156,16
4085,0.9799006418712185,0.09589244137382673,1
1202,0.996207130532088,0.0958988017265777,3
2910,0.9814662503028062,0.0958999105934307,5
4487,0.9569587885081738,0.09591169294958994,6
1724,0.9634176036372137,0.09591406974631471,2
402,0.9837533638071227,0.095917935115585,8
1482,0.9724697950991598,0.0959247601350666,5
5693,1.0,0.09593126837931432,1
1509,1.0,0.09593617134624939,1
2739,0.9821142577197094,0.0959390681690693,2
1417,0.9656154009155699,0.09593920336654076,3
1995,0.5936153699035362,0.09594040948101949,1
3215,0.9936153699035363,0.09594040948101949,1
3026,0.9792555732568465,0.09594756855678492,1
1225,0.9591413784848233,0.0959534678355545,2
1264,0.9591413784848233,0.0959534678355545,2
5383,0.9886216738937113,0.09596082730852958,3
1598,0.9302756229089567,0.09596953956203716,2
5519,1.0,0.0959720545026097,1
5752,1.0,0.0959720545026097,1
2391,0.9598129967085401,0.09598079988908412,2
2182,0.988625352624075,0.09598086566148106,1
2086,0.988625352624075,0.09598086566148106,1
2226,0.988625352624075,0.09598086566148106,1
2406,0.9798511137654373,0.09598666316596235,2
496,0.971023397154232,0.0959881569395526,3
4903,1.0,0.09599565827969486,1
676,0.9824899239983045,0.095996386431143,2
4111,0.9988201344759514,0.09599921609974962,1
5711,1.0,0.09600344054592928,2
4935,1.0,0.096005471009174,2
938,0.950481665705224,0.09600885170378776,2
515,0.9656833429432798,0.09600900565848142,2
4212,0.6026436687321262,0.0960170143360726,2
4049,0.9462811002731081,0.09601828561863382,2
1642,0.9752485413226619,0.09602100977555642,2
4367,0.5721010561483959,0.09602372818267027,1
4541,1.0,0.09603347388754818,2
4839,0.993482010634726,0.09603370446788767,3
939,0.9487303992106083,0.09603648353624528,2
1857,0.9634176036372137,0.09603969538995064,2
5352,0.9807019443230236,0.0960441161844376,3
3999,0.9822376343926501,0.09604829509327656,2
586,0.9795633463421353,0.09605033617882848,4
477,0.9822092192178747,0.09605404118366044,3
2818,0.9650461492430702,0.09606440384301457,2
3808,0.9587907389729893,0.09606607707284127,3
695,1.0,0.09607145492897971,2
3303,0.9433175321403252,0.09607879645042595,1
3234,0.8933175321403252,0.09607879645042595,1
4149,0.9070403988944444,0.09608868008502061,2
3122,0.972180402093238,0.09609654587118006,3
4429,1.0,0.09609972700776392,1
4426,0.9561350433200794,0.09609972700776392,1
5250,0.9826275100029034,0.0961012754473328,2
3749,0.9877315555996203,0.09611615246204713,2
5427,0.9771341531650971,0.0961167302174413,2
1446,0.9582262519581883,0.09611771130595934,2
5939,0.9621427622935289,0.09612202402391061,2
1822,0.999917086238923,0.09612310958195443,1
1816,0.949917086238923,0.09612310958195443,1
1818,0.949917086238923,0.09612310958195443,1
4997,0.9603462515329837,0.09612363918785821,2
5087,0.9656244185953338,0.09612456938446093,1
5603,1.0,0.09612546746145428,1
5615,0.6666093372077265,0.09612546746145428,1
1055,0.9537182037564105,0.09613616117647122,2
793,0.9610113165619342,0.09613777665453331,3
619,0.9820858951508603,0.09613807416873976,2
4555,0.9344806291259584,0.09614113613043217,2
4457,0.9803127627883763,0.0961415557891947,3
2290,0.9998580593765756,0.0961428008477202,1
2826,0.9444639223536514,0.09614554667796216,1
3460,0.9444639223536514,0.09614554667796216,1
5264,1.0,0.09614554667796216,1
3030,1.0,0.09614554667796216,1
3871,0.829271101783765,0.09614554667796216,1
2637,0.6555360776463486,0.09614554667796216,1
2645,0.9444639223536514,0.09614554667796216,1
2756,0.9444639223536514,0.09614554667796216,1
4325,0.9741907843666265,0.09614554667796216,1
4896,0.9879177049888312,0.09614554667796216,1
3261,0.9290984798528558,0.09614554667796216,1
5023,0.9759840475609389,0.09614554667796216,1
5258,0.9444639223536514,0.09614554667796216,1
3169,0.9444639223536514,0.09614554667796216,1
3017,0.9444639223536514,0.09614554667796216,1
4927,0.9930800794114688,0.09614554667796216,1
2664,0.9444639223536514,0.09614554667796216,1
2444,0.9831454090480904,0.09616499551862405,3
1672,0.960753153586946,0.0961706128720829,3
699,0.976750532189018,0.09617124139928629,2
933,0.9784933468164339,0.09617276344467254,1
685,0.9671393098359176,0.09617382119583848,2
4076,0.9717055060123118,0.09617509246798248,2
2515,0.9972459810151175,0.09617599965406567,1
1138,1.0,0.09618098389679294,1
990,0.9767636979529225,0.09618098389679294,1
1110,0.9986627189814695,0.09618131230698582,2
5075,0.9663784609572322,0.09618726753049034,2
2041,1.0,0.09621529896141626,1
86,0.9720965433490737,0.09621529896141626,1
859,0.9720965433490737,0.09621529896141626,1
140,0.9720965433490737,0.09621529896141626,1
168,0.9720965433490737,0.09621529896141626,1
83,0.9720965433490737,0.09621529896141626,1
4384,0.9349672106852316,0.09621954403964705,3
4374,0.9830374375580784,0.09623125194765401,1
4268,0.9669625624419217,0.09623125194765401,1
4422,0.9830374375580784,0.09623125194765401,1
703,0.9598377116858396,0.09623288182892449,3
2915,0.9585736341043384,0.0962373389020134,4
614,0.9731754019625853,0.09624306200901347,2
3588,0.972591148781349,0.09624783210294413,2
1943,0.9766360582052314,0.09625333387101379,2
2035,0.7961245539204475,0.09625342460010272,2
4388,0.9799923920762248,0.09625753889617919,2
1118,0.9847786336316389,0.09625757507411908,1
4050,0.9988661248170595,0.09625778666255513,1
196,0.9176985790437138,0.0962607940188893,1
1103,0.9932606416146165,0.0962643036741984,1
1321,0.9647472615119095,0.0962784857214587,1
236,0.970470421440161,0.09627868026772153,2
4790,0.9634176036372137,0.09628644984329605,2
1597,0.9302756229089567,0.09629407696706714,2
1625,0.9302756229089567,0.09629407696706714,2
349,0.8316646869247013,0.09629456765782861,1
367,0.9683353130752987,0.09629456765782861,1
323,0.9683353130752987,0.09629456765782861,1
808,0.9683353130752987,0.09629456765782861,1
371,0.9774588547190425,0.09629456765782861,1
3925,0.9274752131257128,0.09629782911507256,2
1813,0.9383707522406781,0.09629869578974404,1
2769,0.9865609720346713,0.09629954516844984,2
2446,0.9365823963627863,0.09629954516844984,2
378,0.9723621952987191,0.09630166667795967,10
4219,0.8420525886489427,0.09631201428284598,3
5694,0.9893836840388613,0.09631542050043379,1
5685,0.9606163159611386,0.09631542050043379,1
5714,0.9606163159611386,0.09631542050043379,1
5724,0.9606163159611386,0.09631542050043379,1
5725,0.9606163159611386,0.09631542050043379,1
5767,0.9606163159611386,0.09631542050043379,1
5966,0.983795420648,0.09631668319475868,1
5660,1.0,0.09631668319475868,1
5796,0.965130247408038,0.09631668319475868,1
5773,1.0,0.09631668319475868,1
5957,0.966204579352,0.09631668319475868,1
5853,0.983795420648,0.09631668319475868,1
5940,0.983795420648,0.09631668319475868,1
5241,0.983795420648,0.09631668319475868,1
5941,0.983795420648,0.09631668319475868,1
5740,0.983795420648,0.09631668319475868,1
5922,1.0,0.09631668319475868,1
4175,1.0,0.09631948645990022,3
2001,0.9598676222476858,0.09631951626372193,1
4548,0.9413017182831712,0.09631951626372193,1
4586,0.9907791470450067,0.09631979938502531,1
5124,0.9907791470450067,0.09631979938502531,1
4644,0.9770983753411102,0.09631979938502531,1
5268,1.0,0.09631979938502531,1
5117,1.0,0.09631979938502531,1
5145,0.9907791470450067,0.09631979938502531,1
4992,0.9907791470450067,0.09631979938502531,1
942,0.9836159681921484,0.09632152181339519,2
194,0.9223172254128238,0.09633228047223413,3
3680,0.9430049322955937,0.09633291046561286,1
3344,0.9430049322955937,0.09633291046561286,1
1688,0.9769595369920292,0.09633458873488904,2
580,0.9940389081276494,0.09633609366639825,1
622,0.9559610918723507,0.09633609366639825,1
611,0.9559610918723507,0.09633609366639825,1
601,0.9559610918723507,0.09633609366639825,1
600,0.9559610918723507,0.09633609366639825,1
581,0.7890122181467625,0.09633609366639825,1
602,0.5940389081276494,0.09633609366639825,1
4030,0.5908978516262615,0.09633888477188851,2
1757,0.9598042101813048,0.0963424531207882,11
4982,0.9168599746822456,0.09634796840199067,2
3517,1.0,0.09635678744443893,2
2138,0.9806012906801649,0.09636057260960325,2
1489,1.0,0.09636558272922781,1
1315,0.9699751150727742,0.09637462834211871,5
3798,0.8319978716617964,0.09637774990386401,3
1021,0.9691189969972824,0.09637786101811754,2
3758,0.9877536056029823,0.09637935280118036,2
589,0.9823389262656395,0.0963796881124635,2
5781,0.9772950605131381,0.09638244863863599,2
4289,1.0,0.09638890825307095,2
1389,0.9433866757219929,0.09638983459075842,2
4321,0.9851223898135737,0.0963952936163392,1
1723,0.9585804071648398,0.09640066707547172,1
3720,0.9686687204739077,0.09640262014042608,2
555,0.9849226243718483,0.09640387045686025,1
1161,0.9966565690900154,0.09640387045686025,1
3972,0.9308091870536301,0.09640673977494861,6
998,1.0,0.0964073763062612,1
4047,0.6088436321191133,0.09641042183623307,2
5073,0.9799723664156802,0.09641781302749201,3
291,0.9327681564864456,0.09642437419635842,1
1533,0.9648655859720752,0.09642886861360232,2
3796,0.9807225141444947,0.09643033952146658,3
737,0.8701200790728194,0.09643498446580878,1
287,0.9750842072192305,0.09643761269976052,1
1617,0.9936966974597996,0.09643860730755273,1
2014,0.9394088133060582,0.09643860730755273,1
2021,0.9936966974597996,0.09643860730755273,1
1987,0.9936966974597996,0.09643860730755273,1
2101,0.9563033025402005,0.09643860730755273,1
2094,0.9563033025402005,0.09643860730755273,1
693,0.9791591386305242,0.09643926996657914,1
4428,0.9853069095739124,0.0964427622252747,1
5008,0.9853069095739124,0.0964427622252747,1
5187,0.9853069095739124,0.0964427622252747,1
2099,0.9802777254482872,0.0964427622252747,1
5987,1.0,0.0964427622252747,1
2627,0.9853069095739124,0.0964427622252747,1
1632,0.9853069095739124,0.0964427622252747,1
970,0.9853069095739124,0.0964427622252747,1
2586,0.9853069095739124,0.0964427622252747,1
5040,1.0,0.0964427622252747,1
1895,0.9646930904260875,0.0964427622252747,1
3855,0.9824246615579548,0.09644468066363182,1
746,0.9824246615579548,0.09644468066363182,1
821,0.9824246615579548,0.09644468066363182,1
750,1.0,0.09644468066363182,1
855,0.9824246615579548,0.09644468066363182,1
3874,0.9824246615579548,0.09644468066363182,1
1979,0.9868976862089947,0.09644620333453574,1
4355,0.9962585441177518,0.09644985396079553,2
4302,0.9655845425602064,0.09645121925607086,3
2407,0.9830498544217686,0.09645863135145305,3
916,0.9741334734217257,0.09646775271817848,1
4390,0.9979445671843757,0.09647392900101709,1
4329,0.9979445671843757,0.09647392900101709,1
3602,0.9979445671843757,0.09647392900101709,1
4368,0.9979445671843757,0.09647392900101709,1
4123,0.9979445671843757,0.09647392900101709,1
2988,1.0,0.09648449022191685,1
4042,0.979107341465762,0.09648705139516463,3
1940,0.9860478061246324,0.09649897434251535,3
1177,0.9690546413412685,0.0964989818268157,1
660,0.9921592298626934,0.09650024813148089,1
5948,0.9624606100113752,0.09650186302154133,2
5688,0.9536584131159843,0.09650381512899575,2
982,0.9774842956264015,0.09651005181704685,5
4161,0.975652866059256,0.09651616149571794,1
4767,0.9475996619866585,0.09651810998684066,2
3509,0.9882071014289895,0.09652358091864137,3
2646,0.9639803783518734,0.09653229815786105,4
4381,0.9740887300849622,0.09653549612518916,5
259,0.9052400570356622,0.09653809800248966,2
5657,0.9695186251374975,0.09653834326462636,1
5656,0.9695186251374975,0.09653834326462636,1
5122,0.9668735838074671,0.0965464794850198,1
4994,0.9668735838074671,0.0965464794850198,1
5165,0.9668735838074671,0.0965464794850198,1
4624,0.9852091480404456,0.09654659626287385,2
4345,0.9804034579948206,0.09655495083428592,1
2833,0.9804034579948206,0.09655495083428592,1
3978,0.9804034579948206,0.09655495083428592,1
2461,0.9804034579948206,0.09655495083428592,1
3226,0.706862841560636,0.09655549542185207,1
2114,0.9745222933382903,0.09655873587047423,2
3905,0.9823302014551212,0.09656032828558386,1
1988,0.9432310421563777,0.09656281380932889,3
5674,0.9790862811277623,0.0965656555199299,2
220,1.0,0.09656861945277062,1
849,0.9518850136419009,0.09657473591328156,2
1651,0.9762572214911459,0.09657691653175061,2
2681,0.9755208273819518,0.09658139242052972,3
5120,0.9619640048189658,0.09659789220021123,2
597,0.9794304427213895,0.09660129491054248,3
2960,0.9970558767461267,0.09660613287470785,2
5033,0.9749181531233737,0.09660745551042293,2
3382,0.9349564044938995,0.09660827887517909,2
3677,0.9758129959344434,0.09660827887517909,2
3458,0.9491870040655567,0.09660827887517909,2
3860,0.9491870040655567,0.09660827887517909,2
3175,1.0,0.09660827887517909,2
2872,0.9349564044938995,0.09660827887517909,2
1871,0.9594016107972795,0.09661062452647337,2
1873,0.9851412843048969,0.09661985320113699,12
1720,0.9737126842980576,0.09662008690586787,3
4876,1.0,0.09663135260166926,1
4044,0.9038893594389699,0.09663206293219345,2
5486,1.0,0.09663784609568492,1
4692,0.7804315823940315,0.09664003228584003,1
1519,0.9828888796448586,0.09664457790855974,2
531,0.9683556112978084,0.09664486790995795,1
1406,0.9840050237208874,0.09664675147000848,4
4113,0.9563750250230776,0.09665287649205531,4
1297,1.0,0.0966536863990342,1
1210,0.9977457378979991,0.09665511998520697,1
3698,1.0,0.09665689519231332,1
1973,0.9753506922761982,0.09666083536107561,6
1644,0.9305322362991535,0.0966627414198729,2
4769,0.9830471843994961,0.09667373617028406,1
380,0.9720025386829129,0.09667541844727466,4
4724,0.9913577100374446,0.09667608019471838,2
2282,0.9427504606385976,0.096679670225639,2
5156,0.9656310689820767,0.09668084585609707,2
1232,0.5995183342947761,0.09668450681396179,1
1109,0.5995183342947761,0.09668450681396179,1
1285,0.5995183342947761,0.09668450681396179,1
2851,0.9547584775223256,0.09668912032962367,7
2922,0.6294617850135055,0.09669199720193714,2
2024,0.9630102513184998,0.09669653930693184,1
4583,0.9849429212234926,0.09669882320417232,2
4641,0.9723819757054963,0.0966993894420995,3
1343,0.9432288901509863,0.0967008725179123,1
4958,1.0,0.09670273350827649,2
445,0.9062904894052992,0.09671034783580673,1
1288,0.9637206777171866,0.09671082670502545,2
459,0.9634082523184455,0.0967119606065252,2
2611,0.9910070768116859,0.09671412152012578,1
3147,0.9589929231883141,0.09671412152012578,1
3188,0.9036295815382615,0.09671982500847823,1
784,0.9668752100074408,0.0967249761163534,3
2939,0.9691169013861541,0.09672702634789597,2
458,0.9721340121960034,0.09672709373463516,2
649,0.973889941360333,0.09673131191716688,2
1444,0.9742131345466853,0.0967420914825386,2
1347,0.985693685385969,0.09674305331124901,1
2277,0.9714413044937371,0.09674601560894888,4
2425,1.0,0.09674934595085194,1
2295,0.9881415421795838,0.09674934595085194,1
4342,0.9588876740196844,0.09675413759647762,1
4377,0.9588876740196844,0.09675413759647762,1
5098,0.9690412379026516,0.09675413759647762,1
5862,0.6364884884102896,0.0967579068673201,1
1059,0.9537182037564105,0.09675827230836764,1
3285,0.9671272076474168,0.09676314166948485,3
629,0.9725493503541321,0.09676845961616583,2
2107,0.9819470081034831,0.09677357666242158,1
1961,0.9819470081034831,0.09677357666242158,1
4364,1.0,0.09677386598676757,2
582,0.9945585950982766,0.09677548078949061,2
1564,0.9738222377795142,0.09677801566163273,1
1150,0.9899987514165669,0.09678060019144291,1
1151,1.0,0.09678060019144291,1
877,0.9894893000461042,0.09679195730363718,2
46,0.9629327604516946,0.09679313502408941,1
1748,0.9629327604516946,0.09679313502408941,1
1821,0.9629327604516946,0.09679313502408941,1
1831,0.9629327604516946,0.09679313502408941,1
1835,0.9629327604516946,0.09679313502408941,1
1228,0.9629327604516946,0.09679313502408941,1
4215,0.976616282626672,0.09681086472937506,1
764,0.9786940821355701,0.09681943435629818,2
3008,0.9920249498951387,0.09682591265269923,2
3296,0.9843800095702159,0.09682693253698571,4
3294,1.0,0.09682981288998078,1
3154,1.0,0.09682981288998078,1
2857,0.9580869479118668,0.09683454923592585,2
1570,0.9991095243112053,0.09684210759300416,1
1580,0.9982635724068405,0.09684210759300416,1
3806,0.9678281054138071,0.09684638563653189,2
1311,0.9959286292768721,0.09684647794518021,1
1309,0.9959286292768721,0.09684647794518021,1
552,0.9595473570657138,0.09684841893656088,1
4397,0.956605578288488,0.09685277257170144,3
2111,0.8979323464891692,0.096854871452982,1
1007,0.995762351558805,0.09685908088669107,1
810,0.995762351558805,0.09685908088669107,1
636,0.5825052063230425,0.09686955677219611,1
2460,0.9674947936769576,0.09686955677219611,1
659,0.9564173068421421,0.09686955677219611,1
1372,0.9674947936769576,0.09686955677219611,1
2523,0.621765316585868,0.09687222912446587,1
1178,1.0,0.09687768814049288,1
385,0.9648784592978132,0.09688465320430684,1
924,0.9680209223481071,0.09688504308330854,1
1884,0.9594016107972795,0.09689451762285092,2
1970,0.9594016107972795,0.09689451762285092,2
1158,0.8587886262486476,0.09689877654588702,1
4466,1.0,0.0969077154982214,3
741,0.9562899589476088,0.09692016791547989,2
4842,0.9877419736946812,0.09692996382547223,1
5055,0.9877419736946812,0.09692996382547223,1
307,0.991911823036616,0.09693372214409571,2
3421,0.9843558990371883,0.09693623253978043,2
679,0.9794515642030249,0.09693843252563096,1
1797,0.9688149534662306,0.09694091764661489,2
776,0.9873708882205383,0.09697276439488352,3
3705,0.969810630518152,0.09697287426741809,1
3752,0.8301893694818481,0.09697287426741809,1
3686,0.969810630518152,0.09697287426741809,1
3755,0.8301893694818481,0.09697287426741809,1
3973,0.5801893694818481,0.09697287426741809,1
4094,1.0,0.09697287426741809,1
4006,0.969810630518152,0.09697287426741809,1
4477,1.0,0.09697724291779636,2
1304,0.9860768032188474,0.09698776293763922,1
4525,0.9587277443177235,0.09699476273637525,2
4129,1.0,0.09699514015256983,1
4130,1.0,0.09699514015256983,1
549,0.9975936327835963,0.09700060068089797,2
3191,0.9979445671843757,0.09700272510482566,2
728,0.9950537624799615,0.09700518594480567,2
4015,0.6109301265088962,0.09700943577417598,1
3422,0.9830658515663816,0.09701058338196322,6
1346,0.9920075935240832,0.09701649880405308,2
4846,0.7587542545196029,0.09701922548116475,1
4513,0.9931192077844938,0.09701922548116475,1
3522,0.9841437555585131,0.09704999348724867,4
999,0.9945585950982766,0.09705197975216552,1
1233,0.9554414049017235,0.09705197975216552,1
1112,0.9687768814052808,0.0970585407943841,2
572,0.975973309049406,0.09706139295435404,2
1312,0.9805267866714112,0.09707810869232503,12
4128,0.945154046365088,0.09707957945686288,2
3827,1.0,0.09708284537688323,2
4108,0.9876665387889144,0.09709111283947204,1
1355,0.9987674638409788,0.09711122695359653,1
453,0.9820912434711099,0.09711231347238751,3
5278,0.9965189678979788,0.09711247225007685,1
3823,0.8949094170344322,0.09711276099158037,2
2575,0.9995962088947669,0.0971165907946674,1
5722,0.9995962088947669,0.0971165907946674,1
4317,0.9589929231883141,0.09712282136438,2
3183,0.9656959364530924,0.09712355080966448,2
1466,0.9907899407308349,0.09712913498156284,1
1458,0.9796782591391927,0.09713250136890429,4
876,0.9832859556773148,0.09714115238199966,1
4399,1.0,0.09715523445076868,2
439,0.963655827293156,0.09716025465663322,2
4087,1.0,0.09717055060119664,1
482,0.9546910359530013,0.09717346138745034,1
2790,0.9394630578690714,0.09717551282873992,1
2830,0.9806689821499476,0.09717749674877181,1
3599,0.9806689821499476,0.09717749674877181,1
3052,1.0,0.09717749674877181,1
3068,1.0,0.09717749674877181,1
1295,0.9758020943005821,0.09718701363962158,7
994,0.9860382086518904,0.09718730316120443,2
3065,0.9987633820624716,0.09719149270313356,2
4369,0.7168572074716077,0.09721593990890093,1
668,0.7373442224019896,0.09721791213695063,1
2789,0.9578860425787559,0.0972234916769948,2
891,0.9569079829922622,0.09722635306173427,2
4338,1.0,0.09723074251705321,2
4920,0.9822077406498432,0.09723770114182595,2
5663,0.9015996677209235,0.09724035710958989,1
5668,0.9015996677209235,0.09724035710958989,1
5669,0.9015996677209235,0.09724035710958989,1
4039,0.9825618168722677,0.09724419379907934,1
4041,0.9825618168722677,0.09724419379907934,1
4178,0.9349245106023725,0.09724419379907934,1
1608,0.9914338064438761,0.09724723472948582,2
1514,0.9977283719983143,0.09725274742024896,1
532,0.9757234091021079,0.09725313395986578,3
1927,0.962335982734716,0.09725791563862986,1
3274,0.9568235171600623,0.09725836781872185,2
3155,0.9667854776435857,0.09726015159749805,3
1808,0.9842248962067097,0.09727222461557399,3
302,1.0,0.09727924473601819,1
52,0.9591249300315232,0.09727924473601819,1
1172,1.0,0.09727924473601819,1
674,0.9758543143969258,0.0972811065958592,2
1022,0.8694179305532661,0.09729569429964169,1
1892,0.9904165807993662,0.09729602331125393,5
1410,0.9716094991981963,0.09729964889482592,2
966,0.9617297281326713,0.09730248185016888,1
5854,0.9736065121426069,0.09730905993539307,2
1506,0.9616426129424498,0.09731047646987469,2
4232,0.9335391520862558,0.09731254018767035,1
2384,1.0,0.09731280317871828,1
1931,0.9961264270979967,0.09732386582728889,2
4995,0.9921359513570239,0.097341601830541,2
648,0.9890528511958413,0.09734430105476775,1
828,0.977806121136325,0.09734430105476775,1
4040,0.9418248453433412,0.09734867055285168,1
1229,0.9721483095710923,0.09734966140135609,2
1130,0.9935440551592576,0.09735326607587139,2
1126,0.9733576701681432,0.09735784201932712,1
1070,0.9266423298318567,0.09735784201932712,1
843,0.9733576701681432,0.09735784201932712,1
675,0.9772077207306047,0.09736662459799614,1
1960,0.9785571505485067,0.0973700219917901,2
4145,0.958449238254998,0.09737150188259204,2
2587,0.9743622566055631,0.09737209945065108,2
727,0.9842633135924663,0.09739248489867093,2
752,0.9826500004875245,0.09739590435736614,1
5888,0.9987397110128134,0.0974231807359158,1
2088,0.967970666405978,0.0974235957983644,2
756,1.0,0.09742790677837443,2
2463,0.9719105308160172,0.09742819375515668,2
5390,1.0,0.09744527819379589,2
5453,1.0,0.09744696712120032,1
4955,1.0,0.09744894190830272,2
5508,0.9314807360196078,0.09745419866601207,22
5818,0.9879416073256398,0.09746039007075785,1
3850,0.9471644209161573,0.09746770283489095,4
2026,0.5982678073473686,0.09747122120750899,1
4359,1.0,0.09747529982267508,2
2936,0.9922251008622925,0.09747534489385759,1
2810,0.9922251008622925,0.09747534489385759,1
5881,0.9742318073600869,0.09747942202562683,3
3304,0.9754760503485425,0.09748365592833959,2
4957,0.9987811013583338,0.09748385085068734,2
1441,0.9630059425191171,0.09748926552338112,2
1426,0.9706245814074331,0.09749240830832435,3
513,0.9330611327503184,0.09749276597636014,2
510,0.9330611327503184,0.09749276597636014,2
3995,0.9648697330356967,0.09749866330348463,3
4892,0.9754197218748265,0.09750179588798691,2
812,0.9710308452682656,0.09752246258349254,4
3060,0.9685146419770643,0.09752676412494314,3
4985,0.9569457799909105,0.09753140188193858,1
4710,1.0,0.09753152120863422,1
3944,1.0,0.09753152120863422,1
4715,1.0,0.09753152120863422,1
3965,1.0,0.09753152120863422,1
3958,1.0,0.09753152120863422,1
3959,1.0,0.09753152120863422,1
4357,1.0,0.09753152120863422,1
3938,1.0,0.09753152120863422,1
3968,0.9680028454395792,0.09753152120863422,1
3970,1.0,0.09753152120863422,1
3940,1.0,0.09753152120863422,1
3256,1.0,0.09753152120863422,1
3133,1.0,0.09753152120863422,1
3967,1.0,0.09753152120863422,1
3963,1.0,0.09753152120863422,1
3964,1.0,0.09753152120863422,1
3931,1.0,0.09753152120863422,1
3134,1.0,0.09753152120863422,1
3945,1.0,0.09753152120863422,1
3953,1.0,0.09753152120863422,1
3955,1.0,0.09753152120863422,1
3950,1.0,0.09753152120863422,1
3951,1.0,0.09753152120863422,1
3132,1.0,0.09753152120863422,1
4728,0.973171708311221,0.09753152120863422,1
3135,0.9180028454395792,0.09753152120863422,1
3932,1.0,0.09753152120863422,1
4784,1.0,0.09753152120863422,1
3962,1.0,0.09753152120863422,1
4713,1.0,0.09753152120863422,1
4712,1.0,0.09753152120863422,1
3961,1.0,0.09753152120863422,1
3130,1.0,0.09753152120863422,1
4716,1.0,0.09753152120863422,1
3930,1.0,0.09753152120863422,1
4727,1.0,0.09753152120863422,1
4785,1.0,0.09753152120863422,1
4720,1.0,0.09753152120863422,1
4073,1.0,0.09753152120863422,1
3934,1.0,0.09753152120863422,1
4725,1.0,0.09753152120863422,1
4726,1.0,0.09753152120863422,1
4358,1.0,0.09753152120863422,1
4341,1.0,0.09753152120863422,1
3933,1.0,0.09753152120863422,1
3969,1.0,0.09753152120863422,1
3946,1.0,0.09753152120863422,1
4711,1.0,0.09753152120863422,1
4781,1.0,0.09753152120863422,1
4340,1.0,0.09753152120863422,1
4782,1.0,0.09753152120863422,1
4718,1.0,0.09753152120863422,1
4783,1.0,0.09753152120863422,1
3949,1.0,0.09753152120863422,1
3947,1.0,0.09753152120863422,1
3954,1.0,0.09753152120863422,1
3937,1.0,0.09753152120863422,1
3939,1.0,0.09753152120863422,1
3941,1.0,0.09753152120863422,1
4068,1.0,0.09753152120863422,1
4722,1.0,0.09753152120863422,1
4786,1.0,0.09753152120863422,1
4721,1.0,0.09753152120863422,1
4070,1.0,0.09753152120863422,1
3942,1.0,0.09753152120863422,1
4072,1.0,0.09753152120863422,1
4071,1.0,0.09753152120863422,1
4074,0.9972415123338806,0.09753152120863422,1
3131,1.0,0.09753152120863422,1
3943,1.0,0.09753152120863422,1
4069,1.0,0.09753152120863422,1
3936,1.0,0.09753152120863422,1
1349,0.9711122695358106,0.0975349276819577,3
6003,1.0,0.0975430632461628,1
1737,1.0,0.09754442437490532,1
262,0.9885313132961981,0.09755167392618287,7
1241,0.9988982568892633,0.0975618483794661,2
5978,1.0,0.09756220271666746,2
3163,1.0,0.09756562478300412,2
3012,0.996264146080746,0.09756811425151994,1
154,0.9137477859895488,0.09758275158351142,1
2443,0.9827886457181348,0.09759204883844655,2
4185,0.9057041934535924,0.0976004291279698,2
4537,0.9979775914155309,0.09762471113488404,2
1978,0.9768335281782776,0.09763228728054593,4
1495,0.9911453772348325,0.09763553928332666,1
2352,0.9599921609970278,0.09764026895190288,3
5126,1.0,0.09764627158807312,1
4043,0.9686883335764305,0.09764688069853686,1
1716,1.0,0.0976523618659675,1
1707,0.8153959595190882,0.0976523618659675,1
2814,0.9806297041659352,0.09766676737456122,1
4749,0.9972485564570647,0.09767893208647135,1
977,0.598631459602354,0.09768385387754869,2
5302,0.9431387895061487,0.09768433156712114,1
5290,0.9568612104938513,0.09768433156712114,1
889,0.9168887017004377,0.09768611800654264,1
2909,0.9398316348321509,0.09769130281554485,2
1740,0.9856744092875304,0.09769300617461993,2
5849,0.9531490282601187,0.09769574077249434,1
3383,0.9267361103595946,0.09770374215877219,1
4433,0.7121140868109984,0.09770873120021939,1
3915,0.9625778666260184,0.09773224963411896,7
815,0.9615150237706017,0.09773250958828777,2
1935,0.9867447780941488,0.09773365048327237,1
1825,0.9867447780941488,0.09773365048327237,1
1801,0.9867447780941488,0.09773365048327237,1
1807,0.9867447780941488,0.09773365048327237,1
1830,0.9867447780941488,0.09773365048327237,1
2614,0.974469671212406,0.09773847475238367,2
3102,0.9029567071064194,0.09773946671239964,2
3067,0.9720432928935806,0.09773946671239964,2
794,0.9872179352777477,0.09774006600667329,3
983,0.9982550259085234,0.09774842956263484,1
1175,0.9751734837233604,0.09775792751918913,1
1242,0.976000148191696,0.0977823583029223,3
4496,0.9976842381403793,0.09779490845328179,1
1096,0.9840407599160029,0.09779516911293762,3
829,1.0,0.09780137928020109,2
1230,0.9752368193971693,0.09781066925413094,3
684,0.9862929860033793,0.09781320504837064,1
5026,1.0,0.09783953846393063,1
5084,1.0,0.09783953846393063,1
5058,1.0,0.09783953846393063,1
4999,0.9924420664213023,0.09783953846393063,1
5060,0.9790278220959204,0.09784329287024505,1
995,0.9851395333338833,0.09784539173455288,4
2412,0.9626448945956011,0.09785520733967364,3
1147,0.9849321698900597,0.09786119430595572,2
1266,0.9908539452762138,0.09787038671300491,2
599,0.9851760111830857,0.09788403199593136,1
609,0.9851760111830857,0.09788403199593136,1
1906,0.9956927141305308,0.09790044100833738,2
3867,0.9473563312678739,0.0979057225981354,1
4928,0.874337793321147,0.0979057225981354,1
3842,0.9973563312678738,0.0979057225981354,1
4054,0.6026436687321262,0.0979057225981354,1
4121,0.6026436687321262,0.0979057225981354,1
4062,0.9473563312678739,0.0979057225981354,1
4116,0.7493377933211471,0.0979057225981354,1
4051,0.8526436687321262,0.0979057225981354,1
3775,0.9473563312678739,0.0979057225981354,1
4059,0.7026436687321261,0.0979057225981354,1
4056,1.0,0.0979057225981354,1
4199,0.9473563312678739,0.0979057225981354,1
4220,0.9473563312678739,0.0979057225981354,1
4256,0.9026436687321261,0.0979057225981354,1
4183,0.8526436687321262,0.0979057225981354,1
3868,0.9026436687321261,0.0979057225981354,1
1824,0.9758945783478928,0.09791542553128658,1
3952,1.0,0.09791647894233083,2
4067,0.9865823963627862,0.09791647894233083,2
1193,0.7401447141045947,0.09792757222692638,1
3361,0.9600291798554892,0.09793232884062592,2
3870,1.0,0.09793239177658154,1
4064,0.9985935068198107,0.097940823052866,2
719,0.9983006474552713,0.0979430442721353,1
1472,0.9985662506844522,0.09796782591395575,1
740,0.9832523289368678,0.09797825787944092,1
604,0.9832523289368678,0.09797825787944092,1
1641,0.9607984756036551,0.09798180890370986,1
833,0.9103371219582326,0.09798521776934352,2
1721,0.9632552219058511,0.09801754357964991,2
1834,0.971969722098344,0.09801754357964991,2
565,0.9436078523417887,0.09801902010967561,1
5003,0.9843586807928045,0.09802170401291363,2
562,0.9983183943427255,0.0980339013062973,2
723,0.9259959901309109,0.09804162235481824,1
5748,1.0,0.09804602644054838,1
1350,0.9985390543461625,0.0980526786669912,1
1371,0.9652041202230079,0.0980526786669912,1
1365,0.9985390543461625,0.0980526786669912,1
2500,0.9695000321481408,0.09805314850923223,1
4810,1.0,0.09808469703481018,2
4949,1.0,0.09808469703481018,2
4019,0.9992266514926746,0.09808619411297632,1
2869,0.9787388179634932,0.09809687778146366,1
1378,0.792214549673263,0.09810088301360471,1
1388,0.992214549673263,0.09810088301360471,1
1390,0.992214549673263,0.09810088301360471,1
4474,1.0,0.09811175854914302,3
745,0.9926948638776354,0.0981159691970605,1
3753,1.0,0.09812397967365949,1
1433,0.9995644709425712,0.09812397967365949,1
3201,1.0,0.09812397967365949,1
4014,0.9859910167050306,0.09816157463205849,1
2501,0.9439658849428957,0.09816355660426102,2
4469,1.0,0.0981658815778087,1
4465,1.0,0.0981658815778087,1
4120,1.0,0.0981658815778087,1
4476,1.0,0.0981658815778087,1
4472,1.0,0.0981658815778087,1
4473,1.0,0.0981658815778087,1
4468,1.0,0.0981658815778087,1
4464,1.0,0.0981658815778087,1
4470,1.0,0.0981658815778087,1
4471,1.0,0.0981658815778087,1
4475,1.0,0.0981658815778087,1
1356,0.9809783289916881,0.09817705767150933,2
1362,0.9863249185185505,0.09817705767150933,2
1152,0.9947629113621749,0.09817826622755116,1
1167,0.9947629113621749,0.09817826622755116,1
897,0.8814221883840895,0.09819818204783153,1
4508,0.9930973639936566,0.09820803696580628,1
2428,0.9634176036372137,0.09821383132042907,2
1085,0.9970818276781609,0.09822366573646518,1
1089,0.9970818276781609,0.09822366573646518,1
4581,0.8730836303372711,0.0982313219310921,1
4143,1.0,0.09830120942597109,1
1678,0.9634176036372137,0.09830143667602745,1
5892,0.9865823963627862,0.09830143667602745,1
5926,1.0,0.09830143667602745,1
5981,1.0,0.09830143667602745,1
5934,1.0,0.09830143667602745,1
65,0.9865823963627862,0.09830143667602745,1
5256,1.0,0.09830143667602745,1
4294,0.9634176036372137,0.09830143667602745,1
5229,1.0,0.09830143667602745,1
5247,1.0,0.09830143667602745,1
5248,0.9634176036372137,0.09830143667602745,1
1812,0.9634176036372137,0.09830143667602745,1
5274,1.0,0.09830143667602745,1
2551,1.0,0.09830143667602745,1
2579,0.9634176036372137,0.09830143667602745,1
1613,0.9634176036372137,0.09830143667602745,1
5932,1.0,0.09830143667602745,1
1483,0.9634176036372137,0.09830143667602745,1
1484,0.9865823963627862,0.09830143667602745,1
2653,1.0,0.09830143667602745,1
5924,1.0,0.09830143667602745,1
5919,1.0,0.09830143667602745,1
3212,1.0,0.09830143667602745,1
3213,1.0,0.09830143667602745,1
5997,1.0,0.09830143667602745,1
5979,1.0,0.09830143667602745,1
5980,1.0,0.09830143667602745,1
6004,1.0,0.09830143667602745,1
6005,1.0,0.09830143667602745,1
3324,1.0,0.09830143667602745,1
3325,1.0,0.09830143667602745,1
5891,0.9634176036372137,0.09830143667602745,1
4127,0.9634176036372137,0.09830143667602745,1
5894,0.9634176036372137,0.09830143667602745,1
1869,0.9634176036372137,0.09830143667602745,1
5995,0.9634176036372137,0.09830143667602745,1
5474,1.0,0.09830143667602745,1
1405,0.9634176036372137,0.09830143667602745,1
1784,0.963384459111231,0.09830143667602745,1
2215,0.9634176036372137,0.09830143667602745,1
2190,1.0,0.09830143667602745,1
3836,0.9634176036372137,0.09830143667602745,1
1382,0.9634176036372137,0.09830143667602745,1
4349,1.0,0.09830143667602745,1
3266,1.0,0.09830143667602745,1
5953,1.0,0.09830143667602745,1
1474,0.9634176036372137,0.09830143667602745,1
5816,1.0,0.09830143667602745,1
1709,1.0,0.09830143667602745,1
1699,0.9634176036372137,0.09830143667602745,1
2773,1.0,0.09830143667602745,1
2432,1.0,0.09830143667602745,1
4102,0.9865823963627862,0.09830143667602745,1
2613,1.0,0.09830143667602745,1
3692,1.0,0.09830143667602745,1
3693,1.0,0.09830143667602745,1
5265,0.8365823963627863,0.09830143667602745,1
5868,1.0,0.09830143667602745,1
3199,0.9812397967370218,0.09830143667602745,1
3200,1.0,0.09830143667602745,1
5885,1.0,0.09830143667602745,1
5843,1.0,0.09830143667602745,1
4079,0.9634176036372137,0.09830143667602745,1
2448,0.9812622596487142,0.09830143667602745,1
4821,1.0,0.09830143667602745,1
4826,0.9634176036372137,0.09830143667602745,1
4799,0.9634176036372137,0.09830143667602745,1
2340,0.9865823963627862,0.09830143667602745,1
4093,0.9634176036372137,0.09830143667602745,1
4066,1.0,0.09830143667602745,1
3362,1.0,0.09830143667602745,1
3334,0.9634176036372137,0.09830143667602745,1
1294,1.0,0.09830143667602745,1
5855,1.0,0.09830143667602745,1
5832,0.8645447251660918,0.09830143667602745,1
5815,1.0,0.09830143667602745,1
4117,0.9634176036372137,0.09830143667602745,1
2786,0.5865823963627863,0.09830143667602745,1
2791,0.9634176036372137,0.09830143667602745,1
2797,0.9634176036372137,0.09830143667602745,1
3635,0.9634176036372137,0.09830143667602745,1
1795,0.9865823963627862,0.09830143667602745,1
5211,0.9634176036372137,0.09830143667602745,1
1361,1.0,0.09830143667602745,1
3739,0.9812397967370218,0.09830143667602745,1
3741,1.0,0.09830143667602745,1
2616,0.5865823963627863,0.09830143667602745,1
1552,0.9634176036372137,0.09830143667602745,1
4343,0.9365823963627863,0.09830143667602745,1
4435,0.970330757028974,0.09830143667602745,1
4436,0.9634176036372137,0.09830143667602745,1
1926,1.0,0.09830143667602745,1
1305,0.9634176036372137,0.09830143667602745,1
3393,1.0,0.09830143667602745,1
3364,1.0,0.09830143667602745,1
3179,1.0,0.09830143667602745,1
4063,1.0,0.09830143667602745,1
1450,1.0,0.09830143667602745,1
1452,0.9634176036372137,0.09830143667602745,1
4820,0.9634176036372137,0.09830143667602745,1
5755,1.0,0.09830143667602745,1
5756,1.0,0.09830143667602745,1
1928,0.9865823963627862,0.09830143667602745,1
1691,0.9634176036372137,0.09830143667602745,1
3176,1.0,0.09830143667602745,1
3177,1.0,0.09830143667602745,1
5091,0.9865823963627862,0.09830143667602745,1
5095,0.9634176036372137,0.09830143667602745,1
5134,0.8365823963627863,0.09830143667602745,1
3754,1.0,0.09830143667602745,1
3633,1.0,0.09830143667602745,1
3634,1.0,0.09830143667602745,1
2506,1.0,0.09830143667602745,1
2509,0.9634176036372137,0.09830143667602745,1
1959,0.9637206777171866,0.09830143667602745,1
5703,1.0,0.09830143667602745,1
3407,0.9634176036372137,0.09830143667602745,1
3424,1.0,0.09830143667602745,1
3426,1.0,0.09830143667602745,1
4854,0.9634176036372137,0.09830143667602745,1
4864,0.8365823963627863,0.09830143667602745,1
2834,1.0,0.09830143667602745,1
3742,0.9634176036372137,0.09830143667602745,1
1505,1.0,0.09830143667602745,1
1732,0.9634176036372137,0.09830143667602745,1
1734,1.0,0.09830143667602745,1
2820,1.0,0.09830143667602745,1
1445,1.0,0.09830143667602745,1
1434,0.9634176036372137,0.09830143667602745,1
3979,1.0,0.09830143667602745,1
1523,1.0,0.09830143667602745,1
1137,1.0,0.09830143667602745,1
1640,0.9865823963627862,0.09830143667602745,1
2527,1.0,0.09830143667602745,1
2528,1.0,0.09830143667602745,1
2715,0.9634176036372137,0.09830143667602745,1
1627,0.9634176036372137,0.09830143667602745,1
2170,1.0,0.09830143667602745,1
2989,0.9634176036372137,0.09830143667602745,1
2990,1.0,0.09830143667602745,1
1440,1.0,0.09830143667602745,1
4877,1.0,0.09830143667602745,1
4671,1.0,0.09830143667602745,1
1649,1.0,0.09830143667602745,1
1581,0.9634176036372137,0.09830143667602745,1
5964,1.0,0.09830143667602745,1
2450,1.0,0.09830143667602745,1
2481,1.0,0.09830143667602745,1
3819,0.9865823963627862,0.09830143667602745,1
3835,0.9634176036372137,0.09830143667602745,1
2972,1.0,0.09830143667602745,1
3051,1.0,0.09830143667602745,1
3536,0.9634176036372137,0.09830143667602745,1
267,0.9634176036372137,0.09830143667602745,1
3839,1.0,0.09830143667602745,1
836,0.9634176036372137,0.09830143667602745,1
4221,1.0,0.09830143667602745,1
2191,1.0,0.09830143667602745,1
1497,1.0,0.09830143667602745,1
2302,0.9365823963627863,0.09830143667602745,1
5135,1.0,0.09830143667602745,1
5136,1.0,0.09830143667602745,1
5137,1.0,0.09830143667602745,1
5140,1.0,0.09830143667602745,1
2547,1.0,0.09830143667602745,1
4542,1.0,0.09830143667602745,1
4878,0.9865823963627862,0.09830143667602745,1
4822,1.0,0.09830143667602745,1
3457,1.0,0.09830143667602745,1
3156,1.0,0.09830143667602745,1
3446,1.0,0.09830143667602745,1
3447,1.0,0.09830143667602745,1
2595,1.0,0.09830143667602745,1
2596,1.0,0.09830143667602745,1
1534,1.0,0.09830143667602745,1
1540,1.0,0.09830143667602745,1
3124,0.9634176036372137,0.09830143667602745,1
3128,0.9634176036372137,0.09830143667602745,1
5592,1.0,0.09830143667602745,1
3480,1.0,0.09830143667602745,1
5652,1.0,0.09830143667602745,1
2247,1.0,0.09830143667602745,1
2264,0.9634176036372137,0.09830143667602745,1
4972,1.0,0.09830143667602745,1
2314,1.0,0.09830143667602745,1
976,0.9865823963627862,0.09830143667602745,1
3606,1.0,0.09830143667602745,1
3041,0.8264993556215161,0.09830143667602745,1
3614,1.0,0.09830143667602745,1
3616,1.0,0.09830143667602745,1
3617,0.9634176036372137,0.09830143667602745,1
5131,0.9634176036372137,0.09830143667602745,1
5653,1.0,0.09830143667602745,1
3486,0.4967244590064821,0.09830143667602745,1
2074,1.0,0.09830143667602745,1
5351,1.0,0.09830143667602745,1
3064,0.9865823963627862,0.09830143667602745,1
2172,0.9865823963627862,0.09830143667602745,1
2947,1.0,0.09830143667602745,1
2177,1.0,0.09830143667602745,1
1796,0.9634176036372137,0.09830143667602745,1
5090,1.0,0.09830143667602745,1
3805,0.9634176036372137,0.09830143667602745,1
3773,1.0,0.09830143667602745,1
4498,1.0,0.09830143667602745,1
1983,1.0,0.09830143667602745,1
2005,1.0,0.09830143667602745,1
3508,0.9126280033961675,0.09830143667602745,1
3594,0.9634176036372137,0.09830143667602745,1
5566,0.9634176036372137,0.09830143667602745,1
5579,0.9634176036372137,0.09830143667602745,1
3095,1.0,0.09830143667602745,1
3532,1.0,0.09830143667602745,1
1498,1.0,0.09830143667602745,1
4640,0.9865823963627862,0.09830143667602745,1
4612,0.5865823963627863,0.09830143667602745,1
4216,1.0,0.09830143667602745,1
3507,0.9634176036372137,0.09830143667602745,1
3117,1.0,0.09830143667602745,1
3118,1.0,0.09830143667602745,1
1314,1.0,0.09830143667602745,1
5567,1.0,0.09830143667602745,1
1836,1.0,0.09830143667602745,1
4973,1.0,0.09830143667602745,1
5043,0.9634176036372137,0.09830143667602745,1
2927,1.0,0.09830143667602745,1
3811,1.0,0.09830143667602745,1
3818,1.0,0.09830143667602745,1
5018,1.0,0.09830143667602745,1
1601,0.9634176036372137,0.09830143667602745,1
2577,1.0,0.09830143667602745,1
1547,0.9634176036372137,0.09830143667602745,1
5537,1.0,0.09830143667602745,1
5538,1.0,0.09830143667602745,1
1414,1.0,0.09830143667602745,1
3907,0.9634176036372137,0.09830143667602745,1
3908,1.0,0.09830143667602745,1
2248,1.0,0.09830143667602745,1
5019,1.0,0.09830143667602745,1
3631,0.9634176036372137,0.09830143667602745,1
5931,1.0,0.09830143667602745,1
5878,1.0,0.09830143667602745,1
2039,1.0,0.09830143667602745,1
3587,1.0,0.09830143667602745,1
5468,1.0,0.09830143667602745,1
5024,0.8365823963627863,0.09830143667602745,1
3906,1.0,0.09830143667602745,1
5502,1.0,0.09830143667602745,1
5503,1.0,0.09830143667602745,1
5475,0.9936378441108132,0.09830143667602745,1
2687,1.0,0.09830143667602745,1
1594,1.0,0.09830143667602745,1
2025,0.9634176036372137,0.09830143667602745,1
2029,0.9634176036372137,0.09830143667602745,1
3774,0.9634176036372137,0.09830143667602745,1
5020,0.9634176036372137,0.09830143667602745,1
5897,1.0,0.09830143667602745,1
4772,0.9634176036372137,0.09830143667602745,1
1459,1.0,0.09830143667602745,1
1460,1.0,0.09830143667602745,1
1694,1.0,0.09830143667602745,1
5867,1.0,0.09830143667602745,1
3717,0.9634176036372137,0.09830143667602745,1
3718,0.9032492867601501,0.09830143667602745,1
2109,0.9634176036372137,0.09830143667602745,1
3028,1.0,0.09830143667602745,1
1136,1.0,0.09830143667602745,1
3663,0.9586928428635229,0.09830143667602745,1
2985,1.0,0.09830143667602745,1
2986,1.0,0.09830143667602745,1
3690,1.0,0.09830143667602745,1
3691,1.0,0.09830143667602745,1
79,0.9634176036372137,0.09830143667602745,1
3284,1.0,0.09830143667602745,1
1561,1.0,0.09830143667602745,1
1560,0.9634176036372137,0.09830143667602745,1
5992,1.0,0.09830143667602745,1
5998,1.0,0.09830143667602745,1
3228,1.0,0.09830143667602745,1
4373,1.0,0.09830143667602745,1
1558,1.0,0.09830143667602745,1
5933,1.0,0.09830143667602745,1
5927,1.0,0.09830143667602745,1
2482,1.0,0.09830143667602745,1
3305,1.0,0.09830143667602745,1
444,0.9299364203698897,0.09831860657433783,1
4808,1.0,0.09832985560568974,1
4959,1.0,0.09832985560568974,1
4956,0.9580706225738533,0.09832985560568974,1
4953,1.0,0.09832985560568974,1
4976,1.0,0.09832985560568974,1
4954,1.0,0.09832985560568974,1
4950,1.0,0.09832985560568974,1
4948,1.0,0.09832985560568974,1
4951,1.0,0.09832985560568974,1
4947,1.0,0.09832985560568974,1
4809,1.0,0.09832985560568974,1
5002,1.0,0.09832985560568974,1
306,0.9948073844504156,0.09836025991177555,1
305,0.9948073844504156,0.09836025991177555,1
1180,0.9673747657496391,0.09840407599159831,1
1097,0.9988975845564688,0.09840407599159831,1
5820,0.6238105499495221,0.0984090391339349,1
5848,0.9868333105512439,0.09842953412967326,1
2825,0.7588424610109372,0.09844602283472581,2
5683,1.0,0.09844795864167642,1
5785,1.0,0.09844795864167642,1
1333,0.992603904537579,0.09844895707762369,1
1208,0.992603904537579,0.09844895707762369,1
1205,0.9947466170466569,0.09844895707762369,1
1449,0.992603904537579,0.09844895707762369,1
1215,0.992603904537579,0.09844895707762369,1
1224,0.992603904537579,0.09844895707762369,1
1221,0.992603904537579,0.09844895707762369,1
1373,0.957396095462421,0.09844895707762369,1
1323,0.992603904537579,0.09844895707762369,1
1195,0.992603904537579,0.09844895707762369,1
1330,0.992603904537579,0.09844895707762369,1
1265,0.992603904537579,0.09844895707762369,1
1248,0.992603904537579,0.09844895707762369,1
3885,0.9808619411291493,0.09845330298534936,3
182,0.9919473527668173,0.09846960809217918,1
388,0.9919473527668173,0.09846960809217918,1
1287,1.0,0.09849321698892922,1
1149,0.9989305971529778,0.09849321698892922,1
806,1.0,0.09850053855938336,1
1153,0.9989226958672764,0.0985139533333395,1
1881,0.9983099266005685,0.09851412843123011,1
4863,1.0,0.09851940935984727,1
4930,1.0,0.09854577032413593,2
4134,0.867398639467058,0.0985587558595954,2
4859,0.7878832583707536,0.09858847023215905,2
3918,0.9816157463222586,0.09859910167029941,1
3948,1.0,0.09862783622101126,2
2379,0.976911905204357,0.09863535393261118,2
4091,0.9722135502817363,0.09864489943407702,1
837,0.9869499192337772,0.09865536314541833,2
4952,1.0,0.09868347610707921,2
1380,0.9923182306752271,0.09869943630235055,1
5970,0.9976642634839331,0.0987201844504163,1
2655,1.0,0.09873433441653368,2
981,0.9858819467334419,0.09875268209656543,2
1969,0.9708043933721222,0.09889069696390293,1
1231,0.97254821683567,0.09896969510677774,3
4908,0.9922385095549581,0.09898034042611702,1
4764,0.9562741599709915,0.09898034042611702,1
1656,0.9212998196828036,0.09898412660121265,37
797,0.9693302314467646,0.09901476435177704,1
800,0.9806697685532354,0.09901476435177704,1
5908,1.0,0.09903709660846868,1
5907,1.0,0.09903709660846868,1
5906,1.0,0.09903709660846868,1
5910,1.0,0.09903709660846868,1
5909,1.0,0.09903709660846868,1
1929,0.998648011655627,0.09904165807977765,1
1111,0.9774172840693495,0.0990597275346422,1
1341,0.9888091793433333,0.09906572497807534,1
1432,0.9812397967370218,0.09912894188514243,2
5495,1.0,0.09918453424850711,1
5646,1.0,0.09918453424850711,1
2426,0.983360457304017,0.09919305006268835,1
5004,1.0,0.09921359513584647,1
5850,0.9694024179360067,0.09924160152486408,1
4564,0.8728406897738569,0.0992451390915863,1
1044,0.9422234120570215,0.09926000782411044,13
4931,1.0,0.09926080153846803,2
4832,0.9212757432895329,0.09927400890234987,2
706,0.946266349588281,0.09928403527978259,1
3151,0.9976269209195097,0.09929501905182647,1
4929,1.0,0.09930800794108958,1
5899,0.6109219798564832,0.0993238918935651,1
2300,1.0,0.09933198054499823,1
5586,1.0,0.09936378441106619,1
5588,1.0,0.09936378441106619,1
5589,1.0,0.09936378441106619,1
5587,1.0,0.09936378441106619,1
5585,1.0,0.09936378441106619,1
3732,0.6981524230373091,0.09937197977454995,1
2153,1.0,0.09938397322046405,1
4658,0.9979278432771284,0.09938397322046405,1
993,0.9726934629361685,0.0994269337055327,1
1071,0.9927572498064479,0.0994790810556284,1
1427,0.9927572498064479,0.0994790810556284,1
1186,0.9238253090256755,0.09950098454180575,2
1908,0.9989502205041687,0.09956927141283645,1
914,0.9728392465725668,0.09957237137355943,1
1254,0.9728392465725668,0.09957237137355943,1
1216,0.9979494008632889,0.09962071305319387,1
1255,0.9732760413362227,0.09962071305319387,1
1163,0.9015747382140731,0.09962071305319387,1
4104,1.0,0.09972415123338829,1
739,0.9953289513979111,0.09973906952754624,1
3237,0.9114671590740876,0.09982295844143929,12
4981,0.8711307429066263,0.09984496890472855,1
883,1.0,0.09989926807512645,1
1577,1.0,0.09991095243114026,1
1188,0.9716796133954135,0.09998720473183448,1
5359,0.9918975749692565,0.1,2
696,0.9989926807510265,0.1,2
3762,1.0,0.1,1
3763,1.0,0.1,1
6002,1.0,0.1,1
4109,0.9767384790212005,0.1,1
5456,1.0,0.1,1
1850,0.9614280084844026,0.10028388124684888,28
1557,0.9711659079505661,0.10080758221046619,16
962,0.9479331267679925,0.10085112918693309,11
571,0.880390255819647,0.10086137334424732,6
1394,0.9208238520883604,0.10098873679917282,14
3229,0.918881783221857,0.10123811917406589,14
2901,0.9704276280318532,0.10142287193523906,10
3549,0.9701720747955049,0.10157019790981366,8
1713,0.936954228091945,0.10158675328453104,9
710,0.931963760685245,0.1020955521775178,23
634,0.9582932889666517,0.10292001346467912,33
625,0.9510997709157726,0.10304387286863537,17
166,0.9752836912990629,0.10327647129970646,13
550,0.9571340156840303,0.10332820438290832,44
455,0.9613568513272942,0.10343317753081087,10
3621,0.9557391360188707,0.1034452652888532,8
1810,0.8708050248506236,0.10346163142058565,311
3029,0.9542273970053301,0.10347130590577726,8
386,0.9720108059133042,0.10347179888556579,11
1562,0.968421075929812,0.10347285518631913,30
3910,0.9596576540893135,0.10428986742544429,9
978,0.9618582056157279,0.10431708288685695,16
1657,0.8918964432910726,0.10442985393133102,9
2299,0.9520185152922409,0.10462311555973755,11
3864,0.980460264405763,0.104694799234828,8
3006,0.9331133413369708,0.10492337645238577,14
163,0.9654415305333672,0.10494054281687615,8
2725,0.918046058949014,0.105123263792015,68
5064,0.9488480892711599,0.10555528397967169,7
1290,0.9707949096213743,0.1057070890316598,11
2948,0.9762348875754253,0.10588824650774664,8
1332,0.9778963425035249,0.10596380485544968,9
4004,0.9154318799857502,0.10597117597188839,16
1611,0.9363077188263176,0.10625067664942921,7
4559,0.922255088744169,0.10629062951102368,82
3195,0.9405701061537446,0.10654573171017212,15
5825,0.9482946193505013,0.10660894579766968,8
3980,0.958060717799163,0.10663414691545822,9
4211,1.0,0.10663463402417883,7
520,0.9640387045669309,0.10668686181996904,18
5613,0.9256272871806466,0.10677427036705105,7
476,0.9475990554449659,0.10681445441916826,16
2306,0.9602984224568605,0.10683564487703724,29
3002,0.9737830234194196,0.10700760024104146,7
4828,0.810849631532315,0.1070316732893984,7
2205,0.9655370133288586,0.10727342738863113,8
3699,0.9536818671221334,0.10748291176449644,48
5139,0.9585751230153182,0.10778857322013057,6
5649,0.9471134765999646,0.10793668930516338,7
5025,0.9463005702544645,0.10795618336483721,19
4209,0.9405460360720577,0.10798935585507642,13
929,0.9684647794529839,0.10814274144625592,14
1471,0.9768180798371437,0.10852410659891323,7
1653,0.970518642778687,0.10861841085056796,8
1981,0.9581613921949074,0.10879821324137177,7
658,0.9573935289878079,0.10881684033004409,5
2906,0.9495884867629145,0.1089522745218719,6
238,0.9391382515554583,0.10897966725686974,6
1811,0.9535875234439748,0.1090936091810109,10
5443,0.9826731526597551,0.10909589169002297,7
1576,0.9504871209614335,0.10909865149974576,13
5965,0.9659570808595639,0.10922245552197743,5
4709,0.9687330619821715,0.10924853699371527,12
2195,0.9774498605011038,0.10941575295917161,6
2693,0.8683231691878212,0.10952677490424607,6
3063,0.9175778576374691,0.10967500904923866,6
3590,0.9683975419769479,0.10983304347699463,5
4771,0.9541478102073196,0.10990319864596183,6
1888,0.9537138092725667,0.1099986336749875,5
4389,0.9666079103974131,0.11006922360320068,5
1800,0.9683844050098858,0.11007161161970991,6
2732,0.9637590454363325,0.11009817303244755,5
1664,0.9485224703911002,0.1103321670710854,6
282,0.9836025991182781,0.11038523109916872,6
4231,0.9787298045415705,0.11043579396358484,6
2430,0.9601432513848178,0.11058707990226482,10
4398,0.9614458732368902,0.11080128318872469,6
539,0.9386061502914568,0.11081262158376032,18
632,0.9705197975220263,0.1108828098034469,22
4088,0.9588761563865703,0.11128219292370271,6
3682,0.9598069482496521,0.11133781634146662,5
227,0.9574777316123555,0.11152345446614614,6
5224,0.9846380419351171,0.11157335393960541,5
2589,0.9681053673596286,0.11173460248727307,6
1490,0.9562153499842808,0.11183363259320565,11
3533,0.9711345658995648,0.11189998081435688,6
5917,0.977995249496561,0.11205262307973245,5
404,0.9717124895775034,0.11217555770363767,6
4361,0.9353069283226528,0.11225019848336937,10
4188,0.9240827288044514,0.11238643275793003,5
2155,0.959342880965713,0.11249693829498186,4
180,0.9671034783602089,0.11258097881059832,10
1937,0.9381637969452536,0.11259376528319223,11
1281,0.964386073090212,0.11260660508040089,55
3830,0.9753605444483087,0.11265797340629873,6
514,0.9763114402304807,0.11281653354356139,5
5041,0.955997405542984,0.11290534894925622,5
1894,0.9719257413183724,0.11292142290134877,6
2486,0.8934485483987737,0.11307543483739935,5
2310,0.9727171525845731,0.11311230855598317,10
3413,0.9182686580052424,0.11314797915291512,5
2006,0.9718286613837399,0.11326519251636351,5
3023,0.974938507811799,0.11340827753279734,8
714,0.9626430367419745,0.11347871677076717,17
3321,0.9425532053313964,0.11356539031223427,5
1838,0.9677260938480944,0.11356815715252969,4
421,0.9318991846738097,0.11361074330507386,5
4605,0.9748916400733186,0.11366082258510295,10
114,0.9542529351733919,0.11376005636569603,9
4419,0.9701922548024633,0.11376158443101247,12
3629,0.9820803696569445,0.11380527201268686,5
975,0.9311666643828187,0.11385142264916122,5
791,0.9751729100763772,0.1138833205101439,5
2389,0.988281460562049,0.11392841095523623,5
4206,0.9715190439465899,0.11405118049971705,5
1817,0.9885287518484788,0.11418827724774566,4
4288,1.0,0.11421588553625593,4
1113,0.9624850941873563,0.11425495688474137,5
521,0.9745778790932094,0.11426610024602628,10
1546,0.8699001699315954,0.11434973039241961,4
5450,0.9746039007074425,0.11440430745030611,8
1062,0.9947908105561292,0.1144855003871042,6
5921,0.9631482857779414,0.11454341284639216,13
1319,0.9811999127342693,0.11457303705795367,5
1104,0.9314257911401569,0.11457308084004096,5
4409,0.98220866740016,0.11463146656115587,8
1162,0.9844895707750972,0.11479219092484207,68
2889,0.961655327623991,0.11512890350536993,5
96,0.8865948651330127,0.11516630395268242,37
1629,0.947265397169777,0.11521036108869105,45
5707,0.9713653099050288,0.11529088429309818,4
3800,0.8989898620062761,0.11539148023175336,5
366,0.9520762897963625,0.11550351655404904,5
2875,0.935094439861938,0.1155198297301113,4
4285,0.9898034042373233,0.11552298089008378,9
2315,0.9747534489449876,0.11554979827541498,14
1612,0.9466683259874579,0.11558432655085486,41
100,0.9195592478466196,0.11566762765565627,8
4169,0.9853532251854525,0.11579416240977161,5
4867,0.9671647685427377,0.11595847313990622,29
4462,0.9649820400523259,0.11598291408862918,4
1872,0.9805529551643242,0.1160117917342981,5
148,0.9846960809219901,0.11610529446636535,5
206,0.9686532199329289,0.11617635392676816,15
1794,0.9792133859148089,0.11622176668668523,4
3538,0.9625293054922877,0.11630467414866782,4
3772,0.9854147843498692,0.11631359614816028,5
219,0.9391714322926551,0.11638066486992875,18
5101,0.9623770317582558,0.11647826697296423,4
3971,1.0,0.11654573066022486,9
486,0.8803958666327947,0.11654907617283455,4
399,0.9622683918065991,0.11669098533743376,18
1584,0.9590585996462985,0.11679841489071324,21
2303,0.9272782658114097,0.116855183521536,23
1384,0.8620117747164006,0.11701148135755117,7
4850,0.9786370508180426,0.11712490344829496,4
2141,0.949312687194402,0.11713763291451589,26
1915,0.9910702321560252,0.11718675366704279,4
449,0.9575450401028686,0.117212468883303,4
913,0.9682253305123925,0.117493055096129,4
318,0.8426596871517883,0.11750535457618373,4
186,0.9641917308669153,0.11762661349193175,12
1477,0.9763553928182321,0.11770924553033485,9
499,0.9073157432210197,0.11780673462176666,6
4189,0.9737156605990163,0.1178374467303268,12
536,0.9414525739333015,0.11797076884591362,4
5478,0.9918453424889007,0.11800471241717023,4
4519,0.877280820851338,0.11810824313133349,11
1605,0.9744587197980615,0.11813341605554449,4
3417,0.9205458864902534,0.11821970798692111,4
1702,0.9523249967972055,0.11822630288283933,4
5251,0.9206414936114325,0.11829262635770244,16
1252,0.9712913498162963,0.11842011853833014,12
4554,0.9631979938476001,0.11844170590998651,33
2259,1.0,0.11851596753987356,4
3385,0.9726615949821809,0.11853735793848585,4
1463,0.965929244010223,0.11855717658471414,4
4213,0.9715850085152581,0.11862885254538016,4
608,0.9794406968638864,0.1187230193094504,8
5044,0.9751043294711225,0.1187315578697602,3
1168,0.880826565184508,0.11878100018150517,3
1403,0.9319808755150131,0.11888098629335471,21
591,0.9264274880365819,0.118891045325278,4
1469,0.9332030750364838,0.11891165407037671,4
1595,0.9569135560302641,0.11892009832612055,4
2529,0.9710877472671948,0.11892411689367802,4
1436,0.9839468809563303,0.11903156221214158,4
464,0.9684841893676372,0.11909471413142754,4
2476,0.9151956498912264,0.11916558384413826,4
2371,0.9896927118942905,0.11918758645699967,4
3801,0.903992186499677,0.11920924872441531,4
2552,0.9331979044253984,0.11929858429593683,17
2202,0.9681206783436084,0.11936327928316398,4
4118,0.966618444016795,0.11944111851295633,7
4584,0.9641354056242539,0.11956441806235751,7
654,0.950382616084134,0.11969319953846043,16
1746,0.949565065889219,0.11970145825688183,18
2091,0.9123063600419534,0.11979662987561826,4
3928,0.9126405514423157,0.12002222859237151,8
5280,0.9593270806450727,0.12010014738125216,7
2175,0.9610642360461777,0.12026683440902451,7
1993,0.970193355179306,0.12044936270582035,4
2521,0.956569717550628,0.12045396886781351,4
3653,0.9548925161254175,0.1204611483734568,25
3209,0.9659158773752063,0.12046428821892041,4
156,0.933025796959637,0.1204831073720067,7
1977,0.9804452432375501,0.12053468986341419,4
495,0.9701636146741117,0.12070667390666073,11
357,0.9581644822880021,0.12072026412030104,4
5510,0.8796060349015071,0.12080185039610107,7
3146,0.9832342248793402,0.12083990111091185,10
4762,0.9464128692323057,0.1208709478333914,7
5784,0.9315726339956439,0.12089502074430776,3
2402,0.9648133924554279,0.12095253820286582,3
1269,0.9845465606002566,0.12132177572475746,4
846,0.9638216352902979,0.12134092086396352,7
2859,0.8633485493475845,0.12139292828647763,10
4005,0.9727215043946423,0.12139776154692039,3
1918,0.9688218947571877,0.12152731849606606,4
1239,0.9729181634843476,0.1217920279703024,7
4514,0.9697025901675472,0.12188356922801775,3
647,0.973443010545155,0.12189429760831737,29
2034,0.9533319659368177,0.12190191824476256,18
2502,0.8669137864876084,0.12194394969604849,2
2281,0.9432927278953489,0.12197497996032011,7
1971,0.9515937499512805,0.1219842643701106,10
4942,0.9801288602383065,0.12203707429333621,4
563,0.9655549542183548,0.1220833266183054,8
1936,0.9769568044200321,0.12220706506690922,3
1998,0.9471522145609469,0.12221366981688488,16
950,0.9211621530169485,0.1223027499744531,4
1090,0.9906572497794578,0.12238164131333339,4
2609,0.9759974886441317,0.12252051351151749,3
207,0.9806619064299763,0.12268900223923607,7
894,0.9669104794142055,0.12271805909013048,13
2085,0.9598086566157238,0.12274929475184988,18
1675,0.9463306914070856,0.1228128112575758,54
777,0.9394746111704141,0.12286241510351406,16
469,0.9437552323982831,0.12299870364733696,14
3045,0.9441926484307223,0.123005077896325,7
1526,0.9502404616335135,0.12309015708426933,6
1677,0.9377795410336445,0.12309258750500464,23
1916,0.9648449022141018,0.12311246629549849,26
4125,0.9523461131603087,0.12313854177404242,6
3452,0.926318240741729,0.12316474131754933,39
3783,0.9108566719805609,0.12323143622153869,3
967,0.95756476590697,0.12323973451514243,10
4838,0.8648080511483609,0.12345677536062762,7
2535,0.9701007199198347,0.12350852975626946,7
436,0.965002481315272,0.1235223104123924,13
4196,0.950792773335785,0.12352668217726614,3
481,0.9105814108510668,0.1236078820434225,37
139,0.9640737630648702,0.12364684225569034,3
871,0.9902308337504495,0.12367728843047693,3
2292,0.9674934594870709,0.12371691564083238,5
3528,0.9502391145455432,0.12373438269293842,6
3766,0.9279529264909591,0.1237505482735242,3
2257,0.944461385021777,0.12377208337271595,6
3923,0.9400829390113269,0.1237764948862158,9
1128,0.9834982798864182,0.12380330103124355,7
4420,0.9382459047686194,0.12381132086519271,3
4882,0.9576244905477762,0.12389074434222565,3
3715,0.9276246443799143,0.12390865092998384,12
181,0.9755838310815248,0.12399441116432214,6
424,0.9573144738932275,0.12410703894408316,3
3707,0.9042827044315764,0.12411678534872024,38
2550,0.8773581832786311,0.12422791731853226,3
4131,0.9748299491588486,0.12427662979685275,9
1507,0.9381296034284248,0.12429431495406422,3
1636,0.9764474201943623,0.12446000587240197,12
3666,0.9445726892841597,0.12449278879403543,10
4787,0.969299638254788,0.12451605261063751,19
5310,0.9718795934313088,0.12465676013402398,3
3583,0.9709111283958953,0.12466692242217113,6
3272,0.9293289082416011,0.12471509301594001,3
2819,0.9661727712959305,0.12476059480319436,6
3392,0.9727952795740992,0.12477800394620638,3
1487,0.9363613112632787,0.12478111688599978,28
5275,0.9742870793219776,0.12479436101552466,3
4273,0.9672641777604012,0.12486289158971065,6
2840,0.9360842980912796,0.12486518080287005,6
1271,0.966658751810501,0.12493100588025759,18
1400,0.9625088554736998,0.1249539721290099,14
4278,0.9049806234569204,0.12503959369766515,3
2337,0.9798316207051765,0.1251571047624173,3
2140,0.9514494274341229,0.12519674551398688,2
437,0.9674053879707856,0.1252115123567454,3
4593,0.984486730968735,0.12530356715444488,3
3571,0.9236936874525279,0.1253550569221682,18
892,0.9491637641173412,0.12537385556410277,6
1639,0.9317539237501042,0.1254062071672413,16
5457,0.95324710551918,0.12541510980742862,11
3641,0.9656802821089625,0.12545457575940758,12
2822,0.9372349377369619,0.12546535020801594,16
1244,0.9527814411197836,0.12554097165564126,6
4699,0.9458888280058697,0.12558827789245167,3
5822,0.975470239833628,0.12559599120530016,3
3561,0.9352875317353802,0.12562492454129784,3
559,0.9778618224746072,0.12562500785780123,3
861,0.939143890315163,0.12563872235245185,9
1579,0.9189114100658968,0.12575539565869406,3
5947,0.9658682535065025,0.12578274143909096,3
1842,0.960782090613604,0.12588722116418022,3
2159,0.9099815963952259,0.1259006095557986,3
3254,0.975822667456662,0.1259405131911345,3
3346,0.9619186947478785,0.12595218841196107,3
3194,0.9520216425915344,0.126037741680386,6
2558,0.9627774893497637,0.12606925925357598,9
1944,0.9631847531828186,0.12609452074686814,3
1912,0.9644620333457167,0.12620462758201068,15
1019,0.9551405004459746,0.12624376081039246,3
4893,0.9716639446040019,0.12630319022218614,15
5565,0.98429534129795,0.12633337889751214,6
1744,0.9773365048315376,0.12651044381170226,69
270,0.938093950455666,0.12657718643978497,37
1645,0.9766689682613132,0.12657883895258795,3
1310,0.9621220456231577,0.12663321703084454,3
1462,0.9672541676674352,0.1267792035323405,3
2916,0.9446362344035701,0.12680851127559462,3
3879,0.9667202992793121,0.12687400175407065,3
2848,0.9429765366102439,0.12687805593065743,23
743,0.98271413036265,0.1269099306654198,3
37,0.9445277419091459,0.12694493239646884,12
2020,0.9896825121514775,0.12698780485555441,3
3120,0.9651176837332046,0.12717948236421103,3
5428,0.9631083661319888,0.12719524290593995,3
1966,0.910425023796616,0.12725812664842515,3
203,0.9779058761380156,0.12726805392871568,9
1165,0.9692774692046409,0.1273148265142607,3
2593,0.9836402557042204,0.12731755653818108,6
1921,0.954948420005401,0.12733698454844875,38
3992,0.9541923596548314,0.12739605380798033,3
585,0.9781320504851473,0.12741402799324125,9
1219,0.9542271834555321,0.12742338353291835,3
1907,0.9881328238654438,0.12749553915745734,3
3696,0.9756196864184395,0.1277306446202852,3
3476,0.9543306994026238,0.12775753721564784,8
1456,0.9641234033456322,0.12776963765191315,3
454,0.9702200834045989,0.12778363777170323,3
2199,0.9742566133523355,0.12778777887421855,3
4103,0.9678405531451022,0.12779180913546972,3
3695,0.8517469789452211,0.1277925236673247,3
621,0.9698776293772973,0.12784639356230526,9
1775,0.9867447780941488,0.1278485021040334,3
3363,0.8385653710426674,0.12786202272944658,3
2654,0.9211735852832353,0.12786364875425785,6
661,0.9454248322627566,0.12786496220665308,3
5294,0.9720729002006225,0.12791999477271196,6
811,0.9866313477820219,0.12795645316776175,3
3922,0.9489790451314056,0.1279569824106538,3
2874,0.9701668085791114,0.12799898816100624,3
1697,0.9787303778842373,0.12812487268451866,3
616,0.9661809253173818,0.12823335351714812,6
2052,0.9478665592615275,0.1282571586047624,3
3548,0.9574685776852014,0.12834739462098976,3
1946,0.9663958840134629,0.12840592968291872,5
1972,0.8797595922620269,0.1285115827395494,3
5013,0.9463220302042323,0.12855930287035963,24
2496,0.9146873886940942,0.1285757600345169,10
664,0.967430533099397,0.12861262922806185,38
4400,0.9176477103092107,0.12874854028241198,27
2431,0.9662618542946468,0.1288161309731601,5
183,0.9710421207776955,0.12887745004182197,3
4055,0.9818085564493794,0.12911004780079702,3
4011,0.9699541128871735,0.129145545763238,8
1900,0.9621352178014007,0.1291532007327564,3
4264,0.9646694302166795,0.1293044371665699,3
546,0.9644276222500899,0.12938618085217513,144
1262,0.9766634348427179,0.12939514314173672,3
2123,0.9798407322134308,0.12939753721976474,8
3451,0.9307657476077567,0.12943957542053924,100
1338,0.9714924055417686,0.12944726198380088,3
2243,0.9342707786606352,0.12962816935979254,11
598,0.9788403199596502,0.12964797763382852,9
4227,0.9639529361619827,0.1297552203728525,3
5360,1.0,0.12985497831677018,3
393,0.9610358890523368,0.1298630961415769,11
2053,0.8048840466244123,0.12988746038036747,5
3648,0.9689019997075291,0.1300329424224824,5
5016,0.626798347982156,0.13006011050258293,2
3317,0.9596804123866355,0.1300853027832639,10
3846,0.9552278378144764,0.1301195126446721,5
6,0.8957255195852825,0.13017598697564128,44
2095,0.9409655533746216,0.13018602669906035,5
3519,0.9857877025359824,0.13046027462737914,3
701,0.9777225349095823,0.13055736893806116,5
1922,0.9704647870358306,0.13066082215363864,26
1820,0.907422224917452,0.13077482530428233,5
1568,0.9765236186542984,0.13079191903817627,14
3966,0.9560359110428496,0.130827442013321,5
4553,0.9400626988576195,0.13098193298534647,26
4511,0.944217104833079,0.13102653806253006,24
5827,0.9555027786676733,0.1310407305201561,10
2600,0.9526882229305943,0.13113804256283854,82
3040,0.9326544409278732,0.13124026910943837,34
780,0.9413191982491727,0.13133342988764857,14
1334,0.9118974508400131,0.13154273469559852,164
3326,0.9489084816720633,0.1316598594264794,9
4632,0.9760685048828359,0.1316794984622174,5
2204,0.9083601208149211,0.13176082412047135,5
1226,0.9894268065935532,0.13177590990668664,5
110,0.9434924795754961,0.13178793165338865,15
583,0.9508485656549471,0.13202894366824874,4
2289,0.957536853646253,0.132045048133683,8
3208,0.9556433198429048,0.13204704391920627,11
3160,0.9551602511653423,0.132104683986211,5
3105,0.9609048902786288,0.13223652550803794,10
2180,0.9201101870897519,0.13227335787172062,2
5227,0.9631668319505594,0.132409158704,63
1923,0.943505496180816,0.1324312363727407,5
2201,0.9780720722262289,0.1324610058966299,9
1412,0.9708116895505524,0.1324913320541764,20
2217,0.9041922310391242,0.13256637291544526,5
853,0.9571388785484495,0.1326280865238516,8
2174,0.9248431217402212,0.13263236174781176,14
4360,0.9519967205837905,0.13264121996934575,16
875,0.9856138095981238,0.13267557767446855,5
1275,0.9809033723755954,0.13276806361570329,5
5524,0.8984457813208536,0.13285712246307507,7
5689,0.9429556407025501,0.13291659707144474,5
1521,0.9444150622242443,0.13296372672221074,5
3352,0.9770374215887898,0.13301008800762953,2
4925,0.9612546746148206,0.1332186744154531,26
2411,0.9919305006283705,0.13327908539196595,5
2087,0.8723018314636799,0.13347290106360682,7
564,0.9797825787944372,0.13349534212626457,5
146,0.9682358609345332,0.13349948479700538,15
433,0.9809239565146638,0.133531414834725,5
5523,0.9476708797984452,0.1335477474005353,7
3506,0.9773200798882578,0.13359753434763696,5
2731,0.9029770054744506,0.133701142054989,5
4608,0.9631276694421735,0.13373207083809605,7
4394,0.963281728022222,0.13375249380538623,2
4648,0.96673736170202,0.13390563120100765,9
3916,0.9623125194711932,0.13392512488384334,71
3366,0.9215318744495304,0.1339903549473714,48
2969,0.9339654969996619,0.13422377412744063,4
3262,0.9545339480519189,0.1345095042260887,2
171,0.9658401870846185,0.13460839655162427,50
3620,0.9659409369275143,0.13462774429303276,5
1803,0.9403211909681997,0.13466453189253363,7
700,0.9739590435760288,0.13469999902495092,12
2178,0.9644626619488692,0.134763349695176,11
729,0.9456860255412445,0.13484345601286377,54
2837,0.9502128504731134,0.13496498738917523,4
3826,0.9699514015261879,0.1350221895741053,2
408,0.975323201924664,0.1350846474585574,14
1849,0.8748864051956312,0.1351147769288143,5
770,0.9379169644645605,0.13513917370083303,23
687,0.9644468066316029,0.13515067688409027,47
2977,0.9705874610382915,0.135233730392961,16
1353,0.8617810893914248,0.13525075460687688,11
258,0.9915905277567121,0.13531028168301834,2
3854,0.9656032828566672,0.13533959708975754,16
2012,0.9454371559382846,0.13540159846337085,15
3496,0.976587384497729,0.13553832481950437,2
4779,0.9832985560574703,0.1355845187003137,9
1539,0.9568955695105612,0.1356079322962766,16
1502,0.9598939108773824,0.13563423989516604,30
3892,0.9548922561964326,0.1356465927468621,24
1967,0.9275201007781438,0.13574986511141043,29
2392,0.9603038990971031,0.13580999094966012,19
5440,0.980725875990928,0.135904405169581,9
1227,0.9298263533023816,0.13608247235016907,5
1245,0.967735766625621,0.13610598379303374,36
3315,0.9852528268363341,0.13616039878381764,2
2378,0.9485239638714964,0.13617309617393483,47
735,0.9127761806243909,0.13628885598290782,9
903,0.9211940920568151,0.1363816647520137,5
4616,0.9122180531616613,0.13646698456881473,4
3099,0.9419422752999744,0.13647061214903158,36
2876,0.9586488201057068,0.13656788991024157,6
1788,0.9578158668689661,0.13658997136145906,18
3902,0.9524179359203366,0.13673259734181548,2
31,0.9723667238532165,0.13680800170631566,2
3184,0.9622925727400301,0.13683131150776287,2
3824,0.9508015171698679,0.13699964979420137,7
2369,0.9044607571822245,0.1370030370754386,2
2072,0.9425413785256631,0.13704176207429364,9
1765,0.9208923482437892,0.13706582377449514,15
4296,0.9938149506823868,0.13715056233951042,2
2351,0.7441414337338408,0.13718944422292983,4
3603,0.8430152631514238,0.1371935725913251,2
3909,0.9344837864677127,0.13750031107008476,2
2162,0.9608992601193458,0.1375117172245133,2
4415,0.8449430982811375,0.13758116445952562,2
2473,0.9766815052852532,0.13761119040084585,2
292,0.9497045107731419,0.13764779611154396,2
2098,0.968249208249638,0.13771288836458628,4
5056,0.9669452814315993,0.13779369730932514,4
5180,0.9597205450257866,0.13781323981506438,2
3295,0.9700270476823755,0.137820520213462,2
3465,0.9133679684268734,0.1378900236554595,37
3370,0.9631081224114433,0.13791906157209194,2
963,0.9119598360403307,0.13792520908266379,6
2612,0.9645358714896922,0.1379380058710386,4
4505,0.9761311829059521,0.1382066515633314,2
4881,0.9491293594846392,0.1382615565599196,2
346,0.9515275079259703,0.13829915849041385,22
3277,0.9650965085208882,0.13833127953395424,2
4162,0.970492921047828,0.13852345762733748,2
1457,0.9615088580117309,0.1385719074444437,2
757,0.9901476435191398,0.13866046289352915,11
2775,0.9717749674881907,0.13866203570010494,19
3750,0.9789772181216021,0.13866800103314617,15
2774,0.931931071270186,0.13869313470784123,2
2813,0.9766676737455953,0.13874059166812963,2
319,0.9587945084368503,0.13876727318365095,8
2080,0.9232786786266298,0.13884222928013723,16
1542,0.991280969681118,0.1389642337548854,2
3713,0.9594270553718631,0.1389656906380087,4
1829,0.8819424597106429,0.13917371085262525,10
2404,0.9655495083436371,0.1391930840103588,63
2884,0.5496969417131202,0.13923512335119748,2
667,0.9575288748403555,0.13930768837477528,8
1114,0.9512105515891723,0.1393242179040566,2
3475,0.9683050665963397,0.13941722337518633,4
2923,0.9566180095600573,0.13952849749408275,2
5260,0.9213311762966486,0.13957009264367734,2
4755,0.9343546308890796,0.1395757081271253,2
4479,0.9796616591019086,0.13959317400367394,2
2059,0.9871594927616141,0.13966600978021199,2
3814,0.9659055448691939,0.1396830694165025,2
1554,1.0,0.13970374717955683,4
5144,0.9775982601996832,0.13977736606952698,2
199,0.9553300075903087,0.13982696428310779,4
4636,1.0,0.13984248758633952,2
348,0.970690849629604,0.1398621427118468,4
4943,0.9578047807087791,0.13987034233751788,2
4228,0.951870570834354,0.13989435329185967,4
2318,0.9524503725596785,0.13991508333723043,32
578,0.9617478592804731,0.13993297646500005,9
1057,0.9520671134338526,0.13994164874468673,2
2319,0.956788057253152,0.13996820685051156,2
2370,0.8368136851745265,0.14000024933770766,5
3001,0.9472726786950844,0.1400298230200742,8
3534,0.9587432936560203,0.14003849824699308,4
2269,0.9264011869519971,0.14006508067133136,8
1674,0.9627641600395876,0.14006898502862103,9
2442,0.9877929326031837,0.14011170124027,2
686,0.9434747992010943,0.14011492111491075,2
2943,0.9498204944286294,0.14014816111971037,14
3106,0.9824595313141756,0.14019723432325049,4
3000,0.9589244137250164,0.14019871625756306,30
863,0.977904145396293,0.14022461761463123,2
3438,0.9836530968769406,0.14032628844649836,2
3683,0.9609729893292542,0.1403575825791616,2
157,0.9758715900819337,0.14037886852728315,2
2607,0.9736264228469982,0.14049879688235853,2
5552,1.0,0.1405672771422969,2
3586,0.9810393278675942,0.14057306454378,2
638,0.9680509384355868,0.1406318860568282,2
198,0.9512583626922154,0.14066156620438788,50
4331,0.925791704762695,0.14066364760292313,10
1025,0.9358047833044313,0.14066631438706464,2
502,0.949620852749307,0.14070186235896118,12
3904,0.9684664155863215,0.14078077815426013,26
527,0.9413200327211497,0.14078926030419459,2
551,1.0,0.14080218521579144,2
440,0.9831860657438942,0.1408812629209868,2
5074,0.9875729305681469,0.14093838732397126,2
3268,0.9233860327758399,0.14095177809977003,6
1237,0.9816988863587376,0.1409621246645978,2
1286,0.944462664137236,0.14097085275584625,4
2328,0.8980418253990912,0.14102497603581113,26
285,0.9557170579872096,0.14106046307693956,6
2980,0.9379874777974526,0.14106930711877022,2
627,0.9693843252558478,0.14109687159395023,4
4380,0.9879798191331509,0.14112035270195597,2
263,0.9668202559754586,0.14119100626174022,2
1901,0.9867447780941488,0.14121516320559985,2
4504,1.0,0.14121541808864646,4
5800,0.987374186414859,0.14123107759649184,2
1920,0.9831706279976703,0.1412739017332211,2
4418,0.9620375672858513,0.14128771541593266,2
1222,0.9438404056191015,0.14134318181910036,12
221,0.9650702539922315,0.1413693493739166,8
356,0.9565181457585187,0.1414090975678257,4
112,0.9594756855681849,0.14148885348630685,14
1107,0.9695730470122296,0.14154298160583703,6
4558,0.9796997646558184,0.14159854241674769,2
1968,0.9889069696331096,0.14160878674424437,2
1508,0.959361713464741,0.1416103964287622,28
3628,0.9445918010701634,0.1416346069560667,4
1223,0.9754496299468415,0.14166259217812782,2
1846,0.9239456740000982,0.1416713310626977,29
680,0.9643926996666222,0.14168172273895163,8
1618,0.9262806251827089,0.14172668080684056,4
1575,0.9791369158484058,0.14177755399218964,2
428,0.9552065645797335,0.14181128057912795,4
2297,0.9164891929085026,0.14185588179012246,10
643,0.9570059964710044,0.14188595253639102,4
1415,0.9828819198250719,0.14189042672309937,2
3316,0.9533771352320334,0.1419537294240195,10
544,0.988185620266452,0.1419786289877004,2
4258,0.9659304558068581,0.14199868215710504,4
2252,0.9486426571729422,0.14203090389475667,27
1040,0.8869340363288807,0.1421059376411195,2
188,0.9260846163472595,0.14210734202560033,2
1257,0.8774174232158278,0.14211552953761525,18
5218,0.9796096109228699,0.1421191296069534,2
879,0.9806134934700502,0.14215884795592282,2
1635,0.9664824870902889,0.1421905940432312,2
1997,0.9582043833077738,0.1421972132603291,10
1115,0.9795077443263067,0.1422168447684897,2
299,0.9814460819059982,0.14223497859083717,2
2858,0.948314067089294,0.14224227745499207,2
4933,1.0,0.14224472188779247,2
1976,0.9650434167669538,0.14227514081289042,6
4284,0.9504950349500342,0.142301775923019,19
1411,0.9627150114026606,0.14233770899761566,2
900,0.9587939211254699,0.14236831286166454,12
3024,0.992658391709675,0.14237851018052783,2
2057,0.9874625510484939,0.14238049014033743,2
3241,0.9458892444748541,0.14238200267578788,2
212,0.9523816424788037,0.14238859894769318,6
2944,0.9395628575893347,0.1424236100009946,9
4101,0.964545500575262,0.1424603768179397,2
89,0.9696546857748466,0.14249209138324734,2
2808,0.9809687778138283,0.1425223640730136,4
4717,0.9411947652434866,0.14253385770820345,2
4830,0.8843456897251596,0.1426069984870711,4
2663,0.994812754913443,0.14266228309232332,2
5982,0.9675993510803906,0.14266472414596723,4
1945,0.9867447780941488,0.14269419625163787,2
3082,0.9586004918242064,0.14270279583282208,2
1573,0.9859762482028405,0.14270643321399357,2
174,0.9558455214876216,0.14274124832665208,4
2768,0.9606185692258531,0.14283544288341604,2
3013,0.9480807197341191,0.14285130491425022,29
670,0.9769170457259433,0.14290243975004752,2
345,0.9567473590977674,0.1429049017709117,4
1105,0.9816867061266221,0.1429143457568783,2
1989,0.9350612264477582,0.14295474431121435,2
5420,0.8780096170480315,0.14301071230912465,2
767,0.9617276344473472,0.1430133063671322,12
460,0.9652992169939706,0.14305693890238919,2
1793,1.0,0.14308930606346085,2
2806,0.9705105667277454,0.14317350884570879,2
2213,0.931683600467387,0.1431880994376981,2
2952,0.9620463825817851,0.14324102297174313,4
2355,0.9834726616836862,0.14329625661067397,2
4507,1.0,0.1433103501000701,2
4322,0.8695859191573453,0.14331885763427446,4
3843,0.974135620726771,0.14334244112587982,2
1187,0.9998720473184101,0.14335922679082716,2
2839,0.955600989825425,0.14336416817768655,10
630,0.9608832873960995,0.1434516661485345,28
3810,0.9569505929546083,0.14345831644215754,7
3580,0.9954455373560991,0.14347928196064857,2
940,0.9782776489220932,0.14349129797861027,2
4875,0.9490689440551049,0.14356831869257822,27
991,1.0,0.14363490762950437,2
3359,0.9668866985716276,0.14371446089817747,2
3329,0.9703937476150808,0.14382415065683382,2
874,0.9619920609473156,0.14382519617047942,2
3884,0.9560737503883342,0.14383895856032614,4
2356,0.9899371149434987,0.14385403420385603,2
3740,0.9605113920907796,0.14387725805567408,2
312,0.9258133500419142,0.14389833447960546,11
1776,0.9348032137962312,0.14389884042932236,2
1422,0.9793211729527311,0.14390353533600364,2
2513,0.9665273383163138,0.14392373559676894,2
3988,0.9370544441592523,0.14397354829245249,115
3640,0.9476993874367505,0.1439934145985236,26
1555,0.9498167346747858,0.14400358242429057,65
3137,0.9741870040655567,0.14406583941234447,2
3618,0.9741870040655567,0.14406583941234447,2
3862,0.9857694004283429,0.14406583941234447,2
3269,0.9127654467300195,0.144084481540928,2
525,0.9544145347124722,0.14418012980866118,2
2777,0.9602372818287668,0.14420211229679178,17
1325,0.9673964465713887,0.14431357722876867,4
5403,0.957347417293283,0.14437653144923263,24
4031,0.970258521725299,0.14438383894823878,9
15,0.9604893191002428,0.14446543772926748,13
2262,0.9539133459623916,0.144477214380801,34
359,0.9347899006446702,0.14452321965802736,12
1064,0.9676252594165508,0.14453981004722433,4
5175,0.9437902901636369,0.1445416719556805,7
937,0.9532466523659274,0.14459611436010256,57
3248,0.9576204855325208,0.14468021233532907,2
724,0.9774377291518161,0.14485313442417683,2
1179,0.9817642963620323,0.14485975726183764,2
5515,0.9609442800318554,0.1448666402319237,2
4461,0.9543626584612944,0.14489829167675464,4
2784,0.9517401071623478,0.1449437722460174,23
26,0.9337386393010354,0.14495221752668047,11
2131,0.954906108909205,0.14501468612003765,13
3335,0.9483753675169356,0.14501547700027936,9
817,0.9905972753460112,0.14516543186130115,2
5143,0.9134729656411741,0.14517894261739417,2
97,0.9795085595552727,0.14522593307918089,4
663,0.9565925066271019,0.14522990639644506,2
501,0.962309851594422,0.14524440802557517,4
4551,0.843118494373328,0.14526934094161387,4
4924,0.9604705705917478,0.14531004242639717,2
560,0.9761751442690475,0.1453540208805159,2
3313,0.9746685914567338,0.14536396494446385,2
538,0.9535484370714199,0.14537892202971125,9
1827,1.0,0.14541989902106017,2
5886,0.980633794436071,0.14543286582572196,2
1515,0.8834290096358715,0.14544479530508087,2
1823,0.9683975903982943,0.14546207377405843,2
4402,0.9560402851634854,0.14550258525311488,42
3816,0.7535883638543659,0.14550781213335362,2
462,0.9736662459799204,0.14558455853879074,15
3817,0.9667497423985026,0.1455893466976413,2
4463,0.9743471339407439,0.14566687983373167,2
4904,1.0,0.14568108929856283,2
3577,0.9669348617518394,0.14572394966420862,2
478,0.9415000318315188,0.14573577028734236,3
4837,0.9823991185082486,0.14575488387963323,2
1012,0.6081751546566587,0.14580462040265996,2
3956,1.0,0.14584759916917497,2
2835,0.9375038425307566,0.14598021252817006,64
592,0.9614068888580172,0.14601551509813804,55
4714,0.973034610844376,0.14606922168875203,2
3960,0.973034610844376,0.14606922168875203,2
3459,0.9777135875850469,0.14614022676196634,4
2630,0.9405863443101377,0.14620545433355353,2
5317,0.860303752858278,0.1462104438960203,7
850,0.9743814848647167,0.14637735930736226,2
522,0.9496271432830355,0.146435456087424,34
725,0.9618098389676017,0.14647260409415497,25
819,1.0,0.14652304195759908,2
1249,0.996207130532088,0.1465520826724455,2
1954,0.9017308157102928,0.14660649413993845,3
1164,0.9729853183538668,0.14662977696519622,2
1755,0.9681086472939066,0.14676743474665607,4
798,0.9476595342646051,0.1468419892274258,2
248,0.9458460484958255,0.14688816736975263,2
3547,0.8949913814509249,0.14699949060839934,10
973,0.9975693463035439,0.14701773511672062,2
3020,0.9436361649276138,0.1471973347444664,10
5581,0.9545479458450115,0.14741803360400918,2
2878,0.9645412965410304,0.14744440827904085,9
5368,0.8656642057332501,0.14792048375036423,3
1689,0.9231819405999978,0.14798936838254612,16
308,0.9718811002707904,0.14817683724138708,13
1751,0.9791542553127355,0.1482108433042144,7
4489,0.9718149240387741,0.14831957407517238,7
5255,0.929590794170661,0.14835403052810078,14
141,0.9539425590433617,0.14845444549054937,21
3353,0.9651616149586406,0.14869426788148782,14
2710,0.9534682448290693,0.14882432654553965,17
2063,0.9437170731797965,0.14901538263893851,55
689,0.9857363746877938,0.14917308745977484,6
1648,0.8515255007291603,0.1492931532667763,5
350,0.9597877603353452,0.14935820222942395,28
1585,0.9521981742628531,0.14950291735467625,74
917,0.9775792751918072,0.14965303255327922,10
5900,0.9198489334759214,0.14977263579542455,3
3581,0.9305230963857354,0.1498210493499407,7
2013,0.8916105232187497,0.14983076810400556,8
256,0.9643761269987764,0.1498315855615391,33
2419,0.96652591011257,0.14985773801641056,11
3054,0.8593998988208795,0.14991182243088103,3
5413,0.9423699591676241,0.14996092155444882,18
516,0.957168020830832,0.15006650892368192,5
841,0.9121743458786166,0.15012117038638537,3
1073,0.8861448010381348,0.1502997226097162,5
4562,0.9429764874312698,0.15031269766122707,13
4452,0.8830816141787027,0.15034639933707697,8
4365,0.915626776081841,0.1503500578091985,42
1886,0.9031801940081856,0.1505597684455626,5
4532,0.9426285829625001,0.15062961498128852,33
3893,0.9573923824792864,0.1506817368591595,5
3611,0.9219698432892085,0.15091066277781787,11
68,0.9647010148030953,0.15092845016334738,5
1714,0.9519269449487373,0.15095541332341933,37
4601,0.9848488172507348,0.1510270861226633,5
479,0.9854603673306818,0.15116062596163488,5
228,0.9577019374032657,0.15123703027056676,13
1352,0.8987798185792609,0.1512545743612931,118
2605,0.9321495951747857,0.1516018207969128,5
492,0.9367385468102918,0.15171617927237205,53
480,0.9646775271816045,0.1517330531565486,15
1292,0.9721507969532706,0.15175367765439982,5
3242,0.929363694924893,0.15178048726247123,5
4938,0.9500461595593404,0.1519070995273394,5
4937,0.8976958760536402,0.15212822580286448,11
142,0.9476479773363584,0.15214774151408214,11
3327,0.9085413842602029,0.15218571124012698,6
1473,0.9332818773509829,0.15221889203005023,18
617,0.9373631396012846,0.15229051230960014,3
838,0.9455270638935507,0.15231303016859232,8
1548,0.9677801566179521,0.1523555244409717,18
2311,0.9071154384103063,0.15249774009662811,11
1289,0.9574283983770289,0.1528452850943161,11
1819,0.9319469462608665,0.1530935571148457,20
1263,0.9589041943294485,0.1531668834448289,3
2296,0.8867075753727867,0.15317476899545787,145
4320,0.948445567991232,0.15318704266143643,31
2538,0.9432127419929514,0.15324484568125027,27
209,0.9735784201882416,0.15328465966371346,30
2679,0.9304097107397554,0.1533787565437299,3
3981,0.9301189095713458,0.15347635775012503,9
2780,0.9236204681976191,0.15348814727081397,17
4430,0.9674646690144575,0.153495638129547,3
4459,0.9435614626561772,0.1540301504592673,18
5155,0.9777564799188618,0.15411868220945732,3
353,0.9365389100083391,0.15419955832733298,85
3626,0.9803675435205935,0.1544367949944563,3
3433,0.8983974038245104,0.15447096165589122,3
3878,0.9397295407216102,0.15463503485017688,55
4879,0.9685043559466899,0.15472324916677058,3
1368,0.946520062652185,0.1547957988476073,20
1666,0.9713203862127449,0.15480887931193948,3
5629,0.9013951230984293,0.15486810429991874,3
2081,0.9743135102216199,0.1548851129483095,3
176,0.9656861945286773,0.15498006365335926,3
1541,0.892999937401739,0.15498767212411116,6
3725,0.9448515698810546,0.15502100885480968,13
1302,0.9220763824891102,0.15507770635505683,8
3845,0.9647948825706928,0.15515175929818648,3
4152,0.9646516547551939,0.15518497090875624,3
2135,0.9348425497407338,0.15531020465203638,9
3292,0.9173628264001181,0.15540752258610802,3
1518,1.0,0.15551598028936695,3
2487,0.9662899980531492,0.15554476369722617,3
4024,0.9864489943419685,0.1555728994365274,4
427,0.9200076299769306,0.15563069679235042,11
3856,0.9051000936719499,0.1557441879101951,3
41,0.9621529896113301,0.15580691330185262,95
2067,0.8665938613729374,0.1558119810689007,117
76,0.9237134280584387,0.15585674046097248,3
28,0.9608730647840652,0.15599350919616903,11
1704,0.9818091676239932,0.15599845507999174,3
69,0.9536124159228343,0.1560130355294823,9
4090,0.9334633173013531,0.15605214823749924,3
4334,0.969786293518451,0.15605988143362973,12
2386,0.9033680705428733,0.15606151365948606,3
3656,0.9437707550524286,0.15617062143522947,21
2754,0.9563407899827955,0.15618416136747124,3
5956,0.8196101191989066,0.15622867016160155,3
1990,0.9625792564874708,0.15623492914725545,9
1094,0.9500829214248439,0.15635315015413231,29
4363,0.9482276223968943,0.15643800709797626,24
1267,0.9144927474718034,0.15655020969665165,19
5578,0.9406878091181646,0.15669625466508633,9
928,0.9200091524286258,0.15681685512870125,7
1475,1.0,0.15690783846571554,3
2049,0.9690197877589716,0.15693510028096974,6
361,0.9062044184858199,0.15694535321465972,47
2892,0.9564841256036082,0.15695765498060243,10
5506,0.9754949053651027,0.15704928263539783,14
4522,0.945094962816477,0.1570852134374114,10
4610,0.9590224594201967,0.1570989960733842,3
1769,0.9342955489514895,0.15710792947325777,10
4217,0.9037757562646129,0.15717912289934782,20
1851,0.926641294077579,0.15719969115030216,3
3568,0.9659124672507398,0.15722093518491623,3
4336,0.9719173272807722,0.15740360399328224,3
4335,0.9723599343640059,0.15742155711693814,3
1762,0.9548811322193881,0.15746687255600164,3
1011,0.9365547365277551,0.15760890766212018,3
3427,0.9539565730240157,0.15763345177493143,18
899,0.9677016921316729,0.15764816134677143,3
867,0.9688354551529542,0.15769761095965099,3
161,0.9721450260727885,0.15779329076660129,3
5632,0.9759105049896568,0.1577996142688819,3
5339,0.969834858619016,0.15791739706455107,3
144,0.9433880425691087,0.15791808983086403,41
2132,0.8939385780645461,0.1579337407271308,10
904,0.9583761822064123,0.15795581999780633,6
416,0.967110122473826,0.15797342146384447,16
1785,0.9401385609052931,0.1580789270243925,3
4493,0.9672669364429157,0.15833687789011253,4
3448,0.9642305995716571,0.15839999578132774,3
2334,0.9564098037407036,0.1585339826490564,3
3872,1.0,0.15854220356752985,5
1525,0.9501098851912559,0.15856137495207565,7
1736,0.9648719923708036,0.158596749710298,10
3252,0.967601432719665,0.1586048663206928,3
2880,0.9556547970209834,0.15861822815760598,18
5079,0.9520866343985365,0.1587866785890517,4
2110,0.9253994269351147,0.1588243163544949,53
1802,0.9211915764526093,0.1588860499785038,62
2594,0.9289192167934239,0.15893819046145766,7
5005,1.0,0.1589401768870226,4
1438,0.9645868497991877,0.1591748811449877,3
1804,0.9659048437510304,0.15917794924282108,3
132,0.9227121904662311,0.15929327362958723,32
931,0.9205718960712344,0.15929453186432116,6
3445,0.9136256003101171,0.15932331820381726,25
1565,0.9069870673866648,0.159338485942052,103
4841,0.9777137703924805,0.1593937758099149,7
3441,0.8029736285277033,0.15944816933955078,3
820,0.9523332243013928,0.15946111633192483,7
718,0.9099543368101919,0.15955681577108533,3
830,0.9809893061748491,0.15956036965354617,3
4214,0.7879536826422904,0.1595624835325253,3
78,0.9381323618651258,0.15962769837981702,10
2010,0.9132156035001444,0.1596821798675968,1
4529,1.0,0.15972598837233187,3
2852,0.97770119636659,0.15980268577146892,3
1893,0.95759040647908,0.15981945841428416,7
2485,0.9682981288969397,0.15990687865932282,38
537,0.9527959354951714,0.1599519315749405,54
222,0.9709930653262758,0.1599710130219322,13
3598,0.9461922642995851,0.15998453831935183,74
3669,0.9697287426717512,0.16037873896369612,37
5316,0.9234463475446705,0.16038147157195318,31
2728,0.9573258965970968,0.16047081382846512,29
3632,0.9199134821415539,0.16081065338714512,3
530,0.9736219827177846,0.1608310600441648,11
2472,0.91219244680725,0.16086362416244088,14
2073,0.9304032824940714,0.1609768093247047,1
1453,0.980531485109432,0.16099993570371843,11
115,0.8945250801578088,0.16115977941115442,24
233,0.991911823036616,0.16124391473000846,3
4266,0.9524629529757316,0.16134594381608838,19
173,0.9642320245884423,0.16158370714540093,4
1528,0.8967866425053841,0.16161407906269623,27
4753,0.9721165718269663,0.16171567243345797,10
273,0.9649898182681652,0.16189071731746302,25
1939,0.9424938721369541,0.16206585011984664,16
64,0.92835486626297,0.16244964228525663,69
3172,0.9576513006175343,0.16246375908785415,7
4515,0.9305529263756469,0.1625165674380012,47
640,0.9581780216300818,0.16263518193184492,8
3649,0.9450380360424616,0.16266255905218466,96
606,0.9394741785299905,0.16275552386537093,15
2762,0.9496284042782585,0.16283061842909669,4
666,0.9912128889161143,0.16287094193902552,4
4301,0.9422740931178695,0.16296005447478668,9
540,0.9125747222782974,0.16314330110805553,43
298,0.9664486791000364,0.16328877740438308,10
249,0.9629456765789554,0.16332937384940255,20
3328,0.9796321894175091,0.16343526666804498,3
823,0.9161830698695539,0.16343601977331357,19
419,0.9850053855943808,0.16373837219970658,7
125,0.9688504308320149,0.16395815530378577,8
3869,0.983582389468122,0.1642410186206189,4
1693,0.9604105880658714,0.16435024564820008,53
4252,0.9295301966869779,0.16439873040676783,5
1451,0.9409391787776895,0.16440185753356895,8
2933,0.9401905485343391,0.16450632880037713,4
3050,0.9608085019420644,0.1646372906034267,4
2233,0.9480149200454667,0.16476090084110964,12
635,0.9686955677209722,0.16501041264608485,29
3408,0.9278006864026407,0.1650132128187232,8
3257,0.9095295292543456,0.16504615973926207,4
5028,0.961561649162914,0.16509365711354435,16
526,0.9595916626497866,0.16512125144826423,4
401,0.9411586835676375,0.16514501629132144,8
2415,0.9339181286992486,0.16517945979052637,5
301,0.9607481114269056,0.16518922405842895,4
113,0.9476219896785871,0.16534467987621795,36
3225,0.9461911250379877,0.1653565394716563,4
251,0.9376575375905802,0.1653698814747541,9
246,0.966422547567408,0.16554983933821385,5
1778,0.9701925062879729,0.16569499408723093,7
1010,0.9651425392899234,0.16607943964854371,5
1512,0.9579488221419876,0.1660859340864836,27
3880,0.9654647948510924,0.16625283238506583,29
523,0.9475655333273748,0.16634197068474169,60
4579,0.8601100739253121,0.16635877095528626,4
709,0.9460936644744248,0.1663682486736585,4
80,0.9328726749084186,0.16643094626411636,17
5811,0.975430632462887,0.16654949342355976,4
3526,0.9747367447468297,0.16659960314138872,4
1953,0.9382737100940258,0.16665061030214673,165
2285,0.9325578123561252,0.16670007621838584,1
533,0.9036992525603169,0.16686200673163112,13
545,0.8926304473736317,0.1668812178463825,79
1899,0.9477301725793613,0.1669453233673724,132
2042,0.9731254018772604,0.16707830417251163,5
5353,0.8832186056024346,0.16720155692392125,9
2798,0.9700001246688539,0.16736273703789184,1
13,0.9455630055096786,0.16737286338612692,191
3919,0.9064901873924941,0.16742502061986683,10
4921,0.9535625315517989,0.16781121370841154,29
2030,0.9398730955268978,0.16795211473683352,16
2397,0.9526297849527758,0.16801456612765253,43
1529,0.9528592639488607,0.16812057631226968,37
2565,0.95772689370609,0.16826504808807397,29
3572,0.8489521478522988,0.16828008548105142,24
4523,0.96247335577844,0.16841421256631273,4
4114,0.9612456938254577,0.16875116280933247,16
3574,0.9090098213672276,0.1689268206505459,6
2119,0.9339209448440099,0.16912535846822374,6
149,0.92996363944905,0.16914809958691102,28
948,0.9781361418351808,0.1691976073578803,4
418,0.9381009052035328,0.16936398275042985,14
1779,0.9813063326199499,0.16950428608748358,8
272,0.9714304443015854,0.16951117368305965,12
2493,0.981881127678672,0.16959483620692795,1
2867,0.9419578814485937,0.16973950518392397,5
4611,0.9518289837637732,0.1698930935691996,72
5481,0.9389249546567369,0.1699754003018224,5
3901,0.9648214106677405,0.17005113027863047,7
1733,0.8361649039200105,0.17014226007381084,10
372,0.9688465320432166,0.17024308140437364,6
779,0.9416675420010598,0.17044031500305223,10
1053,0.9627848572143222,0.17050547697618101,46
3545,0.9018546195897278,0.17062098926773606,32
5591,0.9325313448286098,0.1710184551720647,16
4281,0.9052606994393323,0.17107044864102644,19
4204,0.9663135260164253,0.1711847151017251,7
276,0.9739599188138767,0.17121921025600062,6
3113,0.9374715955367767,0.17135158530175634,16
2304,0.960888942629025,0.17159947074581897,7
775,0.951202167341658,0.17195249640568092,56
2861,0.9594029915548195,0.17209882108907726,14
2904,0.9713749268075621,0.1726697098697644,1
70,0.9677876825248158,0.1728200460201561,6
1832,0.9428015477440946,0.17286717199813403,105
1375,0.9734158726043849,0.17304437206574141,5
153,0.9618708875755,0.17314843239074898,6
35,0.9830143667602398,0.1731647927255725,535
1725,0.925311089455769,0.17316576458170405,8
1684,0.9396249630147351,0.1732835909952601,1
56,0.9674292223847445,0.17346781610051032,6
4027,0.9474651062684536,0.17393735925843942,5
2016,0.966965393067696,0.17397949736300045,6
36,0.9679313502423472,0.17413447909661073,33
5857,0.9517308157102928,0.17416100499979492,1
4634,1.0,0.17416100499979492,1
3307,1.0,0.17416100499979492,1
2077,0.8017308157102928,0.17416100499979492,1
2759,0.9517308157102928,0.17416100499979492,1
1930,0.8757944375434342,0.17416100499979492,1
1478,0.9359395507348187,0.17426342433713554,16
443,0.9768611800649522,0.1743647751630323,13
2219,0.9793773630907989,0.17441245800150207,8
2398,0.938259819561779,0.17449459544302431,14
266,0.9721791213698522,0.17468844480397921,17
441,0.9542820481131453,0.17476494349512606,8
95,0.9667709437076466,0.17481143719795902,6
4884,0.9285096789532996,0.17482158708427017,17
5271,0.9560139061571207,0.17524254043466275,1
1876,0.9725791563859145,0.17532803453056814,7
2767,0.928684709256282,0.17540753689563512,9
802,0.955938316600238,0.17558131383093123,7
1047,0.8858519469428094,0.17563071255159973,1
3349,0.9288482466253422,0.17575893190598035,6
5449,0.9533419736856049,0.17582004752552824,20
4897,0.9499538404406596,0.17583540997766245,7
5157,0.9442817863450192,0.17591447501318752,13
2536,0.9493287598492255,0.17609427807677028,8
653,0.9169628002084171,0.1761356361644362,4
3851,0.9015173356155313,0.17614348031701063,6
5242,0.9889530844137764,0.17636908159448025,4
77,0.9498871271029584,0.17644518470310383,14
1735,0.9582063918089038,0.17646449411440412,38
322,0.9453732749580173,0.1765332066882163,8
943,0.9730248185016472,0.17654054373465738,7
1938,0.9588701194148291,0.1766031852599989,7
857,0.8943631106413388,0.17695232793874652,2
51,0.9470228936678179,0.17699276722892665,29
3863,0.8261502773886225,0.17733780985768716,2
2794,0.976587384497729,0.17734151507776855,1
5099,1.0,0.17734151507776855,1
4696,0.9424828068520279,0.17734858112867574,1
3746,0.9106657417390018,0.17739190362194254,19
5529,0.9525511217671455,0.17774696122322156,27
5065,0.960029126240162,0.17783433662061207,16
698,0.9194510251654341,0.17792197530192452,1
3220,0.9543611958942743,0.17807247126036913,2
3994,0.8783685907842678,0.17811338962751483,1
4327,0.9855398415388125,0.17819145766472888,1
66,0.9566999575584307,0.1782574396939307,1
352,0.9297867271444119,0.1782574396939307,1
4852,0.9394261136995111,0.17826415810031168,10
5766,0.9909138723218663,0.1785066619539114,1
5548,1.0,0.17853907611675687,1
214,0.9547155762956036,0.1786761149580054,14
3828,0.9496537232626064,0.17876713486771514,99
5612,0.9631542049986571,0.17876736807772275,50
5925,0.9579697403412264,0.17890302792219956,2
2652,0.8948591467538727,0.17899909128065394,2
934,0.7974846796607015,0.1795064664322573,2
886,0.9490306450136718,0.1795199502436966,2
384,0.9467524288910802,0.17954769051187122,12
5408,0.955290689351646,0.17961200437579236,10
2198,1.0,0.17963970452719089,85
243,0.9513045171689178,0.17967565011597364,9
1875,0.9410322736007186,0.1797350381643231,1
5520,0.9256272871806466,0.17975596371534822,1
4499,0.9245086424821128,0.1797743141483598,38
2942,0.9272888357393224,0.1798070128450234,123
1034,0.9102663722320844,0.17984618767569893,11
3389,0.9345747767007803,0.18000832749430418,13
2447,0.9767709743365718,0.18010516895888348,2
143,0.9509641082205557,0.18011507300621774,20
1159,0.9536796077740103,0.18014725454108851,6
497,0.9762548202209993,0.18022127338657762,4
1499,0.9631951626366719,0.18026475550462837,31
484,0.9213421690034264,0.1803989831782276,22
927,0.8977015950537758,0.1805802576269252,3
1859,0.9270190532258734,0.18063818939208612,11
4860,0.9318243950159748,0.18068965205741985,20
4249,0.9762350504659574,0.1807146981364579,3
5534,0.9805798897055772,0.18076998177443449,2
191,0.8866791069783874,0.18077259212021438,3
873,0.8996347752900116,0.18087375275171352,2
858,1.0,0.18091717410018696,1
4141,0.6806017798132794,0.18124072273772027,1
2792,0.8806017798132795,0.18124072273772027,1
332,0.9693185236617979,0.18128091886075798,2
5789,1.0,0.18129803747968534,1
3917,0.7908403545084889,0.18148322149404927,2
4280,0.9472866167963916,0.18172134000230145,3
29,0.972792447360383,0.18175013993695363,35
235,0.9556686403722647,0.1817651752428129,13
3168,0.9625391977450624,0.18179570325252314,10
3123,0.9826371118217826,0.18181626907521772,2
3804,0.8925333097399878,0.18182774464373275,36
2113,0.9671412151870245,0.18201415362337187,23
4277,0.8922739262134405,0.18204287327624058,2
4856,1.0,0.18213314835231023,1
1392,0.9785275373430499,0.18219849568927643,2
3820,0.9675413759494302,0.18222465196063112,52
3559,1.0,0.18236879806472686,1
3493,0.8503268288359935,0.18236879806472686,1
3518,0.8809800951379728,0.18236879806472686,1
20,1.0,0.18241041784571294,10
2047,0.9589677263992813,0.18246272981326328,2
4310,1.0,0.18272512006295472,1
4311,1.0,0.18272512006295472,1
3529,0.9323742976609216,0.18276531826553102,1
1465,0.9640066707550112,0.18283918567032034,5
3462,0.9292205603907325,0.1828766154482356,4
4240,0.7097371140202597,0.1829510650599635,1
390,0.9577300708998568,0.18312200487786784,9
365,0.9575450401028686,0.18318928798181222,3
4304,0.9076530160902381,0.18345198829074574,29
5516,1.0,0.18352807613934777,3
1396,0.9393398593626907,0.18354749608362325,118
377,0.9739843056651795,0.18357533039605325,3
884,0.9785275373430499,0.18366551682402588,1
1125,0.6214724626569501,0.18366551682402588,1
3142,0.9521589696000802,0.1836855014503792,2
3369,0.9979445671843757,0.18371242197992887,2
2394,0.9477818646450343,0.18376998532472533,1
2456,0.9477818646450343,0.18376998532472533,1
1590,0.9628776978293471,0.1837822820132805,1
2396,0.8494370522124592,0.18380198715527413,4
3374,0.9147367189063769,0.18380381811454188,13
2831,0.9379874777974526,0.183837177561513,1
2462,0.8379874777974525,0.183837177561513,1
3601,0.8879874777974526,0.183837177561513,1
2238,0.9379874777974526,0.183837177561513,1
2802,0.9677129229507225,0.183837177561513,1
4690,0.9959027666948861,0.18400342413200033,1
4572,0.9959027666948861,0.18400342413200033,1
747,0.5941693701736276,0.18407413408543516,1
4833,0.9222887692274578,0.18411157805326878,54
5434,0.9591463131788512,0.184128298723646,1
5451,0.9998821114827656,0.18416007071453522,1
4752,0.8832563496349929,0.18423071119165524,1
2373,0.9366291121008455,0.18423333062632632,2
1050,0.9277800836449526,0.1842365221405561,3
1395,1.0,0.1842507814952173,1
2885,0.9929303734793004,0.18425131397068095,2
1169,0.9971523105849835,0.1842578116174396,1
646,0.9971523105849835,0.1842578116174396,1
657,0.9971523105849835,0.1842578116174396,1
603,0.9901994915891138,0.18426843380073568,1
2165,0.815157070712655,0.18427043909983726,15
835,0.9573857643881819,0.18427444283549388,4
107,0.9557110324997139,0.1842830016238402,2
3471,0.9830048225263143,0.18430637488992732,1
4917,0.9968546852444882,0.18445101775867428,1
9,0.6619665098519977,0.18448728356566596,1
5418,0.9619665098519976,0.18448728356566596,1
852,0.9796466368147936,0.18454243809315002,1
1511,1.0,0.18462939323192448,2
2324,0.9254763595566567,0.18469667592792732,1
4287,0.9308487720888511,0.1847902213377561,5
1024,0.7403028490974279,0.18486580422622867,2
3145,1.0,0.18493808061130237,2
5768,1.0,0.18500165614858258,1
189,0.9486043161917803,0.1850519886226215,3
949,1.0,0.18505586695362722,1
3708,0.9460908222683184,0.18506277844184035,1
2126,1.0,0.18506277844184035,1
4971,0.9794121581772475,0.18507988539031306,1
261,0.9497643090319092,0.18509622054879374,8
972,0.9571325121712286,0.18510338184282896,6
5662,1.0,0.1851289203876663,1
5645,1.0,0.1851289203876663,1
3185,0.9234371070491606,0.18520717171730797,9
2812,0.8937551431638137,0.18521235589277105,7
4874,0.9615823706587746,0.18526364815088536,1
1129,0.9478280773031951,0.18526459459712852,3
269,0.946860924069395,0.18536419323268158,5
3535,0.9531517179175437,0.18537662210925726,2
1905,0.9486728051753723,0.18539090469124936,14
4538,0.9029450097954503,0.18541026208630437,3
4631,0.6899035064225116,0.1854577671487502,1
2610,0.948547830868137,0.18548725642003072,5
5782,1.0,0.18550402015542272,1
47,0.9276231591743109,0.18555768362551905,2
3777,0.9825066064093616,0.18556013727621404,1
3264,0.8050865465089385,0.18569666276890262,2
5840,0.9581426867487323,0.18573774832689563,3
4649,0.9248879998280467,0.18582505397688343,69
3107,0.93004726726839,0.18584440141644698,25
3899,0.9610845674852262,0.1860414764052546,1
1236,0.9216165695307592,0.18604230118349566,2
1131,0.9978115797384943,0.18606340769727425,2
4283,0.9337318220034547,0.18607924252334881,6
2359,0.943459263088837,0.18610521798084118,4
4253,0.9753140188323494,0.18610844001817914,11
865,0.9824246615579548,0.18615991148127908,2
2491,0.8754967051521746,0.18621612202391735,3
33,0.9418636688988051,0.18624028566462977,32
5286,0.9768433156694533,0.18627757901229744,6
3239,0.9493376320355331,0.18635583108838275,18
2023,1.0,0.18638475288699868,1
4386,0.998952223911241,0.18639275213558243,1
947,0.9504676627913298,0.1863969507824189,1
1077,0.9504676627913298,0.1863969507824189,1
2730,0.9473646854258031,0.18641479476419165,5
2147,0.9896832513681013,0.18649450780621596,2
72,0.9604823897558563,0.18649480503740934,11
3701,0.9615713747869112,0.18649539381989144,1
3700,0.9615713747869112,0.18649539381989144,1
1670,0.9470331586224072,0.18658366704842239,30
1520,0.9690222508637474,0.18670347651403393,4
3623,0.9531574453700349,0.18670688538500943,3
2316,0.9582270117988398,0.18671901602673366,3
2222,0.9945638247422299,0.18672381351233994,1
2403,0.9609977831672895,0.18672381351233994,1
1863,0.9724761087633402,0.1867477278602399,1
2733,0.9202708721708139,0.1867599464875935,23
3815,0.92968870077778,0.18681787489845045,21
3464,0.961471941145676,0.18683370985508724,2
1980,0.9756788524320676,0.1869159571869706,1
2210,0.9743211475679323,0.1869159571869706,1
4190,0.9756788524320676,0.1869159571869706,1
200,0.9378303104666837,0.18699761811245671,7
1009,0.9389018035080331,0.18700567488241593,3
4247,0.930834839659282,0.1871938557271184,2
4176,0.9455539627786502,0.1871938557271184,2
1840,0.9594040948069218,0.18723073980707258,24
468,0.9378277724210284,0.18733459260214003,59
2981,0.9492153233904632,0.1873771945548764,4
3414,0.8130601586566321,0.18739095258128088,4
4403,0.9375729305681468,0.18739161765597007,1
1317,0.9521696827965833,0.18739341463750006,110
5425,0.8719867741462262,0.18741088883166224,1
5362,0.9219867741462262,0.18741088883166224,1
178,0.9558039861706943,0.1874350426653416,34
3550,0.9791445969090025,0.18747026912248035,1
494,0.9171864165427346,0.18750406253711938,8
5560,0.5187548761730699,0.18751517579569865,1
1423,0.99366729630107,0.18756555448478252,1
1430,0.94366729630107,0.18756555448478252,1
3119,0.9558338771193098,0.18757485719728986,10
968,0.9832351382452585,0.18758339289299908,1
4032,0.929341608522189,0.18760960742808414,4
4225,0.9865826877448995,0.18763665781968086,1
3342,0.9688710018323521,0.18765365964725195,5
3100,1.0,0.18765474202000335,1
3074,0.9833253051510733,0.18765474202000335,1
2854,0.9833253051510733,0.18765474202000335,1
3091,0.9333253051510734,0.18765474202000335,1
3072,0.9388946137523624,0.18765474202000335,1
2949,0.8333253051510734,0.18765474202000335,1
2914,0.9666746948489267,0.18765474202000335,1
3079,0.9833253051510733,0.18765474202000335,1
3593,0.9609972700758868,0.1877299133598412,7
2656,0.9285998455751511,0.18776195471575724,2
3924,0.9072860640078221,0.18777380523250767,3
213,0.9554634474858119,0.18782508927171637,1
2478,0.9917737480418116,0.18786797187178245,1
3492,0.9052721481887687,0.18786797187178245,1
2451,0.5917737480418116,0.18786797187178245,1
3235,1.0,0.18786797187178245,1
2658,0.8830863815273432,0.18793056011852838,23
909,0.9947537512520463,0.1879441681177717,1
992,0.9947537512520463,0.1879441681177717,1
1001,0.9584571173575048,0.18797107395029622,13
4002,0.8762127021748758,0.1879721876857586,5
2961,0.9338411244693792,0.18797586142805628,14
1887,0.9501386984460597,0.1879905765532621,1
5050,0.9498613015539403,0.1879905765532621,1
4453,0.9618882474431079,0.18801658771497376,1
159,0.963360936664147,0.1880778162552987,24
406,0.9534895967442139,0.18808692966486854,3
4224,1.0,0.18811184867098651,1
3921,1.0,0.18811184867098651,1
2841,0.9965572111018395,0.18811184867098651,1
466,0.9503252838427809,0.18817106473324433,2
732,0.9203706704250305,0.1883387403472552,36
807,0.9997045107731418,0.18836404830966003,1
289,0.9997045107731418,0.18836404830966003,1
704,0.9997045107731418,0.18836404830966003,1
5991,0.9931201428323149,0.18837273377881686,1
193,0.8691253096425963,0.1885329351717379,2
4757,0.936433585999067,0.18856030954870506,1
3655,0.9642011364347096,0.18856256017770778,11
2913,0.9343064184432268,0.1885914559603508,2
1941,0.9549995292392683,0.1886408975843983,1
881,0.9672128282006195,0.18876888380507842,1
878,0.9672128282006195,0.18876888380507842,1
116,0.9672128282006195,0.18876888380507842,1
1041,1.0,0.18876888380507842,1
175,0.9672128282006195,0.18876888380507842,1
1982,0.9572139490150635,0.18876888380507842,1
3585,0.9410193864898931,0.18877249178237043,3
4233,0.9164146101523839,0.18881419004651984,5
1214,0.9893303937300066,0.1888314217062269,1
1896,0.9135453593315996,0.1888631996578304,19
3721,0.9877536056029823,0.18891453785266654,1
5680,0.9304301273789185,0.18896055659253352,2
3043,0.9794890856051647,0.18899913726286147,2
208,0.9561175657789509,0.18899921396323194,2
4160,1.0,0.18900760720964946,1
184,0.9279445498742276,0.18901910046273052,19
1183,0.9048707643185249,0.1890435961895902,2
2793,0.6148814108622033,0.18904614107951853,1
5526,0.9704033986122226,0.1890806329334109,2
5984,0.9836864316930635,0.1891126011023544,1
1910,0.9836864316930635,0.1891126011023544,1
5913,0.8836864316930635,0.1891126011023544,1
2555,0.9839575321726322,0.1891126011023544,1
1843,0.93361906756166,0.18912764948445984,11
558,0.9801025649636245,0.1891592562078708,3
394,0.9362702262826986,0.1891845285358241,12
3887,0.9468993563192254,0.18918470198528792,7
3987,0.5799922691596759,0.18923845286061974,1
4448,0.9700077308403241,0.18923845286061974,1
3650,0.9470940962075515,0.18924024889211616,2
2376,0.9614064056287879,0.18926613828176392,1
2850,0.8677375008653612,0.18926952237013417,1
274,0.9537655290831425,0.18931966398916106,21
3005,0.9427146301076509,0.18933081862065107,4
4197,0.950602550370427,0.1893594832027344,203
2582,0.9916595367373053,0.18936929545599523,2
1661,0.9923948194556544,0.18945307943532075,1
1067,0.9640567416400805,0.18947969798915118,2
631,0.9831709853423708,0.18951310666496776,1
5902,0.9595841537408824,0.1895289423730348,2
4391,0.9849564044938995,0.1895343475046406,2
2345,0.9834726616836862,0.18954603451751043,1
645,1.0,0.18955078394317104,2
3520,0.9144743414340848,0.18955918617378878,3
1135,0.9504255645934665,0.1895866253535102,1
3437,1.0,0.18967507350348653,1
3544,0.9680865480869674,0.18970479277494756,1
1100,0.9499779451701088,0.189828365060366,13
3187,0.9849564044938995,0.18983024214866145,1
3778,0.9650435955061005,0.18983024214866145,1
3312,1.0,0.18983024214866145,1
4142,0.9849564044938995,0.18983024214866145,1
3419,0.9849564044938995,0.18983024214866145,1
3675,0.7650435955061006,0.18983024214866145,1
3121,0.9849564044938995,0.18983024214866145,1
3150,0.9349564044938995,0.18983024214866145,1
3368,0.9349564044938995,0.18983024214866145,1
3913,0.9849564044938995,0.18983024214866145,1
3688,0.9650435955061005,0.18983024214866145,1
3141,0.9349564044938995,0.18983024214866145,1
3608,0.9650435955061005,0.18983024214866145,1
5555,0.971589990705898,0.18985273676748318,2
3244,0.9431779155441914,0.18986752640582857,1
4166,0.9893835674338576,0.189930744655282,1
2176,0.9334656521190114,0.18994004804922987,49
1860,0.9432044879238012,0.19000094152146343,57
3302,0.8997372871123406,0.1900070927599058,2
1063,0.9687680869454112,0.19009390922885813,3
3503,0.9849514756392497,0.1900980194508385,2
5920,0.9569499568939374,0.19011014944592364,2
3847,0.9676438089830522,0.19012026628996181,4
2309,0.9716811089944885,0.19013082377636506,3
1132,0.9574691083713563,0.19013648855018286,2
1454,0.9859762482028405,0.1902404334680469,1
1717,0.9859762482028405,0.1902404334680469,1
844,0.981473223832218,0.1902404334680469,1
1602,0.9640237517971595,0.1902404334680469,1
1407,0.9640237517971595,0.1902404334680469,1
1729,0.9721444721947382,0.19033310584870636,1
4058,0.9661679469657556,0.19033714224409248,3
2308,1.0,0.19034486591988042,1
1711,0.9384335376025618,0.19034486591988042,1
3398,1.0,0.19034486591988042,1
1494,0.94369670731875,0.19043393655981178,1
1589,1.0,0.19043963485330495,1
3092,0.818593584910497,0.19047001445485162,2
5416,0.8541747637160408,0.19049235568195552,1
4577,0.9840072830638262,0.19052595699223596,1
2477,0.9840072830638262,0.19052595699223596,1
3319,0.936741135265861,0.1905528208060593,18
1157,0.9799759657874703,0.19055918709845562,1
890,1.0,0.19055918709845562,1
5614,0.8309666983966103,0.19063349511632977,5
1061,0.9777019428199487,0.19064933047344193,1
5967,0.9879100237627642,0.1906683947408616,1
5253,0.8964298773185801,0.19071526492945665,1
945,0.8846847840810834,0.19072738119182253,2
2908,0.9343639650051283,0.19087799821246684,2
1882,0.9094016107972794,0.19097519713934877,1
5038,0.9995859308464757,0.19107821637680786,1
4497,0.9727512926265575,0.1912080570367785,1
1461,0.9725047332972796,0.19129643598945695,2
2137,0.8322177764942333,0.1913048893937443,1
4154,0.996502432599099,0.19132585884066416,1
4319,0.9352875317353802,0.1914015977813932,1
2106,0.952227175581751,0.19162270467067516,2
1003,0.9939855369751481,0.19169142347518775,1
1002,0.9939855369751481,0.19169142347518775,1
4195,0.9966388127246619,0.19170176104079367,4
2686,0.9887183235622014,0.1917156798774822,6
4979,0.9711841564308322,0.19175878423422518,1
1247,0.9507608838811118,0.19191801999045677,2
2873,0.97270675640621,0.19192424879146533,2
1607,0.9175601683050657,0.19193907912407432,2
2625,0.9523728173082031,0.19206383582033587,133
2511,1.0,0.19215840483997199,2
3667,0.9148433790570861,0.19216280440886954,1
5491,0.9166093372077265,0.19225093492290857,1
946,0.9746431205354447,0.1922631025775133,2
3243,0.9444639223536514,0.19229109335592431,1
3479,0.9607694004283429,0.19235599148447705,3
974,0.9732363020470775,0.1923619677935859,1
979,0.9521585414434285,0.19237164112316701,1
5974,0.9720965433490737,0.1924305979228325,1
3991,0.915059756322336,0.192434894009945,2
3733,0.9431200548221101,0.1924495566420081,1
971,1.0,0.1925286073483968,1
989,0.9981331808876454,0.19253518237015574,1
996,0.9981331808876454,0.19253518237015574,1
1766,0.8200344925143105,0.19255283200866002,1
1008,0.9675827230827144,0.192563592487179,6
772,0.9816646869247012,0.19258913531565722,1
5699,0.8893836840388614,0.19263084100086758,1
4734,0.9907791470450067,0.19263959877005063,1
280,0.9535763246482312,0.1928597546371603,58
3149,1.0,0.19287522539952104,1
4628,0.9492157805724576,0.19288422496200827,1
3737,0.9882388447938038,0.19300049626296178,1
3781,0.9566292941928636,0.19300486519819787,27
5010,1.0,0.1930929589700396,1
5085,0.9831264161925329,0.1930929589700396,1
415,0.9436342263034911,0.1931073644832739,20
3622,0.9610416633091527,0.19311099084370414,1
1958,0.907783472207704,0.19316570239493921,2
4207,0.8855923575508625,0.19326270520333852,1
1212,0.9977457378979991,0.19331023997041394,1
980,0.974141910363814,0.19338209588197555,1
1038,1.0,0.19338209588197555,1
446,0.9441571085107306,0.19340404727019567,19
425,0.8293052747836986,0.1934129823294812,25
1274,0.9777300949763879,0.19352505188328004,1
1276,0.9777300949763879,0.19352505188328004,1
2163,0.9680529918965168,0.19354715332484315,1
1745,0.9870672395483053,0.19358627004817883,1
1761,0.9370672395483054,0.19358627004817883,1
4186,0.97039038907713,0.19369328311587336,1
5831,0.9769574077266595,0.19370194347976255,3
5296,0.9213768108097774,0.19372235305716476,7
1280,0.9636574132571304,0.19385549384106715,1
839,0.9854050956639516,0.19388510561201402,2
3780,0.969810630518152,0.19394574853483618,1
3685,1.0,0.19394574853483618,1
4467,0.9150127904604416,0.19424908754339432,3
856,0.9045858704858346,0.1942514513202636,14
570,0.9212890580875183,0.19430462116996713,18
5433,0.8322978111082799,0.19430487722195672,2
2129,0.8907352977668653,0.1943110833316461,2
4974,0.980857836216729,0.19442331436536084,1
3097,1.0,0.1946250803753407,1
1000,0.9918248453433413,0.19469734110570336,1
295,0.9195838076628736,0.19473108959823757,21
474,0.9727922792693954,0.19473324919599228,1
483,1.0,0.19473324919599228,1
461,0.9727922792693954,0.19473324919599228,1
5054,0.9570293636379282,0.1947876836835919,2
3840,0.9826500004875245,0.19479180871473228,1
5127,1.0,0.19529254317614625,1
1718,0.9653959595190882,0.195304723731935,1
1569,0.9653959595190882,0.195304723731935,1
575,0.8871823875815161,0.1953722360130853,1
1148,1.0,0.1953722360130853,1
936,1.0,0.1953722360130853,1
456,0.9871823875815161,0.1953722360130853,1
610,0.9868320094115856,0.19548916981986364,6
952,0.9748265162766396,0.19551585503837826,1
1435,0.9845988036789401,0.19562722836696192,1
1374,0.9845988036789401,0.19562722836696192,1
5959,0.9899802130416533,0.19566555830325408,1
2494,0.9484241935397706,0.1957464960668727,6
5648,0.8941467645470108,0.19576997027640883,1
1253,0.959442085420811,0.19579430410046106,2
3881,0.6026436687321262,0.1958114451962708,1
3703,0.9314902212060616,0.19585193568808001,4
2580,0.9485916867576388,0.19589604361726515,7
893,0.9773870334604096,0.1959017119110653,1
1911,0.8945568776321408,0.19602388543341862,6
5644,1.0,0.19614517519809938,1
754,0.954770293902972,0.1962295866458012,1
2054,0.9636476525211954,0.19624234340312804,10
755,0.9626759118513486,0.1962663617752908,7
1083,0.9970818276781609,0.19644733147293036,1
1081,0.9970818276781609,0.19644733147293036,1
1087,0.9970818276781609,0.19644733147293036,1
1080,0.9970818276781609,0.19644733147293036,1
1082,0.9970818276781609,0.19644733147293036,1
1079,0.9970818276781609,0.19644733147293036,1
1088,0.9529181723218391,0.19644733147293036,1
1086,0.9529181723218391,0.19644733147293036,1
1957,0.9747122120754759,0.19653561469473718,5
2526,0.8365823963627863,0.1966028733520549,1
5600,1.0,0.1966028733520549,1
3890,0.9365823963627863,0.1966028733520549,1
2413,1.0,0.1966028733520549,1
2183,0.8365823963627863,0.1966028733520549,1
2983,0.9865823963627862,0.1966028733520549,1
3053,0.9365823963627863,0.1966028733520549,1
4446,1.0,0.1966028733520549,1
3170,1.0,0.1966028733520549,1
2785,0.9865823963627862,0.1966028733520549,1
4865,1.0,0.1966028733520549,1
5702,0.9634176036372137,0.1966028733520549,1
528,0.9365823963627863,0.1966028733520549,1
4602,0.9755135430613316,0.19696976345024572,1
2156,1.0,0.19703948921305692,1
3161,0.9291372906345967,0.19720076444868462,20
491,0.9347163254330701,0.19738119426047526,18
4297,0.8247094969152486,0.19744845311517203,5
3429,0.931712744522343,0.19839637658528128,40
465,0.9092988325665804,0.1986303300125661,14
4512,0.8203818014782638,0.198738248899465,1
2249,0.9473279554748958,0.19884973507848105,7
923,0.9668450681398475,0.1990366685895521,31
3047,0.9551951712952289,0.19945200353333817,9
827,0.8846022755604588,0.19962697888396852,9
1885,0.9399528827543201,0.19972260310788062,21
3527,0.925589735400809,0.20009231911868078,27
1366,0.9612310958170165,0.20016582752215403,44
3714,0.9208003535480411,0.20023577703446888,36
1464,0.8759391945910748,0.2002832645437833,7
3724,0.9614196272724935,0.20030955559819058,11
3935,0.9816588157778682,0.20040387023001585,7
2164,1.0,0.20053577134234998,5
202,0.9418202415457337,0.20059097845371635,115
363,0.8903140516571082,0.20060135345071464,35
54,0.9215564303480963,0.20069477507259534,7
4119,0.9553910818611099,0.20082813830704863,21
265,0.9550544956185357,0.20134665568662574,5
3470,0.9043298519110567,0.20148976585809075,14
3404,0.9644211248129199,0.20156843885508485,11
3986,0.9788498513878199,0.20181083817076753,11
1878,0.8225362580905704,0.20236017191751277,5
2716,0.8694463530632714,0.2024211217616434,7
1439,0.9636359834709565,0.20340448646003123,5
1243,0.9111500516446014,0.20342553016958992,5
1574,0.9060289388975126,0.2038969882954441,3
5691,0.9593126838221133,0.20402948814409144,10
1376,0.8804348253990713,0.20407941999146995,7
2313,0.9473478329757279,0.204800676026683,20
3735,0.9790572259792184,0.2052873374642523,129
1701,0.9314267350837726,0.20544297866554442,14
1078,0.9822366573646368,0.2058363446436782,11
229,0.9471434704326673,0.20585416083665553,4
651,0.9402649358464353,0.20613610627398665,10
5212,0.636482850447452,0.20656827469269742,7
907,0.9470857297574458,0.2066659610791832,6
1752,0.9405592433469984,0.20688557779632114,19
1413,0.962316575127311,0.20714285060802445,5
81,0.9562351511018254,0.20767782604617324,9
4139,0.9012156055239126,0.20787464792579302,4
4107,0.9200171206610238,0.2081944666102278,41
885,0.9726530806047251,0.20874411708141247,6
3500,0.6662276944621794,0.20878506384650056,7
1048,0.9636927545802705,0.20879854981360135,4
304,0.9346278582511993,0.20892151436444903,100
4291,0.9258518090853849,0.2091160871381095,158
1268,0.9206560697938243,0.209142489184179,15
2332,0.8843409887212872,0.20927222742943682,3
1864,0.9146309038053446,0.20940186969207192,4
2192,0.93646039520842,0.2094710989636139,8
716,0.9491718740955533,0.20965329640542568,5
1591,0.9352670281637596,0.20977463612941563,10
4922,0.971254491032482,0.20993703654979398,5
688,0.943577777574432,0.21001442141514648,5
1005,0.94315738332661,0.21025708265189558,13
2934,0.8906798828970076,0.21040910755715603,48
3207,0.9474547553506918,0.2106022482667973,4
902,0.988785759591399,0.21087151948768013,4
953,0.958156449127461,0.2110516069832355,7
2635,0.961455466778601,0.2110721552926972,64
866,0.94780571289777,0.21120405543505738,4
224,0.9257254356266802,0.21211693179305158,7
2455,1.0,0.21251072540088403,14
1847,0.9876094415570001,0.21264976839696842,2
215,0.9044766409983722,0.21268103994061766,53
4780,0.9206956652182645,0.212741112370817,4
234,0.9399726565923091,0.2127625239428879,3
507,0.9249977599048453,0.21296924075098053,3
392,0.9906394398993628,0.21298858803906587,3
5729,0.6159281926399018,0.21340661345622758,6
164,0.9670087251795985,0.21354221969802745,4
2050,0.8767525087054906,0.213950584244901,3
2437,0.9633291046566614,0.21399013540881265,12
5,0.9401114372788142,0.2141680376505707,3
3086,0.9015156703111064,0.2141683628299923,19
5551,0.9616772012081416,0.21462481938671804,5
109,0.9413163887251998,0.21528047466779932,6
297,0.959652819223153,0.21538503243500207,3
1624,0.9473688517129112,0.21593275450036828,12
3976,0.9414567881518868,0.21599854256040185,26
554,0.9734867055274777,0.21635030931331756,9
1620,0.9288847434204118,0.21662950713847082,37
1948,0.9259521072790698,0.21676004029894425,35
321,0.9684156286292888,0.21691256862381178,6
922,0.822901718554013,0.21691934522272105,9
1686,0.9365580800544465,0.2171142032887035,10
57,0.9249984397539128,0.21719349746661498,80
4172,0.8600788099571288,0.2174803193420261,222
673,0.968987765459575,0.21757725249729515,5
1731,0.9376809710340396,0.21761046951302698,84
3250,0.9279182516189753,0.21839154690573573,3
1712,0.9022276737629759,0.21860759691887233,3
330,0.8036462040648943,0.2187050702263148,9
2124,0.9209764300121007,0.21870551244118352,15
1764,0.9482878151880647,0.2188251668650528,37
104,0.9376039307054973,0.21898265034974027,54
129,0.9575392813351234,0.2189827115848464,6
2781,0.876361762668897,0.2193623573415194,3
3642,0.9147553252878087,0.2194742280405194,36
864,0.9213427933317607,0.21953833249910096,3
3016,0.8945311807957916,0.21961890293132183,3
320,0.9050329693813068,0.21965752413463643,5
120,0.9310020969341909,0.21968317009655125,6
2046,0.9437357296865874,0.2197863924217758,7
5543,0.9859828885250931,0.21988214529686045,3
2817,0.851652847810277,0.21989522663165748,3
5636,0.8365646464237864,0.22002990771839506,3
2584,0.9879874777974526,0.22012029939017316,2
375,0.9734499399973888,0.22038390300794944,3
926,0.951103960243693,0.22053678629989304,3
3504,0.7594102844631591,0.22062069060683978,7
1685,0.8664179549725021,0.2207500739705298,3
2782,0.9717551282877414,0.22107388426185728,6
4518,0.9330605843463828,0.22111106228216973,13
2146,0.9746604267932308,0.22153423665256833,3
762,0.9207340899686718,0.22182769424291574,3
5439,0.9932389189317012,0.22184395971296647,4
3990,0.9700943577436365,0.22186025301779244,4
3539,0.8837093503738245,0.2220797193435864,5
342,0.8700895948985808,0.22242086563617192,16
542,0.9569953778269151,0.22243781941297666,3
1615,0.9517243295977957,0.22313292479487648,63
3214,0.7947344632235301,0.22364907226194833,5
2125,0.9318230775436137,0.22367680631024234,180
1550,0.8800919443153354,0.22381620710651445,4
2409,0.7132540109873713,0.22393004782316459,7
3723,0.7838864993513399,0.22439726334443905,7
3223,0.9103411087924619,0.22469685233659628,20
21,0.8807172099450927,0.22476509737095646,26
4315,0.9369580882776924,0.22485413886370628,31
935,0.9011750079174774,0.22490486582470162,7
431,0.8880334901480024,0.22579326411243217,2
2484,0.9122147330382868,0.22603393900829927,18
1386,0.9036573727649295,0.2261949303011631,134
1556,0.9055678403412784,0.22632991214096979,14
547,0.9389445363391612,0.22645177153249144,15
3926,0.9381832890848391,0.22683462451020092,20
4604,0.9314529030801749,0.22712336015521886,12
768,0.9289972380387975,0.2272052678039365,7
275,0.9757727772547253,0.22736857117324125,2
4370,0.8727898548837375,0.2275631821672364,13
3837,0.9205878824626798,0.227668357614508,51
960,0.894005244193119,0.2279088549752833,2
1359,0.9560934795883594,0.22819477667467944,2
339,0.9651685909889738,0.22825817391474085,2
3875,0.8813205565622987,0.22841703793625565,5
4238,0.8909572883131553,0.22892031692237505,11
1020,0.9729569429966411,0.22917535330804686,4
254,0.9560421031633483,0.22929112814901723,4
493,0.9608140220364517,0.22934057380586198,17
283,0.9144542866273943,0.22934215611952677,15
3018,0.9570079889036158,0.2294249365292396,64
778,0.7239109656680545,0.22965499590178218,2
2973,0.94568785830876,0.2296784112798818,2
17,0.9186382872953761,0.2297307520472135,19
3474,0.9577055369282768,0.23000320921313655,2
4521,0.8909556641866483,0.23007493304676274,9
2642,0.9491512107416902,0.23008719101220096,412
169,0.9796466368147936,0.23056669554803721,2
4940,0.9754912470519439,0.23070501686857567,2
4407,0.9086172948350277,0.23073964887520107,2
4788,0.9474057091041599,0.2307659901413142,11
240,0.9635266198453021,0.2307942155401423,4
4482,0.9401721150072542,0.23128251035858127,8
650,0.9327054805167059,0.23139639576086996,9
5983,0.9230366117415012,0.23178008353081364,10
192,0.929140290392144,0.23191095936950404,17
3428,1.0,0.23216306874247483,2
4460,0.8973953751220094,0.23216556649387082,2
1861,0.9896832513681013,0.2323241655305548,2
748,0.9397286332877883,0.23260497003580058,2
4181,0.8633424263298144,0.23271173626995215,6
230,0.9491713706259692,0.2330249619160607,32
5847,0.9783481273325432,0.23366763156150638,2
5876,1.0,0.23366763156150638,2
1947,0.9721593990752649,0.23371441494321554,19
5094,0.9853069095739124,0.23392331691114293,2
1119,0.9155833323634759,0.23396743868035078,6
245,0.9642437419642061,0.23446368702710876,11
4392,0.9312764983246263,0.23448757629490774,4
1544,0.9101223268178272,0.23471181946489517,5
5882,0.9709136442243373,0.2348655601412493,2
134,0.9467607684605194,0.2348912050827624,12
872,0.905958766578847,0.23492707124676007,4
2770,0.9224967129480828,0.23495235303002496,5
3143,0.9208554030909976,0.2350003966405637,2
1204,0.8822227356061476,0.23525074475753247,14
2145,0.9587335379423574,0.23532778386621864,2
941,0.9487362468663176,0.23532986665784333,2
697,0.9381044622983423,0.23534027943609082,4
2845,0.9463476118515812,0.23547500173072233,3
639,0.9445599377491553,0.23566027242627405,2
2230,0.9152294685919624,0.23583567958815566,11
155,0.933539877408469,0.2359435077837565,2
395,0.8479741802532657,0.23623774464265612,11
239,0.9642809999187606,0.2363259534983294,8
498,0.9387052543940007,0.23637450619438694,2
2083,0.8810830386068262,0.2363756724000666,3
535,0.9547786232996405,0.23647987243122692,27
3456,0.701656780105355,0.23665255314338296,2
5658,0.9676113017614139,0.23670611637463054,2
3320,0.9633061638898169,0.23691714926347968,2
4167,0.9296222893554908,0.23696944901404146,2
1700,0.939150056399753,0.2371918227020697,4
2064,0.9409256815046827,0.23729418547348965,5
5097,1.0,0.237394898071679,2
3664,0.9305377567081342,0.2374488830142937,2
4017,0.8791870505996843,0.23747273687583,4
5647,0.9466317914311428,0.23749148225950795,4
2284,0.9756006863578016,0.23755198030005228,7
1667,0.9140006851420002,0.23765685811371956,2
665,0.9706185956327685,0.23829221025310895,2
3802,0.9047205440135186,0.23829261867454674,2
1722,0.9218068967788365,0.23849549135078899,2
5759,0.9924160152493143,0.23880483587201332,5
5569,0.9373647824395881,0.23904374436507808,9
3478,0.9529852804714697,0.2390484211173176,2
2763,0.9201030106120365,0.23924750844824488,27
1566,0.9428671725776623,0.23944875418208653,98
1004,0.8521585414434285,0.23952951028942618,2
3136,0.9305467288984599,0.2397610080488563,9
2000,0.9348883238912722,0.23981766564143947,3
101,0.9007714858344935,0.24070716558623678,7
3367,0.7435705707654128,0.24084270429633486,5
2070,0.9223121164457173,0.24118539843268064,12
244,0.9746698089628252,0.24132435162246474,5
3511,0.7969006725578462,0.24135440511881023,4
19,0.9184778712965459,0.24145172210073715,10
1018,0.9373513456044484,0.24171080618199514,179
548,0.9851093401772162,0.24192613394719126,5
2416,0.9399789583494128,0.24217643086848437,3
2429,0.9562119287273945,0.24251436503139492,3
489,0.9222916473351983,0.24278732700202052,10
1898,0.8640009945989732,0.24290243728923502,2
1316,0.9074060659629087,0.24290765714760135,51
882,0.9183275841138178,0.24294492531390036,53
847,0.9219197015076455,0.24329772114093337,5
217,0.8843305445701031,0.2433333537564666,3
1092,0.924872905635262,0.24344161437093878,12
25,1.0,0.24353063317173596,113
3394,0.9453673259346821,0.24379433808919132,5
3592,0.9361432372602705,0.24392085735114685,3
1045,0.9707239604567484,0.24412205463900583,2
652,0.9422689372057513,0.2441827622390128,3
576,0.8819566035019861,0.24490857441897332,5
4738,1.0,0.24516656651158505,1
834,1.0,0.24539747179654284,3
351,0.9713648176481359,0.2458642076572458,3
518,0.900083456096388,0.24767341737603216,5
4157,1.0,0.24768753067223373,2
2018,0.9372424161526755,0.2477196238172696,6
641,0.9544608085357575,0.2477567889991837,5
2167,0.9286027867644077,0.24779948016786965,20
722,0.9804162235495378,0.24800801973817818,6
1354,0.9366231168371381,0.2480559684253995,5
5521,0.9837515247938586,0.24850722964689453,4
799,0.9252793347689929,0.24858510472147133,3
1217,0.9345797859334144,0.2486422951358646,81
2821,0.8689674275630053,0.24867616894295339,4
1196,0.8301468569471895,0.24889130075376506,3
2665,0.7849732412734551,0.24918142783515518,3
730,1.0,0.2492714742243549,3
2097,0.9522959057363063,0.249597589152876,6
3734,0.9240746387801273,0.2497838304471411,8
160,0.9620758383296413,0.25063295091112436,7
997,0.8490823162418181,0.2510457373347874,3
5845,1.0,0.25108325757745353,7
1098,0.9086470185575011,0.2510902051847291,12
3450,0.9127911399871458,0.25176505042536396,3
5659,1.0,0.25199688043079055,1
3736,0.9408001991781527,0.2523705946896578,3
2618,0.9779967545980846,0.25305982654761,3
557,0.9463853022364686,0.25312174960970957,3
88,0.9213562307590809,0.25395451530853425,6
4036,0.9552039833788966,0.25400624778661274,6
45,0.9228034119202104,0.2541074198997069,11
715,0.9942693370553407,0.254613074127663,3
587,0.9707352143496034,0.2546994604457545,5
1504,0.9793239177649363,0.2547188293527297,3
3834,0.9049714839890468,0.25503425503531446,1
1650,0.9516655292428773,0.25571105561052354,3
417,0.9579588585386776,0.2557681173771723,7
3103,0.5930564941591948,0.2563794234229595,4
93,0.8960030779992392,0.2573376474067027,13
573,0.9585035513559579,0.25773785581006525,5
4098,0.8522008216693674,0.2579294226548693,8
4623,0.958740159671013,0.25802364298656716,1
5570,0.9978265197807071,0.2585911067305225,4
2349,0.9609579990549808,0.2592051650602303,5
5684,1.0,0.2599781584180997,1
4573,0.8544050319306834,0.2602513632473457,4
2470,0.9002434827579551,0.2603185868664413,5
605,0.9564135045035361,0.2603469190932739,4
3189,0.9578085956437323,0.26079189352209964,4
626,0.8896098765104403,0.2610979496691319,6
2647,0.9062036136552443,0.2612035596265589,52
3049,1.0,0.2612415074996923,1
2003,0.9017308157102928,0.2612415074996923,1
2273,0.9017308157102928,0.2612415074996923,1
4035,0.9764688069858785,0.26262333284713896,4
1798,0.9130016139351759,0.26277338247110693,2
896,1.0,0.2631736840271936,7
1027,0.5358519469428094,0.26344606882739957,1
956,0.8358519469428094,0.26344606882739957,1
848,0.8358519469428094,0.26344606882739957,1
1032,0.8358519469428094,0.26344606882739957,1
868,0.8358519469428094,0.26344606882739957,1
2056,0.860471501200838,0.26349663203356133,5
167,0.8791811618424663,0.2636732723661028,11
3129,0.9753152120866141,0.26399430912084165,17
3927,0.9921178912118486,0.26430722040397964,2
898,0.8928327181923968,0.26441337574755047,2
1747,0.9582262519581883,0.2648737326506937,3
3375,1.0,0.26492591447143016,1
2953,1.0,0.26497419845602516,2
2040,0.8993423688111493,0.2650791660612181,11
1282,0.8747926510559287,0.26527073500918874,2
7,0.9438444190256415,0.26557434359876103,216
5498,1.0,0.267386159540896,1
2188,0.9220059284262444,0.2674528525054413,19
3311,0.8072874311475908,0.26763618823758895,2
5442,0.8402989008469364,0.2683612714892309,3
3300,0.9069076061654494,0.26861028214340854,2
3982,0.9102086981096902,0.26903403690938593,10
334,1.0,0.2695071648315235,1
336,1.0,0.2695071648315235,1
2,0.8937438727740271,0.2695311890104185,41
2069,0.9589677263992813,0.26960255724648463,1
340,0.8657500910868643,0.2696293331764987,6
5665,0.9495382911388963,0.26985163263405765,2
4222,0.9646122794447947,0.26992378767414427,2
1240,0.9624524329123508,0.27035250237453906,1
5952,1.0,0.27124954443419635,1
3236,0.7411219971363883,0.27128367012762933,6
5121,0.981924655818842,0.2713721819067223,2
277,0.9867114067801075,0.2714940015501362,2
218,0.905463447485812,0.2715455763441987,2
3644,1.0,0.27203210388908866,1
1166,0.9591841089347554,0.27215888428067636,4
5943,0.923186000108847,0.27216791551283404,6
3852,0.7636662163392944,0.27229301940939005,2
331,0.9973772837715937,0.27232126110745564,2
3260,1.0,0.2725339252958799,32
5859,0.9675790686736243,0.27297697682057925,3
3238,0.9623484261682982,0.2731023326376701,1
1485,1.0,0.2731796265829521,1
279,0.744536552514188,0.2735839878568739,2
1037,0.967006024907447,0.27365309528585813,5
1303,0.9315716505540278,0.2737724166841665,1
314,0.9395326781495562,0.2740558851235549,2
2258,0.8311122889907059,0.2747930474481801,2
2454,0.8755424714740171,0.274979340590523,2
4362,0.9464298773185802,0.2750939703363045,2
1826,0.8607486639644211,0.27513938053557985,2
5492,0.980543684385164,0.2754918828480364,3
2242,0.8879874777974526,0.27575576634226945,1
3658,0.8879874777974526,0.27575576634226945,1
250,0.9636523545003168,0.2757802053854907,3
860,0.9973655447991188,0.27587514229892635,1
1091,1.0,0.27587514229892635,1
682,1.0,0.27600228899297385,1
4245,0.7458791811682906,0.2762602660153013,2
683,0.9471523105849836,0.2763867174261594,1
4045,0.9254553313889089,0.2765909530029244,1
4150,0.6337264262527207,0.2766017785308398,1
4869,0.9887550378848952,0.2766613989363804,2
3219,0.9324769690991301,0.27685725042617754,47
5411,0.9041229417618176,0.27726140177209496,6
880,0.8032210931628138,0.2773999795171362,2
4352,1.0,0.2775941676627605,1
5356,0.9924349525168142,0.2776237963905606,1
707,0.9460209202220292,0.2776504145158302,6
4941,1.0,0.2777555427276036,1
5904,0.8545580435690547,0.2777555427276036,1
3397,0.8488106954923825,0.27779267322965745,9
3821,0.9302073820216177,0.2778308650295476,3
4761,0.8836458911732809,0.277882301221889,3
1845,0.9749073130238194,0.2781001675551413,4
2286,1.0,0.27846898520427504,1
2136,0.8850464420734706,0.2784770994183435,2
1328,0.8974576106821638,0.2786271379167148,5
3575,0.8914383077241178,0.2787661681161832,1
4815,1.0,0.27954692331154896,1
5677,0.9041668335502013,0.27994986165842295,2
3813,0.9308800590230148,0.2800550932525764,5
3589,0.9743211475679323,0.2803739357804559,1
2142,0.956783572632357,0.2809091411932872,17
53,0.9528667309247635,0.28104922499705776,2
5701,0.9624270694318532,0.28108742648395507,1
5221,0.7292589458500858,0.28108742648395507,1
5347,0.8219867741462262,0.2811163332474933,1
2144,0.9133574260829949,0.28119635499158746,7
4115,0.9427380069470994,0.2812126729517921,3
1551,0.9594913251748701,0.2812811792120786,1
5607,0.9588052347565135,0.281304291311659,1
3096,0.9333253051510734,0.281482113030005,1
3011,0.9666746948489267,0.281482113030005,1
3482,0.9417737480418116,0.28180195780767364,1
2193,0.9917737480418116,0.28180195780767364,1
932,0.9331726618438478,0.2819162521766575,1
669,1.0,0.28218582935206193,2
5259,0.8629574200836173,0.28245307316127527,8
825,0.9502954892268581,0.28254607246449004,1
5836,0.972537165849672,0.2826238711463288,2
4205,0.9041651481108159,0.2826612183041278,20
2060,1.0,0.2827481616418993,1
358,0.9665413305131193,0.28284969908605384,2
964,0.9672128282006195,0.2831533257076176,1
232,0.9672128282006195,0.2831533257076176,1
3101,0.8576695423664793,0.2832791693839908,2
869,0.9936716905182961,0.2834055410307279,2
655,0.9502846177170158,0.2837453147081529,2
1381,0.5773978994238036,0.2839560187957964,1
1408,0.9273978994238037,0.2839560187957964,1
1467,0.9273978994238037,0.2839560187957964,1
5679,1.0,0.2841340429798554,1
1914,1.0,0.28426965999745163,1
3255,0.9276321259970568,0.2843725274139809,2
2235,0.9620599276547247,0.28440705528996424,2
3454,0.9527222506713472,0.2844863445567999,1
3894,0.8650435955061004,0.28474536322299215,1
3291,1.0,0.28474536322299215,1
3998,0.8650435955061004,0.28474536322299215,1
3126,0.9650435955061005,0.28474536322299215,1
3613,0.8150435955061005,0.28474536322299215,1
3263,0.8431779155441914,0.28480128960874285,1
988,0.9254126546196928,0.2848699050336284,12
2847,0.9444306913987109,0.2849593765319457,2
284,0.9199861233598825,0.28499058689510026,8
5749,1.0,0.2850058230295239,2
5105,0.9815001751028993,0.2852404551697076,1
1425,0.9859762482028405,0.2853606502020703,1
1658,0.94369670731875,0.2856509048397176,1
3591,0.8050635368838016,0.2857076797846432,2
4372,1.0,0.28573888589252305,1
1065,0.8399137735353753,0.28576991635658683,6
4480,0.8842456344323731,0.28644032917789686,2
4,0.8912871984691652,0.28660008488313865,54
1758,0.8653100280910446,0.28674119585160696,1
5915,1.0,0.28695780222512435,1
3525,0.6147124682646198,0.2871023966720898,1
4155,0.9130560217609844,0.2875806443297985,2
3056,0.7994065462788927,0.28763744937221797,2
5705,1.0,0.2880087378704711,1
5606,0.9587191226582361,0.2881128080293736,12
3597,0.9049953433628432,0.2882576972687303,2
3984,0.9998452222009047,0.28842588818098003,1
2890,0.8555360776463485,0.2884366400338864,1
3310,0.9540984798528558,0.2884366400338864,1
60,0.9391254463579852,0.28907310502837613,66
2127,0.8811398942305636,0.2891639038891008,9
534,0.9819818204788027,0.289208881105131,10
4318,0.9507842194275424,0.2893263374430124,1
2362,0.9131023137910054,0.28933861000360717,1
908,0.9397208405946287,0.28950750250409274,54
201,0.9950389816363665,0.2895884998293399,4
5151,0.9331264161925329,0.2896394384550594,1
4095,0.9180529918965169,0.2903207299872647,1
678,0.981147933229116,0.290459412194056,7
2641,0.9799534393296614,0.2904894386699423,1
1730,0.9017364275931595,0.29052632277901247,1
694,1.0,0.2905452568096826,1
734,0.9973906952750153,0.2906579027958223,3
1791,1.0,0.2910577518915931,1
637,0.9768135085636425,0.2912205643043084,1
5626,0.954968518274897,0.2913763473100084,1
1777,0.9274044396559697,0.29139611586365044,1
1102,0.9546910359530013,0.291520384162351,1
111,0.8531614394013094,0.29178608116058485,6
944,0.9382702718673287,0.2919074455505066,1
3246,0.8002852368028959,0.2921754431588812,4
1185,0.9253138922094796,0.2921816445366368,39
5046,0.819678326093238,0.2924930878814493,4
257,0.8983572161029252,0.2925563689994639,18
39,0.892391154170458,0.29304436997758576,25
760,0.900659958922333,0.29319003163871815,9
921,0.9302047797066192,0.2932252992469516,12
4007,0.8656810041970686,0.29344860904615644,4
5996,0.9899802130416533,0.2934983374548811,1
296,0.8827871717993805,0.2942530065392136,6
23,0.9347964708904766,0.2947044074347528,26
5890,0.6865823963627862,0.2949043100280823,1
4889,1.0,0.2949043100280823,1
5793,0.7865823963627863,0.2949043100280823,1
2899,0.9865823963627862,0.2949043100280823,1
5792,1.0,0.2949043100280823,1
5130,0.9918432019259199,0.2956244353101372,1
3769,0.891681599737333,0.29626129487171987,4
1068,0.996207130532088,0.2968505235718539,4
268,0.8637283566801361,0.29714534248392216,5
2903,0.8961984029848851,0.2974937706545028,14
2978,0.9446846477279977,0.2974978610210461,1
801,0.9319847539116962,0.2990646744173404,9
4620,0.998812355567442,0.29939327742662,1
3911,1.0,0.3,1
3912,1.0,0.3,1
3481,0.9095149154715249,0.3004746309040521,4
3278,0.7967697396630681,0.30405762713218865,6
3957,0.9904533888756016,0.3051435397042705,5
2427,0.9414075461835832,0.3060225480445253,13
2495,0.8333102208345764,0.30641740323386474,4
197,1.0,0.307470573656622,3
2033,0.9835911397915358,0.30907808822777577,3
3293,1.0,0.30918643638726734,3
912,0.9550591795928367,0.30937968159125123,2
4540,1.0,0.3111361919156326,4
475,0.9573780320649337,0.3120987797457376,9
4308,0.7963500200944329,0.31350726090209274,8
1839,0.8550612996111882,0.31434253189747985,5
1260,0.7091623959366093,0.3157278463500515,3
753,0.9680992431078903,0.3166667020316032,3
2751,0.7624516791873451,0.3168769744517887,2
4237,0.7592465339360928,0.3174971686707656,2
105,0.9720965433490737,0.3176148143122316,2
1690,0.8986751908188666,0.31793545279856267,28
3541,0.9211752594873537,0.31805609683064656,2
223,1.0,0.3189664820908984,11
769,0.8351107747719575,0.31913702736398797,4
2964,1.0,0.3193636029823857,3
5949,0.9783277915159232,0.32003957391669335,5
1933,0.9282299506638407,0.320405740241525,8
1358,0.8621676727678663,0.3208302827989549,4
360,0.9205302315384698,0.3230290019188371,2
3689,0.8395421460016375,0.32318756428521295,3
1844,0.928213521257684,0.3237531988964649,5
4880,0.9196013721431673,0.3237927372588314,2
1,0.9224364178232497,0.32393301970399535,226
3355,0.9095622936903524,0.32474565493366925,2
165,0.8880334901480024,0.3259836233638564,2
2157,0.8129155175320602,0.3268797081218279,2
4618,0.9162185325184385,0.32697462722955745,6
5287,0.9615429375070674,0.32704823447753845,3
1218,0.9862883082335409,0.32815030043981946,2
3630,0.8958570929429379,0.3284510824477819,23
2966,0.8963267106789062,0.3290779237941436,2
3309,0.9788544772763392,0.32921060437520333,4
930,0.9653180086247851,0.3300311442602512,2
2118,0.9466004286124551,0.3309246521163825,25
5014,0.8982612617505943,0.33254433939437983,3
2896,0.9544026749309126,0.33435887796134023,3
2520,0.9755594146925657,0.33564969007180934,2
5458,0.8416777582747841,0.33794304779218626,7
2838,0.9738322589622534,0.3382712062481132,3
553,0.9826500004875245,0.33909397120970597,2
920,0.9091999752186148,0.3398172738943429,9
3425,0.984486730968735,0.3401753021794071,2
1013,0.8903626051203299,0.3410053805558607,11
2758,0.8250373942652869,0.3433919668679557,3
4845,0.9087401596710131,0.3440315239820896,1
127,0.8275632038729065,0.3442793623547611,3
2122,0.9505134371990057,0.34560645044769145,3
1492,0.8862716436788303,0.3467082583019379,3
2128,0.8670135828708456,0.3474201448526448,3
1975,1.0,0.34832200999958984,1
2076,0.7724305953773593,0.35288746929029935,5
5507,0.8611425289888981,0.35316776601659994,3
2160,0.8239372288954729,0.35534592816046195,2
5950,0.9761217740918348,0.3586744118900795,3
341,1.0,0.3593428864420314,1
519,0.944536552514188,0.3593428864420314,1
414,0.8945365525141881,0.3593428864420314,1
369,1.0,0.3593428864420314,1
364,1.0,0.3593428864420314,1
343,1.0,0.3593428864420314,1
373,1.0,0.3593428864420314,1
381,1.0,0.3593428864420314,1
362,1.0,0.3593428864420314,1
426,1.0,0.3593428864420314,1
278,0.9643498446579836,0.3597598418543611,4
1201,0.8607607417065202,0.3597796258204961,58
1056,0.9978128213197698,0.36089208506879006,2
5029,0.9190875263747219,0.36102740884069395,5
5602,0.9311803493256183,0.363155952271585,10
3488,0.828276460904087,0.3634378528980995,3
4259,0.8320568792831304,0.36466364150913944,1
4354,0.8176050198726852,0.36485367068027935,3
1015,0.6290556947637301,0.36609139091922765,1
2329,1.0,0.367674355123026,1
2846,0.8879874777974526,0.367674355123026,1
5299,1.0,0.3677186262620502,4
809,0.8441693701736276,0.3681482681708703,1
2870,0.8270733484079307,0.3683887042696763,2
119,0.7541136248145034,0.36954608912121323,3
2342,0.7825926126790382,0.37074940824850255,3
328,0.9591249300315232,0.3711379094160204,3
915,0.8693704581962839,0.37204748147001593,3
5078,0.9847068425074439,0.3720713661262288,1
4187,0.8884286252130887,0.3729907876397829,1
2438,0.9685455288748086,0.37352333888482975,4
2079,0.9641871283928845,0.37373730223235274,3
4855,1.0,0.3743820799420305,3
5741,1.0,0.3748939750953777,1
3406,0.9521714610664836,0.3749405382449607,1
712,0.9905086748251298,0.3750415722827716,1
965,1.0,0.37516678578599816,1
2907,0.8833253051510733,0.3753094840400067,1
3042,0.8833253051510733,0.3753094840400067,1
300,0.9869391400397587,0.3753307317198333,3
987,0.9069726772112123,0.37588483190123567,2
5030,0.8537073339326744,0.376079422156802,3
4615,0.8755670168457689,0.37638347414035533,2
1014,0.830360433285816,0.3766826415255962,3
4918,0.7288372611872869,0.37687427630527265,3
1251,0.9691194342832453,0.37727329437900164,2
5803,0.9650534532154003,0.37908116599808517,2
4801,1.0,0.3796604842973229,1
3247,0.9150435955061005,0.3796604842973229,1
3395,0.7150435955061005,0.3796604842973229,1
3415,0.9150435955061005,0.3796604842973229,1
3612,0.9150435955061005,0.3796604842973229,1
1592,0.8359762482028404,0.3804808669360938,1
2246,0.9847146961652984,0.38075984153683096,3
5414,0.9678156192359277,0.3812676024592271,2
5179,1.0,0.38139288235912666,1
99,0.9719934822352588,0.3814449663690229,1
5590,0.8955543216113708,0.3818987194587266,5
2009,0.8094016107972795,0.38195039427869754,1
607,0.8908825876214065,0.3822674561484601,1
2291,0.8684575026076728,0.3826780425051939,5
5833,0.9440564040146868,0.38348764906288163,1
5951,0.9160087945837742,0.38362071660980307,3
5522,0.6439089376170586,0.3837009305273575,2
3670,0.9283883769897885,0.38789149706967235,1
4164,0.9139031373150386,0.39024027454774457,1
5954,0.8793372059450397,0.3904487096370777,1
5415,0.9524617784083845,0.3916504725679184,3
4895,0.8365823963627863,0.3932057467041098,1
2483,0.9509255706198878,0.3932057467041098,1
4395,1.0,0.39412649686835655,2
911,0.6433053614764908,0.3959813895108605,2
3731,0.9937197977451286,0.396304846074618,2
3483,1.0,0.3963708671774755,2
5661,0.9533314176471381,0.3967387154170391,5
1877,1.0,0.39689589202448355,3
5775,1.0,0.4,1
5806,0.8366352259271677,0.4001239214820202,7
1743,0.8482477435027874,0.4056979659967256,11
1855,1.0,0.40647656577962143,3
2241,0.8537194302222407,0.40734896352241107,3
1774,0.7920612096327666,0.40915618684352806,3
5422,0.7063405199703088,0.40965802726605616,2
708,0.8486095796149026,0.41235841578704174,3
264,1.0,0.41241439329798596,2
4080,0.9634176036372137,0.4131491182030346,2
1669,0.9754442437489734,0.4135151569033011,6
3898,0.8979095708019527,0.41481759540145835,4
5309,0.769886851758512,0.4158484810215216,2
5424,1.0,0.4168158898163477,1
241,0.837587221916086,0.42221382466031165,5
448,0.8238892391659146,0.4253080463286151,4
1420,0.9301784153155234,0.43058631498511224,2
500,0.9370990981055706,0.4326769553065507,5
1133,0.8768102226545655,0.4334051476905844,3
1291,0.7290720474661191,0.4343009217367102,2
588,0.8049274682729598,0.43804650529967565,2
1060,0.8560325800110686,0.4390767813789993,1
1174,0.8448102290212498,0.4392930993899155,3
447,0.9216142416035418,0.4423102068206129,3
5623,0.9442594147207174,0.445074331699344,9
5619,0.8399896014322149,0.44587643109466285,4
2902,0.8987468853272513,0.44809920148613375,1
333,0.9462781844997319,0.4491786080525392,1
397,0.775378348742665,0.4491786080525392,1
413,1.0,0.4491786080525392,1
422,1.0,0.4491786080525392,1
400,0.896278184499732,0.4491786080525392,1
338,1.0,0.4491786080525392,1
337,1.0,0.4491786080525392,1
344,1.0,0.4491786080525392,1
335,1.0,0.4491786080525392,1
1075,0.8965950158193591,0.45032997946123526,1
3174,0.8471257256601318,0.4522929352504674,1
5760,0.9483329721702591,0.45352372231438226,3
5958,0.8951014962407607,0.45666265815422863,3
2692,0.8715399471837021,0.45869372471418673,2
985,0.8473655447991189,0.4597919038315439,1
3552,1.0,0.46041610840311753,16
2387,0.7254056274715721,0.461972837000376,1
1932,1.0,0.46265694610460084,1
5772,1.0,0.4637600503885568,1
3748,0.762677528461084,0.4644279199580928,2
3595,0.8429222007082235,0.4650236336406448,1
5764,1.0,0.4654194015096574,3
2335,0.7743211475679324,0.46728989296742646,1
2354,0.8486905971302376,0.4673581627164956,1
1220,0.9076249838497117,0.46739823544519815,1
1759,0.6048873180647079,0.4676335140830098,1
1695,1.0,0.4676335140830098,1
4248,0.8708554030909976,0.46867567280620087,1
5879,1.0,0.46867567280620087,1
2954,0.9833253051510733,0.46913685505000835,1
5860,1.0,0.46913685505000835,1
5896,0.8823091583237227,0.4727473258462548,2
1031,0.8888252072579151,0.473010460110478,1
1121,0.8422624512579993,0.4744360905084799,2
2643,0.8650435955061004,0.4745756053716536,1
4902,0.9585688164572579,0.47465634360101167,1
398,0.8191495792452069,0.4757637539662143,1
5990,1.0,0.4767411029489083,1
1866,0.7594016107972794,0.4774379928483719,1
2254,0.8904545705966436,0.4783917863165017,1
3651,0.8647124682646198,0.478503994453483,1
1559,0.8788689279050326,0.479251775678911,1
1367,1.0,0.4806155479097721,1
5912,1.0,0.48062733730727136,1
5955,0.9121991448080694,0.48110228023585844,3
5642,0.8393836840388613,0.48157710250216895,1
613,0.8316443887021916,0.4832243395497897,1
1284,0.9386366471895008,0.4845597171425244,1
1631,0.5528535445158299,0.4853974548105507,1
4168,0.6026436687321262,0.48952861299067696,1
1437,0.8501141834512322,0.4900570320219064,9
1897,0.8365823963627863,0.4915071833801372,1
5412,1.0,0.4915071833801372,1
2171,0.913439854060914,0.49259872303264224,1
955,0.8245865437298874,0.49286818734383764,1
3198,0.62023957865756,0.4929602421317861,3
1084,0.7878567418896817,0.4931529244788888,4
5246,0.8381845407972401,0.49447654220693354,1
1076,1.0,0.4948104732867164,2
593,0.9527794213775458,0.4959975125720632,3
5297,0.8545580435690547,0.4977221185181612,3
4356,1.0,0.49872201071249306,3
8,0.9880334901480023,0.5032185121425601,3
720,0.7827752526579667,0.5111416770673477,2
5971,0.9573708849419811,0.5114942317017266,2
2200,0.7930083481945921,0.5121047043313123,2
5404,0.7622925727400301,0.5121407955477696,2
5622,0.9960053220724618,0.5123037649794722,2
451,0.7909784371854369,0.5218382900347932,2
2019,0.5517308157102928,0.5224830149993847,1
3540,0.9031697165279676,0.5247520907502929,2
3377,0.8515442273360061,0.525696607688351,6
5762,0.876958896999772,0.534921716864903,4
5763,0.9398535849854078,0.5356330517634026,3
420,1.0,0.539014329663047,1
376,1.0,0.539014329663047,1
490,0.8585863695514264,0.5405868903444437,2
3627,0.9623760453751464,0.5419018299176813,1
959,0.7030913650225017,0.5475735738413442,3
3032,0.6879874777974526,0.5515115326845389,1
2305,0.8348649765050444,0.5517182637842578,6
10,0.7130455499642465,0.5520617033136708,5
5745,1.0,0.5623409626430665,1
5830,1.0,0.5623409626430665,1
5936,0.7884963836144634,0.5682137362023313,1
4811,0.7840072830638263,0.5715778709767079,1
623,0.754259670700348,0.5885754979573683,3
2685,0.4117246163958711,0.5973269804240295,1
1171,0.8804460425343951,0.5986876927918999,1
2436,0.8298898129102481,0.6025325192017811,1
3974,0.7575235523860268,0.6030197259716433,2
4393,0.9349564044938995,0.6087822440903553,3
5618,0.7069437876383473,0.6088366615634628,3
5788,0.8678165258817012,0.6130246770368509,2
1191,0.8836025867994154,0.6169798325012666,3
1246,1.0,0.6239010389287574,1
1326,0.6979906947554302,0.6433053614750225,1
749,0.7441693701736276,0.6442594692990229,1
4960,0.7665124809580304,0.6561459419286811,1
3888,0.7923979949590354,0.6662276944658849,1
5664,0.7340072830638262,0.6668408494728258,1
3157,0.9528489829983628,0.6785981948033872,1
3861,0.6544748777240069,0.680156689156363,2
1781,1.0,0.688110056732192,1
1261,0.6578639231750257,0.709162396053121,1
4348,0.8825495765524705,0.7127658306589155,1
5929,0.8940564040146868,0.7149950982204725,1
2377,0.6891297349527352,0.7207170011384465,4
3859,1.0,0.722925898218108,1
3416,1.0,0.735348710246052,1
1046,0.9212539074751545,0.7492311280086218,1
1708,0.7185959113510348,0.7513200451187645,1
16,1.0,0.7564504044094176,1
3281,0.7654623260581912,0.7572803428898547,1
5798,0.6539683446525817,0.7576907812796145,1
5163,0.6103103453034199,0.7594102844577235,1
840,1.0,0.7744793944843729,1
4144,0.729889812910248,0.7746846675451472,1
1787,0.5847521430437418,0.7850450660958077,1
4396,0.6970632484341783,0.8,1
3996,0.5784726766073298,0.8128171121716152,2
1122,0.6084596726113605,0.8229017185549983,1
3876,1.0,0.8347680906994022,1
5790,1.0,0.8347680906994022,1
5464,1.0,0.848132963269618,1
5826,1.0,0.8614088024553292,1
1643,1.0,0.8709315229179118,1
4823,1.0,0.8792955797699181,2
717,0.695229706097028,0.8830331399061053,1
2771,0.6458578399387411,0.8898464912067452,1
4639,0.6003006767253574,0.8903140516677469,1
3125,0.6306017798132795,0.9062036136886013,1
2078,1.0,0.9161830698770014,1
5032,0.780513704420347,0.9190875263534052,1
5284,0.6001178885172345,0.9208003535726761,1
1501,1.0,0.9213562307595374,1
2082,0.5694211146400686,0.9232786786277786,1
5720,1.0,0.9250082807429129,1
4261,0.6000461595593404,0.9255897354047857,1
5162,1.0,0.925851809092012,1
4257,0.6238997400839348,0.9286027867714616,1
4824,0.8214920612629559,0.9370990981637617,1
814,0.5656667149438243,0.9413191982493757,1
2347,0.6024003380133415,0.9473478329765386,1
1340,0.5860719352636122,0.9476219896880488,1
5824,1.0,0.9535625315512031,1
5960,1.0,0.9573708849340876,1
5438,0.5808578362167289,0.9721165718268041,1
1663,1.0,0.976523618659675,1
3975,1.0,0.9781320504837063,1
5568,0.6377459414240182,0.9805436843852771,1
529,0.6876653658599167,0.9869391400398865,1
1545,1.0,0.9921592298631661,1
5761,0.6194024179360067,0.9924160152486408,1
3484,0.6981854335887377,1.0,1
