node,deg15_in,deg15_out,deg30_in,deg30_out,growth_in,growth_out,pagerank30,fairness30,goodness30,avg_rating30,final_pagerank,final_rank,is_top50_final
2,77,80,99,104,22,24,0.012925464648964638,0.936539085837662,0.2609430560247239,2.8585858585858586,0.006623183283223336,4,1
402,9,6,10,7,1,1,0.0012303365971065375,0.9614170654742163,0.16225167519148254,1.7,0.00047683442308333896,399,0
113,9,9,15,17,6,8,0.0014543718216064206,0.9457410755600033,0.28726296637447485,3.1333333333333333,0.001103385067448694,137,0
54,32,27,34,29,2,2,0.0036631341659904937,0.9294571656745025,0.2779754673223258,3.0294117647058822,0.001381476347966702,102,0
10,30,34,44,47,14,13,0.0051375814588342245,0.9470580952460383,0.12910652998067337,1.3636363636363635,0.005598872299087017,8,1
970,1,0,1,0,0,0,0.00020904473320867105,1.0,0.757646476198022,8.0,7.661848801193212e-05,3306,0
271,2,5,3,5,1,0,0.0004281963663823344,0.7720694037249012,0.7123050598571053,7.666666666666667,0.00019884426431513564,1100,0
119,20,18,22,19,2,1,0.0025375837923993765,0.9046141791076068,0.31015823474624293,3.409090909090909,0.0009342027574694248,171,0
471,2,1,3,1,1,0,0.0004080815814589393,0.9804715280123619,0.5156456872187558,5.666666666666667,0.00014639057606776216,1529,0
168,6,9,9,11,3,2,0.000987122146559163,0.9344308983304351,0.2911438289494003,3.111111111111111,0.0005125567754950384,363,0
74,10,11,16,16,6,5,0.0021912580069518325,0.9422053746219171,0.25690796919979847,2.75,0.0010884512854892462,140,0
37,21,24,25,33,4,9,0.0027975672737036664,0.8788846616185011,0.2998704846632061,3.2,0.0015884282196321087,78,0
474,3,4,5,5,2,1,0.0005473948520150383,0.9615803253258199,0.14974186864257427,1.6,0.0005376560754252325,342,0
439,8,5,9,5,1,0,0.0009787722691766757,0.9580155977847338,0.15877492698303086,1.6666666666666667,0.0005034228908802736,375,0
99,27,31,28,33,1,2,0.0031034655807131105,0.9751450330595821,0.15193790518769754,1.6071428571428572,0.0014120128634867322,98,0
1632,2,2,2,2,0,0,0.00029382271684108536,0.9652681428403794,0.13759814166483605,1.5,0.00010357354449266358,2220,0
1127,3,3,4,4,1,1,0.0005053131456039514,0.9137258755405312,0.09328234403207512,1.0,0.00024522987399172537,864,0
4,132,131,163,171,31,40,0.019939805550031494,0.9478541505403466,0.280686540673395,2.9938650306748467,0.008023439583332511,3,1
1,18,22,89,115,71,93,0.010745835484457464,0.9812530915551186,0.14062293049961663,1.4606741573033708,0.01699309922840529,1,1
121,9,9,15,15,6,6,0.001672682326331984,0.9605053922476027,0.1647883889520036,1.7333333333333334,0.0013388462730169906,105,0
505,9,10,11,12,2,2,0.0012189929057569231,0.9606073926980084,0.1310484470284274,1.3636363636363635,0.000506988460311751,366,0
7424,2,2,3,2,1,0,0.0003810600050946459,0.9579518432903024,-0.26383421108251537,-2.6666666666666665,0.00015748854068883838,1403,0
91,16,18,19,21,3,3,0.002163257060043719,0.8969661832702105,0.23714417981036306,2.526315789473684,0.0009443270624420331,169,0
297,9,9,9,9,0,0,0.0009357792632254513,0.9333657365299681,0.2637614530890803,3.0,0.00032592930586739486,632,0
312,5,0,9,10,4,10,0.0010158032669582056,0.9073981267314166,0.2587617848124744,2.7777777777777777,0.0003937805287458291,517,0
238,6,6,6,6,0,0,0.0008185887838567786,0.912604004994353,0.27999659920118564,3.1666666666666665,0.0006076178070554457,275,0
2473,1,1,1,1,0,0,0.00019606288409875552,0.9740310474061512,0.09751450330611866,1.0,8.613486926537601e-05,2654,0
40,26,27,49,48,23,21,0.0056119854237342845,0.9627988125060255,0.1534710578375986,1.6122448979591837,0.00287596633453213,30,1
31,9,8,10,8,1,0,0.001026856344306231,0.9400043154693186,0.20480311290232495,2.2,0.0020151124400326612,58,0
7400,5,4,6,4,1,0,0.0006691908140771046,0.8681734964159927,0.24894148200664698,2.6666666666666665,0.0002695080752204616,786,0
710,5,6,6,7,1,1,0.0006947745705310639,0.971351779975892,0.17428493876407838,1.8333333333333333,0.00023808614893920075,891,0
625,6,6,6,6,0,0,0.000966039091146811,0.9527985400206993,0.1423868474130329,1.5,0.0004919743113346848,385,0
744,5,5,5,5,0,0,0.0006617945168266364,0.9783361392051438,0.17237930671767435,1.8,0.00022424222389952857,969,0
380,3,2,8,8,5,6,0.0008874912279017388,0.9674438916764388,0.1754697416204105,1.875,0.00038721989768306683,532,0
1401,6,6,6,6,0,0,0.0011062020446456588,0.9786542795474112,0.14430629952411642,1.5,0.0004702596976402232,409,0
1209,3,3,3,3,0,0,0.0004326709765808462,0.93184733660985,0.1570198442706022,1.6666666666666667,0.0001462157731136737,1530,0
917,5,5,5,5,0,0,0.0006667423601961507,0.9691344635677983,0.15173345350195072,1.6,0.00022352751471005938,972,0
45,48,53,57,64,9,11,0.005890877838221916,0.9255202792342863,0.16825839788651065,1.8245614035087718,0.002326978625383703,44,1
293,13,17,13,17,0,0,0.0015502100115581585,0.9646884837893235,0.20116685553237293,2.1538461538461537,0.0005047776143576625,371,0
512,7,8,8,8,1,0,0.0009148324743454119,0.9441940360526205,0.17778381504963028,1.875,0.00033013834655677005,622,0
23,61,62,65,62,4,0,0.007720631620545885,0.9445882061510537,0.2936699381625113,3.1384615384615384,0.002762129573593084,32,1
251,9,9,15,14,6,5,0.00196696005475193,0.9556126203559229,0.18155228323836456,1.9333333333333333,0.000648698672758133,257,0
7552,21,13,25,13,4,0,0.002831596479204865,0.9729666423971354,0.2528826442320828,2.72,0.001634800045798881,73,0
44,29,26,34,32,5,6,0.0039042746625132818,0.9531466826940096,0.2551717791653988,2.735294117647059,0.0017402701916294436,69,0
2891,1,1,1,1,0,0,0.00021550358793738698,0.9732644710812007,0.09627988125084243,1.0,7.8834837866525e-05,3172,0
712,2,1,5,6,3,5,0.0006802146409086025,0.9638940498726173,0.11635545488515375,1.2,0.00030968292148052945,682,0
249,4,4,4,4,0,0,0.0005701035170978592,0.9406047389068861,0.14393748953471017,1.5,0.0008565973390818605,190,0
501,5,5,5,7,0,2,0.000666706004656955,0.9244401894749823,0.2865047173840225,3.0,0.0002673265849883442,800,0
1115,3,3,4,4,1,1,0.0007925387391597906,0.9817129600421356,0.14529631189978864,1.5,0.0002676115528637422,797,0
1469,1,1,1,1,0,0,0.0002530020675312859,0.9788065762934836,0.38111941600798893,4.0,0.00011930231229538235,1905,0
436,5,4,6,4,1,0,0.0007911960951291984,0.8841877475137278,0.23381747169835435,2.5,0.0004035581192259725,506,0
768,7,9,7,9,0,0,0.0008125412773751034,0.9494836371455673,0.12067761731803027,1.2857142857142858,0.0003159337492180623,660,0
989,2,1,2,1,0,0,0.00022851264726543645,0.9732644710812007,0.3198257500961277,3.5,8.440989242461505e-05,2749,0
1087,5,4,6,4,1,0,0.0007809306753864943,0.914195471599862,0.09590013572522693,1.0,0.00027563028368673194,771,0
532,5,3,6,5,1,2,0.000763006676633328,0.9442756012805185,0.22232609845468876,2.5,0.00028314012530598106,750,0
379,14,12,15,12,1,0,0.0015784147777611808,0.9448315029643819,0.13271361635721873,1.4,0.0005076212902420295,365,0
446,5,5,5,5,0,0,0.0005881718079012266,0.8821766123839997,0.33431190070217387,3.6,0.00019740404629396902,1107,0
389,4,4,8,14,4,10,0.0008628830381984459,0.9523954136306023,0.16677499306304816,1.75,0.00048772262876099445,389,0
126,2,1,2,1,0,0,0.00024603823084445755,0.9505834277661864,0.23994281393171163,2.5,0.0006854953262154552,240,0
769,8,5,8,5,0,0,0.0009239285436102203,0.952608457474531,0.11764745463122714,1.25,0.0003294136784804695,624,0
1909,1,1,1,1,0,0,0.00021525051374358587,0.9096567296633025,0.09478541505105977,1.0,0.00010404649792259828,2201,0
131,12,13,26,29,14,16,0.002583581224690238,0.9463838780039923,0.17936091348172856,1.8846153846153846,0.0011121474489089874,136,0
145,12,14,18,19,6,5,0.002005420873421161,0.9527081072272978,0.05072952485481206,0.2777777777777778,0.002522137901462694,38,1
561,3,3,5,6,2,3,0.0006021038944990554,0.986063250581914,0.13125828745831278,1.4,0.00029974924650420017,706,0
148,26,27,28,27,2,0,0.003213780840990605,0.9438517235609354,0.17015048184776346,1.7857142857142858,0.0011955724876460162,120,0
270,10,9,12,11,2,2,0.0014061669903959232,0.9500977340677863,0.23474266237822697,2.5,0.0005030973374300317,376,0
2103,2,2,2,2,0,0,0.00031461268375550055,0.9414606003722517,0.0955326481509511,1.0,0.00011055060649819393,2067,0
237,13,13,15,14,2,1,0.001724552265092463,0.9534410653109541,0.17080888050065907,1.8,0.0007859707711441313,206,0
1409,3,3,3,4,0,1,0.00041871476769976806,0.9680872011919367,0.12528816357345987,1.3333333333333333,0.00014693393664354836,1521,0
466,9,9,10,10,1,1,0.0010533089375458304,0.9417650258433631,0.15718233813410273,1.7,0.0003607753783833199,570,0
223,15,15,15,17,0,2,0.0017693686923258506,0.9610834355805059,0.14614015786080817,1.5333333333333334,0.0006704032043740785,249,0
109,32,35,40,43,8,8,0.004366946282559318,0.9464672808481474,0.1731351955761511,1.825,0.0015891060526724366,77,0
2698,1,1,1,1,0,0,0.00022176453587930203,0.9195284719876381,0.09365390858384959,1.0,7.858797264899574e-05,3187,0
1226,3,4,4,4,1,0,0.0006670830630785532,0.9808143345869447,0.12040204506916126,1.25,0.00025049614546001714,844,0
460,2,3,2,3,0,0,0.0003703346065499287,0.9544322104994695,0.09484012467654213,1.0,0.0005712171818879816,306,0
1919,2,1,2,1,0,0,0.00032130786179753395,0.9732644710812007,0.09536935093309254,1.0,0.00011678087990272021,1951,0
840,5,5,6,6,1,1,0.0007191318408101181,0.9379560911355963,0.15796682101212947,1.6666666666666667,0.0002635855223727626,815,0
7327,6,2,8,2,2,0,0.0009569119586733543,0.9839215658967094,0.1084662098212817,1.125,0.0003881419670502419,531,0
1230,2,2,2,2,0,0,0.00032704785862701645,0.9369932310790441,0.23681240525038144,2.5,0.0001173677675502145,1938,0
152,14,15,20,21,6,6,0.002494541490999887,0.9543891932983987,0.16051007934990233,1.7,0.0010680707885921835,145,0
1628,3,4,3,5,0,1,0.00041843920338706516,0.9758443460163521,0.09544736923321344,1.0,0.0001531527473274188,1446,0
711,6,4,6,4,0,0,0.0006862714980386708,0.9486580331638282,0.17412763222560898,1.8333333333333333,0.00023838641156473018,890,0
1600,2,2,2,2,0,0,0.00031665758699207737,0.9791698560025413,0.1425251129812194,1.5,0.00011386178019808668,2008,0
935,1,1,3,3,2,2,0.00040141038343937215,0.9596364317686181,0.09612317768615837,1.0,0.0002107159569010278,1043,0
1270,3,3,3,3,0,0,0.00039654343953936916,0.9765242360388631,0.15826898435085257,1.6666666666666667,0.00013982581480464105,1588,0
851,6,7,8,9,2,2,0.0008426586451362074,0.97843964654135,0.10786599491506998,1.125,0.0002876553431789863,733,0
531,12,12,12,12,0,0,0.0016495873499697757,0.9740928910255633,0.12000743688904598,1.25,0.0005901346735617323,289,0
234,6,10,7,10,1,0,0.0008161361073128452,0.8953715767298615,0.21166133794491962,2.2857142857142856,0.00039722049811298336,514,0
106,25,25,28,28,3,3,0.0029462149654271024,0.9633179536062906,0.14007102708695138,1.4642857142857142,0.0015200184975611528,83,0
2438,1,1,1,1,0,0,0.00022194569178561927,0.9031650309187443,0.09445882061534266,1.0,8.768600912173173e-05,2614,0
1913,1,1,1,1,0,0,0.0002172954169801627,0.9850752409238818,0.18877034471159634,2.0,8.47669094170982e-05,2732,0
1077,1,2,2,2,1,0,0.0002678983772001074,0.9699384872748383,0.09575971130705227,1.0,0.00016591789734446695,1326,0
1212,3,4,3,4,0,0,0.0003719878130319403,0.9570657680660276,0.15611163882419488,1.6666666666666667,0.00013997383784850314,1586,0
1921,7,7,7,7,0,0,0.0007824429094454012,0.9580397981458042,0.14840592886406548,1.5714285714285714,0.0003170195839379311,658,0
626,1,1,4,1,3,0,0.0004582075654157626,0.9697449603250489,0.23695740151841335,2.5,0.00016807628242374438,1308,0
108,7,7,14,15,7,8,0.0017903035969131253,0.9741580501050504,0.1296604095165306,1.3571428571428572,0.0012681471064779069,111,0
774,4,4,4,4,0,0,0.000695371857115982,0.9731774436875552,0.14100218503021048,1.5,0.0003722564127926924,552,0
1099,5,4,5,4,0,0,0.0005557911603393568,0.9671380321184285,0.11415296602719063,1.2,0.0001970395238567534,1110,0
139,21,22,21,22,0,0,0.0027997307972116737,0.981763631456455,0.18432910645045475,2.1904761904761907,0.0011300196090207925,133,0
193,4,3,5,5,1,2,0.0005881115283663588,0.9290430242433099,0.2550818831886222,3.0,0.000631096305218185,262,0
250,5,6,6,6,1,0,0.0008194468591485929,0.9342858270926487,0.2202450278079008,2.3333333333333335,0.0004996654164472345,379,0
1908,2,2,2,2,0,0,0.0002897070436429292,0.953538235976482,0.09520699422762746,1.0,0.00011900165621956871,1911,0
1076,1,1,1,1,0,0,0.00021986386490155648,0.9724141104173006,0.1906293365379637,2.0,0.00013094151222500222,1703,0
1816,1,1,1,1,0,0,0.00021525051374358587,0.9096567296633025,0.09478541505105977,1.0,0.00011287554638488674,2017,0
1131,2,1,3,2,1,1,0.0005084306084203494,0.8760761087357456,0.18277470075522098,2.0,0.00019314272322404797,1140,0
165,1,1,1,1,0,0,0.0002045995427634256,0.9769299210695959,0.09610834355816528,1.0,0.0004418511440328063,443,0
2439,1,1,1,1,0,0,0.00021525051374358587,0.9096567296633025,0.09478541505105977,1.0,8.145573571720545e-05,2870,0
1601,3,3,3,3,0,0,0.0005895397575296253,0.9311397023147181,0.0970087170007473,1.0,0.0002177266981597586,1010,0
1398,2,2,2,2,0,0,0.0003210547876037328,0.8717541506277209,0.18940753288426096,2.0,0.00011940177775340065,1904,0
2440,1,1,1,1,0,0,0.00030126860055223987,0.9235586778839586,0.09729666423970731,1.0,0.00015667061195240748,1409,0
1078,2,4,3,5,1,1,0.00043795466585959153,0.9562857340441051,0.09483948457932316,1.0,0.0002641574853763325,811,0
84,42,38,48,45,6,7,0.0054939415209510475,0.9510375199615643,0.15508167256345032,1.6875,0.00212494150989187,55,0
468,6,7,6,7,0,0,0.0006901959460481659,0.9316493986151558,0.23605159009000987,2.8333333333333335,0.00024516008228808706,865,0
7550,9,8,17,15,8,7,0.002109927065419711,0.9641961238549868,0.13876683564094403,1.4705882352941178,0.001211890710173392,116,0
606,4,2,4,2,0,0,0.000626417432909045,0.9915152537615615,0.2898314384326494,3.25,0.00023104882309158767,930,0
16,68,71,78,83,10,12,0.009355689485402234,0.9417150119681235,0.22101757271138808,2.371794871794872,0.004707642392717352,11,1
654,6,7,9,10,3,3,0.0008526151415581666,0.9830335104402312,0.12730114445173932,1.3333333333333333,0.0003219441761157739,646,0
2441,1,0,1,0,0,0,0.00022194569178561927,1.0,0.09445882061534266,1.0,8.768600912173173e-05,2615,0
419,14,15,14,15,0,0,0.002338435603546688,0.9679521467971912,0.13094770195450128,1.3571428571428572,0.0008542141261563196,192,0
841,5,4,7,6,2,2,0.0007456829626551519,0.9644114004845552,0.12307553841818573,1.2857142857142858,0.00026192455289813414,820,0
2442,1,1,1,1,0,0,0.00021525051374358587,0.9096567296633025,0.09478541505105977,1.0,8.145573571720545e-05,2869,0
153,8,5,26,23,18,18,0.0032278471754238545,0.9734314126914237,0.16023223711048104,1.6923076923076923,0.0012961070757323636,107,0
562,2,1,3,2,1,1,0.0006008190852325168,0.9223057024862789,0.25439997271281867,2.6666666666666665,0.000288615294277303,729,0
1910,2,1,2,1,0,0,0.00028131388720350245,0.939491213644306,0.09185432943496268,1.0,0.00011676903120955441,1952,0
1911,1,1,1,1,0,0,0.00022194569178561927,0.9531650309187444,0.18891764123068533,2.0,8.768600912173173e-05,2611,0
842,6,6,6,6,0,0,0.0007237921711357594,0.9508037667193155,0.14292719731021633,1.5,0.0002790288601574712,763,0
298,11,9,12,10,1,1,0.0012638151634886674,0.9622412665183556,0.1880562470234335,2.0,0.0005236727275457248,353,0
63,15,15,16,16,1,1,0.0019754374745967365,0.9649257016051743,0.13739430007644335,1.4375,0.0014808352143258557,85,0
1210,5,6,6,6,1,0,0.0007091455696733125,0.9656027532700437,0.0485701329471212,0.5,0.00033456837178870983,613,0
908,3,2,3,2,0,0,0.0003359150852219062,0.9614549956218966,0.24572208100413415,2.6666666666666665,0.00012159453749398908,1864,0
1080,2,1,2,1,0,0,0.00023495475111366882,0.9031650309187443,0.27363425153326004,3.0,9.326106367982178e-05,2442,0
353,16,18,16,18,0,0,0.0015188326266368753,0.941536943174644,0.1544014064779933,1.625,0.0005533055725727276,330,0
2444,1,0,1,0,0,0,0.00019519323386908954,1.0,0.09570657680668283,1.0,7.94511530219808e-05,2983,0
986,5,5,6,6,1,1,0.0006848943922918516,0.9649100106954359,0.11207026216153222,1.1666666666666667,0.00025045539900172414,845,0
1603,1,3,3,6,2,3,0.0005230397244164665,0.9610538702005803,0.09750255450114582,1.0,0.00018834729267330977,1167,0
500,6,7,6,7,0,0,0.0006837900049350968,0.9663218715307107,0.20193838683541268,2.1666666666666665,0.00033436700306173063,614,0
469,4,0,5,0,1,0,0.0005369020973910116,1.0,0.5691797707528633,6.2,0.0003655336609866554,563,0
401,7,8,10,12,3,4,0.0011679028054877234,0.9503532123696784,0.15010502378407603,1.6,0.0005644890033651507,315,0
138,5,5,7,5,2,0,0.0008493214480321458,0.9516589642183816,0.25860619285692793,2.7142857142857144,0.0008127716852803822,200,0
1402,4,3,4,4,0,1,0.0007825748914391992,0.9162354612684167,0.0953508741980152,1.0,0.0002338632842317768,912,0
1214,3,1,3,1,0,0,0.0004353917633638677,0.9845261490227494,0.16154602827961087,1.6666666666666667,0.0001598997617922151,1385,0
1602,1,1,1,1,0,0,0.00021525051374358587,0.9596567296633025,0.28435624515317925,3.0,8.145573571720545e-05,2861,0
987,3,2,3,2,0,0,0.00036727394501434764,0.9520273105051937,0.2144196019049165,2.3333333333333335,0.00013243203936246092,1683,0
1400,2,2,2,2,0,0,0.00040707287441238687,0.9601968234826072,0.19033656304286767,2.0,0.00019461665398860266,1128,0
311,7,7,10,8,3,1,0.0013439439177676494,0.9513415808150139,0.2245617303147574,2.4,0.000543018456665781,338,0
365,8,8,12,12,4,4,0.0016105589936001555,0.9652173950136185,0.13527438323750662,1.4166666666666667,0.00062544767915495,266,0
988,4,4,4,5,0,1,0.00052155800901518,0.9360286570530274,0.11896742833091085,1.25,0.00023625027904048787,896,0
438,3,6,4,7,1,1,0.00045655561969750537,0.9698151932826543,0.11800303254745641,1.25,0.00029050460930182527,726,0
2445,1,1,1,1,0,0,0.00021193765069124794,0.610508786355694,0.09417150119688227,1.0,8.305898874852751e-05,2803,0
1914,2,3,2,3,0,0,0.0003171256783863438,0.9778494875186964,0.09611044907839292,1.0,0.00012324682662315863,1828,0
354,2,2,4,2,2,0,0.0006534320589928803,0.969225789359095,0.5092949908340544,5.5,0.0002542220427053183,837,0
656,3,3,3,3,0,0,0.0003395994187287647,0.9230669689033094,0.37163557089141763,4.0,0.0004912840883694038,386,0
771,4,3,4,3,0,0,0.00045655615564440714,0.965102778319418,0.23187968240669599,2.5,0.0001686188240936616,1303,0
844,3,4,4,5,1,1,0.0005850008501649695,0.9636022595359336,0.21460241805336608,2.25,0.00021901055742262567,1000,0
200,7,4,7,4,0,0,0.0011444202951673835,0.9611110390384563,0.28546168162735563,3.142857142857143,0.0005874438029731192,294,0
607,5,4,5,4,0,0,0.000649288938980642,0.9654825015121472,0.24233541234349576,2.6,0.00027844099566796086,766,0
2446,1,1,1,1,0,0,0.00022176453587930203,0.9195284719876381,0.09365390858384959,1.0,7.858797264899574e-05,3192,0
846,2,1,2,1,0,0,0.00020854759417804878,0.9796885347501917,0.2754674958034066,3.0,0.0001589328121246017,1392,0
847,3,2,3,2,0,0,0.00047778094060285913,0.952052064133789,0.2774324160670104,3.0,0.00021885664465670556,1002,0
1606,2,3,2,3,0,0,0.0002962505739852167,0.932264698389571,0.14682582259448518,1.5,0.00012305238878733977,1834,0
224,18,18,19,20,1,2,0.0029841058546211155,0.9652982883694949,0.12798050743867972,1.368421052631579,0.0012636349892187664,112,0
503,7,6,7,6,0,0,0.0008385188744202747,0.916790321663279,0.18745496318566898,2.0,0.00038870564189435954,530,0
437,6,6,8,12,2,6,0.0009433627427399138,0.957463472141743,0.21351857800177976,2.25,0.0003417337562397137,603,0
3480,0,1,0,1,0,0,0.0001161414179254723,0.9918222725574232,0.0,0.0,4.9739967085536536e-05,3775,0
2447,1,1,1,1,0,0,0.00022194569178561927,0.9031650309187443,0.09445882061534266,1.0,8.768600912173173e-05,2613,0
149,22,21,23,22,1,1,0.0025040171737808472,0.9712455028312916,0.1532423805967986,1.608695652173913,0.0011570634471557652,127,0
2443,1,1,1,1,0,0,0.00022194569178561927,0.9031650309187443,0.09445882061534266,1.0,8.768600912173173e-05,2612,0
129,14,93,15,93,1,0,0.0014234300408446717,0.905619364902999,0.3433356378377677,3.6666666666666665,0.0006090724941914869,272,0
1607,2,2,2,2,0,0,0.00032792736497728835,0.9518516153884524,0.14454053191394264,1.5,0.00010898021872395058,2094,0
1916,2,2,2,2,0,0,0.0003271969408949411,0.9725347813589873,0.0946694279282847,1.0,0.00012219488859258512,1851,0
504,5,4,8,7,3,3,0.0008626666199282898,0.9621936223951313,0.1857432538955212,2.0,0.000337139124956857,609,0
7401,2,0,3,0,1,0,0.0003483174425555402,1.0,-0.11222774936546666,-1.6666666666666667,0.00012206042244303816,1857,0
1605,1,0,2,2,1,2,0.0004669794966082167,0.9573274984662866,0.1415977982764042,1.5,0.00020863152987320497,1056,0
909,6,6,6,6,0,0,0.0007490863255611614,0.9882171735091511,0.12927100627438243,1.3333333333333333,0.00027829448865511534,767,0
655,8,8,8,8,0,0,0.0010092384530219602,0.9603852709769904,0.14343216885178045,1.5,0.0003544090770063766,583,0
236,14,15,15,17,1,2,0.0017479926561668846,0.976415538288156,0.18663237209176584,2.066666666666667,0.0006943500557875353,236,0
502,5,5,5,5,0,0,0.0005293165619546362,0.9214350307642445,0.30081627889578666,3.2,0.0002114211859435543,1041,0
770,3,2,3,2,0,0,0.00033431692112558344,0.9600497200812281,0.2787876365577184,3.0,0.0001690809204682841,1300,0
2448,1,1,1,1,0,0,0.0001955385348499993,0.9796885347501917,0.09812530915563578,1.0,7.937879011849086e-05,3072,0
843,2,0,2,0,0,0,0.00023495475111366882,1.0,0.41532248245627407,4.5,9.326106367982178e-05,2443,0
845,4,3,4,3,0,0,0.0005209594137014279,0.9586892887418407,0.2086400461421475,2.25,0.00018158199079322486,1200,0
773,5,3,5,3,0,0,0.0005352543307628442,0.9499917705319862,0.18639984186272937,2.0,0.0002010672154717672,1090,0
366,4,4,11,9,7,5,0.0011405055680314454,0.977993250091212,0.1785143213418586,1.9090909090909092,0.00041232273421566083,487,0
167,7,7,24,27,17,20,0.0026165464788921225,0.9678949728858948,0.17365250571955182,1.8333333333333333,0.0009512906442868553,166,0
1922,2,2,2,2,0,0,0.0003175607686450777,0.929509842815972,0.09391270489036593,1.0,0.00011190699431198672,2040,0
1081,2,1,2,1,0,0,0.00021431172153616216,0.9777451229368438,0.2737738908682046,3.0,8.1667163558839e-05,2851,0
150,16,18,28,32,12,14,0.003205984809267518,0.9473809928494201,0.14450975412631242,1.5357142857142858,0.0014595989794182293,88,0
1219,2,1,2,1,0,0,0.00023379514486861772,0.9645955597496705,0.22879592624598077,2.5,8.721090266921799e-05,2621,0
1082,2,1,2,1,0,0,0.00023495475111366882,0.7468349690812557,0.27558269359581367,3.0,9.326106367982178e-05,2441,0
209,11,7,11,7,0,0,0.0012720398409280056,0.9801504789540517,0.1844592442419956,2.0,0.0007169958311517092,228,0
713,6,5,6,5,0,0,0.0006346316400617534,0.9751284102155728,0.17233869994519943,1.8333333333333333,0.0002392765240935605,886,0
470,4,3,4,3,0,0,0.0004624611509669328,0.9685911035379073,0.36738450359238434,4.25,0.00018816760325849244,1168,0
72,5,6,22,22,17,16,0.0022237350738797475,0.9698099507440526,0.15631988816428077,1.6363636363636365,0.0015659252050040716,80,0
2449,1,0,1,0,0,0,0.00020207574209883336,1.0,0.09698099507424414,1.0,7.927559802159504e-05,3155,0
990,6,5,6,5,0,0,0.00111725680946649,0.9791884303885446,0.1100621293549609,1.1666666666666667,0.00042695354789159374,467,0
215,13,11,14,12,1,1,0.0014648093577935898,0.9106438486751268,0.22027058019598053,2.357142857142857,0.0005880656959722547,293,0
322,4,5,7,9,3,4,0.0007318888598518354,0.9193456519346835,0.2758278556109229,3.0,0.0003006313986748843,703,0
2451,1,1,1,1,0,0,0.00021287111136076008,0.9733788097016007,0.09712455028313172,1.0,8.250388311962961e-05,2830,0
848,6,6,6,6,0,0,0.0009371736546703937,0.9519132881388725,0.14138333511609907,1.5,0.0003925496932125236,521,0
1917,2,2,2,2,0,0,0.00033134570531542903,0.9493575360125619,0.09486638161632059,1.0,0.00012243974669087462,1844,0
1083,6,7,6,7,0,0,0.0007163668739721428,0.9725177663214297,0.0955688016187386,1.0,0.00025913882207362,827,0
1611,5,4,5,4,0,0,0.0006923453591647594,0.9542035143292439,0.15363731343358716,1.6,0.00031345572976266336,669,0
2450,1,1,1,1,0,0,0.00035896760741466264,0.9072691591863222,0.09611110390382578,1.0,0.0001753355480624203,1260,0
2453,1,1,1,1,0,0,0.00022108453797176547,0.9813028499617783,0.09649257016046546,1.0,8.116397004299166e-05,2897,0
2454,1,1,1,1,0,0,0.00021525051374358587,0.9096567296633025,0.09478541505105977,1.0,8.145573571720545e-05,2868,0
1610,1,1,1,1,0,0,0.00021193765069124794,0.939491213644306,0.09417150119688227,1.0,0.00011281089906417768,2018,0
420,6,1,6,1,0,0,0.0007214477425335887,0.8903432703366975,0.30019884671620717,3.1666666666666665,0.0002628675179216883,817,0
991,3,2,3,2,0,0,0.0004261821557884243,0.9634029072623338,0.21680002931000145,2.3333333333333335,0.00013361681282968434,1669,0
169,19,20,21,24,2,4,0.00227774524281788,0.9255907442526253,0.1955504626081301,2.0952380952380953,0.000862125714986333,188,0
993,4,4,4,4,0,0,0.0006721493592277753,0.9646380020872206,0.165505869627471,1.75,0.00028534325764545876,740,0
21,13,15,18,19,5,4,0.002040343121864612,0.9539333796682677,0.17093625950124772,1.8333333333333333,0.0028670672239916872,31,1
1613,2,2,2,2,0,0,0.0003771562334921139,0.9825070570332055,0.1427865699369383,1.5,0.00014798434884566458,1508,0
772,4,5,4,5,0,0,0.00041032487638848565,0.9486293978197637,0.23110366229534224,2.5,0.0001457133820120457,1535,0
2456,1,1,1,1,0,0,0.0002058457369590813,0.975364762427406,0.09527081072386251,1.0,7.95042243591534e-05,2981,0
441,9,8,10,8,1,0,0.0014608324271889457,0.9665549864329808,0.16364171002968922,1.8,0.000566893590054044,312,0
2455,1,0,1,0,0,0,0.00019606288409875552,1.0,0.09751450330611866,1.0,8.613486926537601e-05,2656,0
1927,2,1,2,1,0,0,0.00033561381052676063,0.9845261490227494,0.09702349565600918,1.0,0.00012943079451269135,1726,0
2458,1,1,1,1,0,0,0.0003059755731683388,0.9949689353225195,0.09791884303965252,1.0,0.00012265712742515772,1839,0
2457,1,1,1,1,0,0,0.0003059755731683388,0.9949689353225195,0.09791884303965252,1.0,0.00012265712742515772,1838,0
7582,7,3,7,3,0,0,0.0006708712948382171,0.941601139767841,-0.48505288942709396,-5.142857142857143,0.00023013924592865716,937,0
563,7,7,10,10,3,3,0.0011059415041590284,0.9695338204920181,0.12406933271709279,1.3,0.00045214410744805997,430,0
272,4,4,12,21,8,17,0.0011496499933992105,0.9072206281978915,0.14071286341917652,1.5,0.0010140545285583888,154,0
564,5,5,6,6,1,1,0.0007305673427597365,0.9563656695065974,0.18683606487137985,2.0,0.0003513391058239666,589,0
235,3,4,5,4,2,0,0.0005448486783067047,0.9176307626854656,0.2782322882182043,3.0,0.00041985686766278247,474,0
2459,1,1,1,1,0,0,0.00022176453587930203,0.9195284719876381,0.09365390858384959,1.0,7.858797264899574e-05,3191,0
1085,2,2,2,2,0,0,0.00022825957307163536,0.9560055446277906,0.27590928803153075,3.0,8.703079027529549e-05,2624,0
1915,1,2,1,2,0,0,0.00020448254427424755,0.8036227444859732,0.09333657365262817,1.0,0.00010562905955242724,2170,0
7437,2,0,2,0,0,0,0.0003725733884274277,1.0,-0.39542558693066837,-4.5,0.00016610964786728462,1324,0
2465,1,1,1,1,0,0,0.00021525051374358587,0.9096567296633025,0.09478541505105977,1.0,8.145573571720545e-05,2867,0
1928,1,2,2,2,1,0,0.0002751120326106943,0.9618205894678734,0.09362313152922622,1.0,0.00010985044457151847,2079,0
1222,5,5,5,5,0,0,0.0006754180367302352,0.9636038796033835,0.09572352583117547,1.0,0.000244361097999282,867,0
534,8,9,8,9,0,0,0.0009396198817544275,0.9440316013373062,0.1773966960596454,1.875,0.0003432274996570362,597,0
1404,1,1,4,4,3,3,0.0004901395460315683,0.9638721464453391,0.0945083426012586,1.0,0.00017410093499411027,1270,0
2464,1,1,1,1,0,0,0.00024286948298493134,0.9860097462806602,0.09652982883675615,1.0,0.00010380686717789141,2212,0
657,6,5,8,8,2,3,0.0010381844912050095,0.9601985250974169,0.13816738734148074,1.5,0.0004275615986100954,464,0
658,5,5,5,5,0,0,0.0005130520791829774,0.9054333894517945,0.2208669302228948,2.4,0.00018798391259621807,1173,0
715,8,10,11,12,3,2,0.0015590531383714026,0.9477488859573102,0.09521755976040373,1.0,0.000535265188987196,343,0
1221,3,3,3,3,0,0,0.0003894327264848331,0.9679569846004042,0.096122996263501,1.0,0.0001568674777003036,1407,0
1215,1,0,1,0,0,0,0.00012915047725352183,1.0,0.4528096824511775,5.0,5.531502164362658e-05,3739,0
565,6,5,6,5,0,0,0.0006898326326558441,0.9777317824616705,0.21958695439403994,2.3333333333333335,0.00023268482399985596,921,0
659,2,1,2,1,0,0,0.00020907194342680507,0.9740310474061512,0.22988112463353033,2.5,0.0001280329835462176,1747,0
3516,6,4,7,4,1,0,0.0007337533738322852,0.959793374219583,0.15178093210076593,1.5714285714285714,0.00033166514379033416,619,0
2460,1,1,1,1,0,0,0.00020489843982101144,0.9613016519701774,0.0944031601338071,1.0,7.619905185027507e-05,3333,0
1088,4,4,4,4,0,0,0.0005116933016458933,0.9542577380469986,0.14400707285703382,1.5,0.00018464991403237203,1184,0
1608,1,0,1,0,0,0,0.00012915047725352183,1.0,0.2716858094707065,3.0,5.531502164362658e-05,3751,0
1925,1,1,1,1,0,0,0.00021193765069124794,0.9894912136443059,0.18834300239376453,2.0,8.305898874852751e-05,2807,0
252,13,13,21,23,8,10,0.0025393888338210136,0.9694869869121875,0.14212546489005667,1.5238095238095237,0.0009324443352519752,172,0
2466,1,1,1,1,0,0,0.00027061264916635575,0.9577703778790022,0.0980150478953766,1.0,9.032767676791492e-05,2528,0
2462,1,1,1,1,0,0,0.00024286948298493134,0.8139902537193399,0.09652982883675615,1.0,0.00010380686717789141,2208,0
1609,1,0,1,0,0,0,0.00012915047725352183,1.0,0.2716858094707065,3.0,5.531502164362658e-05,3750,0
175,14,14,24,24,10,10,0.0026598136755735997,0.96425227523803,0.15510326212556524,1.625,0.001011072259847291,155,0
440,2,1,3,1,1,0,0.00033023637162805453,0.8468349690812557,0.31053591086410437,3.3333333333333335,0.0002196026132500873,996,0
42,16,15,33,33,17,18,0.0033244127191342826,0.9300471730058357,0.14691628713326002,1.5454545454545454,0.002481808498597611,40,1
2469,1,1,1,1,0,0,0.0002058457369590813,0.975364762427406,0.09527081072386251,1.0,7.95042243591534e-05,2980,0
2468,1,1,1,1,0,0,0.00021525051374358587,0.9096567296633025,0.09478541505105977,1.0,8.145573571720545e-05,2866,0
1090,4,4,4,4,0,0,0.0006345778397994094,0.957325011658035,0.14290602829326682,1.5,0.00022418024331644066,970,0
1926,1,2,1,2,0,0,0.00018819959888725563,0.9249826671551467,0.17577693232394584,2.0,7.472553892920439e-05,3415,0
1224,2,2,3,3,1,1,0.0004041547182497551,0.984334907742697,0.12888809077001015,1.3333333333333333,0.00018960077535684167,1159,0
2467,1,1,1,1,0,0,0.00021525051374358587,0.9096567296633025,0.09478541505105977,1.0,8.145573571720545e-05,2865,0
443,4,5,5,7,1,2,0.0006053398543152303,0.9129494079546392,0.20065317797168736,2.2,0.0003594274049815791,571,0
2471,1,1,1,1,0,0,0.00024286948298493134,0.9860097462806602,0.09652982883675615,1.0,0.00010380686717789141,2211,0
1220,2,3,2,3,0,0,0.00022986251638873923,0.9851999508488111,0.2298243864193204,2.5,9.898862031247551e-05,2309,0
1930,2,4,2,4,0,0,0.00029633404790375034,0.9291544615805034,0.09579771338831095,1.0,0.0001142220395643418,2000,0
997,2,1,2,1,0,0,0.0002619266312652828,0.9206916675580495,0.32391086620143145,3.5,0.00011080356369045646,2058,0
996,3,2,3,2,0,0,0.0003241120540013004,0.9615474449378976,0.22101353907383672,2.3333333333333335,0.00011902463736508377,1910,0
2472,1,2,1,2,0,0,0.00024286948298493134,0.9781606057652342,0.09652982883675615,1.0,0.00010380686717789141,2207,0
2470,1,1,1,1,0,0,0.0002509781274794953,0.9785469858533666,0.09573250116579006,1.0,9.735444657598836e-05,2348,0
1091,2,2,2,2,0,0,0.00031104674650936153,0.9754260283461957,0.283435374371913,3.0,0.00011477475738019642,1986,0
717,6,6,6,6,0,0,0.0008275275887363797,0.9753064302806518,0.17095095915534175,1.8333333333333333,0.000324463203557674,635,0
100,4,4,8,8,4,4,0.001126395515169552,0.9392810945883858,0.24763364547000472,2.625,0.0011705487712215983,124,0
355,9,9,12,11,3,2,0.001399582800642467,0.9543982750092729,0.180912788225516,1.9166666666666667,0.00047913577066372267,396,0
1093,3,2,3,2,0,0,0.00031960292348363586,0.9640094345779355,0.1844649271626484,2.0,0.00012368093779905936,1819,0
2474,1,1,1,1,0,0,0.00020489843982101144,0.9613016519701774,0.0944031601338071,1.0,7.619905185027507e-05,3332,0
1413,3,3,4,3,1,0,0.0004952430069406187,0.9764732583777929,0.09717941944783302,1.0,0.0001938128890089686,1135,0
718,9,8,9,8,0,0,0.001026614940602188,0.9749824309118017,0.1176574140035213,1.2222222222222223,0.00037971042063885394,539,0
716,13,14,16,16,3,2,0.0018969156770452552,0.9740102687749302,0.12580587090741258,1.3125,0.0008171253369168788,198,0
2476,1,1,1,1,0,0,0.00016267915386878066,0.9796435682904118,0.09072206282876542,1.0,6.930488882780872e-05,3580,0
994,4,5,9,10,5,5,0.001147250424475941,0.9724499523112949,0.10674472124255198,1.1111111111111112,0.0004397724673349541,446,0
473,11,11,11,11,0,0,0.0012299428417420826,0.9677693177059786,0.14737609603934618,1.5454545454545454,0.00043512258867282693,454,0
535,11,12,11,12,0,0,0.0012755330188874282,0.9588342718183678,0.13089996498087428,1.3636363636363635,0.00048495699606693535,391,0
472,7,9,8,9,1,0,0.0010228034639793466,0.9608257788417262,0.1822878755482496,1.875,0.00042271658512861343,471,0
2480,1,1,1,1,0,0,0.0002127684719175556,0.9588560622258752,0.09608257788412027,1.0,8.554246073004357e-05,2714,0
911,5,5,8,8,3,3,0.0009901136734470073,0.9804939695992411,0.09658070764484812,1.0,0.00037864148767409553,542,0
566,8,8,8,8,0,0,0.0009407179410350697,0.9487260398611832,0.166427180709171,1.75,0.00043178814648585817,457,0
1932,2,2,2,2,0,0,0.00034321075829517913,0.9426431961557171,0.09517737263621137,1.0,0.00013451716610388386,1654,0
382,16,14,18,16,2,2,0.0020684256682430434,0.9617776415767332,0.11728781951643856,1.2222222222222223,0.0007447264662839344,221,0
1228,1,1,1,1,0,0,0.00012915047725352183,0.9216678189188838,0.4528096824511775,5.0,5.531502164362658e-05,3732,0
536,16,16,17,19,1,3,0.002177730507946482,0.9661092763182033,0.1248387306766389,1.2941176470588236,0.0008694433640980809,184,0
507,12,13,16,17,4,4,0.0018171766864112247,0.9570298166899905,0.11476540199660878,1.1875,0.0006827922513388952,241,0
609,10,10,10,10,0,0,0.0011138863863038777,0.9697553433001613,0.12294468897686957,1.3,0.00041205237337529096,488,0
1096,2,2,3,3,1,1,0.00040809005259398256,0.937984516331547,0.18869157764814895,2.0,0.00018806075099657646,1170,0
1095,5,5,5,5,0,0,0.0006433620388384468,0.9691659527917956,0.11569371746774533,1.2,0.00022226903984564285,975,0
2482,1,1,1,1,0,0,0.00023554947254965337,0.9592238583808177,0.09556126203575892,1.0,8.912072502788364e-05,2564,0
2478,1,1,1,1,0,0,0.00023337991853499267,0.9645245204223292,0.09753064302830866,1.0,9.583537955256663e-05,2379,0
201,5,4,7,6,2,2,0.0007856484043338558,0.9579351350563508,0.2940951162199794,3.5714285714285716,0.0004753240944072954,405,0
506,1,1,1,1,0,0,0.00022743973428313567,0.6470475581099897,0.9579351350601386,10.0,0.00027483319746491117,775,0
1089,4,3,4,3,0,0,0.00046725000377130293,0.9711146183001601,0.14029913219005666,1.5,0.00019189148153679188,1148,0
910,3,2,3,2,0,0,0.0003167176979095887,0.9836365957031468,0.24757077822409554,2.6666666666666665,0.00011697279774279296,1945,0
2477,1,0,1,1,0,1,0.00025795596349464776,0.9897989774654193,0.09808143345888927,1.0,0.00010280409840714912,2248,0
381,2,3,3,3,1,0,0.0004384250370604301,0.8362200827458683,0.34864070578371226,3.6666666666666665,0.00030315181196644285,694,0
998,3,2,3,2,0,0,0.00038286875410301817,0.9797894663651818,0.21405158537146132,2.3333333333333335,0.00015184724296354188,1463,0
1227,1,3,1,4,0,1,0.00012915047725352183,0.8094788168784627,0.4528096824511775,5.0,5.531502164362658e-05,3731,0
422,12,10,12,10,0,0,0.0012936832642222596,0.9772537634652043,0.1424058723170366,1.5,0.0004993262535840313,380,0
1416,1,1,1,1,0,0,0.00012915047725352183,0.8968349690812556,0.362247745960942,4.0,5.531502164362658e-05,3728,0
1618,3,3,3,3,0,0,0.000447084056292772,0.9743076004876998,0.0955742392367775,1.0,0.00016225649396730461,1361,0
775,8,8,8,8,0,0,0.0014936947236275809,0.9256814189213993,0.13346603849992658,1.375,0.000590646430879874,288,0
323,9,9,13,13,4,4,0.0016023631564211613,0.9381053901870474,0.20267713164644738,2.1538461538461537,0.000604839685897096,279,0
7371,6,6,7,6,1,0,0.0008171660403570807,0.9688846771025361,-0.018644652615971435,-0.2857142857142857,0.0003234835539902012,638,0
7569,5,4,5,4,0,0,0.0005240101853713098,0.8731366875682,-0.5539265667052456,-6.0,0.00020000932624813754,1092,0
533,3,3,3,3,0,0,0.0005046707407057598,0.9861850646419824,0.38445041621848425,5.0,0.00020366497811382037,1077,0
1933,2,0,2,0,0,0,0.0003013053629986538,1.0,0.09461599224139008,1.0,0.00010589270725621205,2167,0
1619,3,3,3,3,0,0,0.0003769910174032886,0.9257723294379795,0.0954735430107128,1.0,0.00015628293805263445,1411,0
1216,1,1,1,1,0,0,0.00012915047725352183,0.9716678189188839,0.4528096824511775,5.0,5.531502164362658e-05,3733,0
1098,5,6,5,6,0,0,0.0006289968478901577,0.934040131776456,0.1144130823263733,1.2,0.0002283172866598248,947,0
194,3,1,4,1,1,0,0.0007141864767583314,0.9999502383958823,0.20792396489602682,2.25,0.0007776530882744145,210,0
1094,2,2,3,2,1,0,0.0004054450384768724,0.9566217598018052,0.12561149677945324,1.3333333333333333,0.00020240235237269612,1084,0
992,5,5,5,5,0,0,0.0006029645203427938,0.9802727547204569,0.13348906246589257,1.4,0.00022150799280874376,986,0
529,7,7,8,8,1,1,0.0009918870599325482,0.9718845048358412,0.12063064439342414,1.25,0.0005128193135462707,362,0
442,11,15,11,15,0,0,0.0012156689109485272,0.9278948700708392,0.1565013996334992,1.6363636363636365,0.0004560805753599735,422,0
2484,1,1,1,1,0,0,0.0002288578951295659,0.9549948257210192,0.0938256518111889,1.0,9.284296191846796e-05,2446,0
339,9,9,12,11,3,2,0.001458587419426873,0.9382565181125263,0.19001034855796164,2.0,0.0005572166173682662,324,0
2485,1,1,1,1,0,0,0.00021525051374358587,0.9096567296633025,0.09478541505105977,1.0,8.145573571720545e-05,2864,0
1614,1,0,1,0,0,0,0.00012915047725352183,1.0,0.2716858094707065,3.0,5.531502164362658e-05,3730,0
2483,1,1,1,1,0,0,0.00022108453797176547,0.9813028499617783,0.09649257016046546,1.0,8.116397004299166e-05,2896,0
1935,2,3,2,3,0,0,0.0002866165933079352,0.8583882606539679,0.09456978640498903,1.0,0.00011099113735604278,2053,0
1938,2,2,2,2,0,0,0.0002978520540722299,0.9458256664662797,0.09475765955789395,1.0,0.00011440755103777494,1993,0
1406,1,0,1,0,0,0,0.00012915047725352183,1.0,0.362247745960942,4.0,5.531502164362658e-05,3749,0
2487,1,2,1,2,0,0,0.0002533828746902962,0.9282435158348886,0.09793111434194178,1.0,0.0001029289429605019,2244,0
1621,2,2,2,2,0,0,0.0003229247869926631,0.9793111434171367,0.14119759084248248,1.5,0.00012526865346120113,1804,0
1918,2,2,2,5,0,3,0.0002486186273250567,0.9620223701725654,0.09712618367537298,1.0,9.946976666310699e-05,2304,0
1420,2,1,2,1,0,0,0.0003477979257163604,0.9672470651862645,0.09539328890131524,1.0,0.00016795480019740836,1309,0
1086,2,1,3,2,1,1,0.0005119298937318532,0.9536701177761111,0.184273167544987,2.0,0.00020342432486438085,1081,0
1218,3,1,4,2,1,1,0.00043901563023894893,0.9536701177761111,0.11798982112692084,1.25,0.0001490280365942324,1501,0
324,10,12,12,16,2,4,0.0014571204280056942,0.9778480351886826,0.19816968149508143,2.0833333333333335,0.000576881065396077,302,0
216,5,6,7,7,2,1,0.0007939277519706636,0.9774953481804856,0.1778526617058648,1.8571428571428572,0.0006217432379874839,268,0
2475,1,1,1,1,0,0,0.00026387335660672893,0.9205010925151053,0.09731774436871304,1.0,8.929692344958803e-05,2557,0
421,1,1,1,1,0,0,0.00022150616575920736,0.989684677803288,0.0971884504836273,1.0,0.00018652289061919314,1177,0
1936,2,2,2,2,0,0,0.0003290500292465716,0.9548116473735112,0.0957550221860129,1.0,0.00011847429868902279,1917,0
537,8,8,8,8,0,0,0.0008032303911951761,0.9586779219397131,0.17646086433348093,1.875,0.0002882734088336346,731,0
2488,1,1,1,1,0,0,0.00022176453587930203,0.9195284719876381,0.09365390858384959,1.0,7.858797264899574e-05,3190,0
1624,2,2,2,2,0,0,0.0003908126514825428,0.9484413780952298,0.09411261080632514,1.0,0.00020554877838021386,1070,0
1419,3,3,3,3,0,0,0.0005602128650737143,0.9696482111318223,0.1262378884178954,1.3333333333333333,0.0002320409063480488,926,0
1225,2,1,2,1,0,0,0.00023477359520735153,0.9195284719876381,0.2279508272723958,2.5,8.416302720708579e-05,2766,0
1615,2,5,2,5,0,0,0.00035299419719631416,0.9594901630634136,0.14286278729817692,1.5,0.0001320132885226654,1691,0
1931,2,4,2,4,0,0,0.0003042304437031358,0.9585358680993716,0.09732128893775684,1.0,0.000124917120296222,1809,0
1940,1,1,1,1,0,0,0.00019353307527779237,0.9990848407475407,0.19556960703737108,2.0,8.0479783152308e-05,2947,0
2490,1,1,1,1,0,0,0.00023579342393922447,0.9261831772649977,0.09392810945870439,1.0,8.177499238146554e-05,2849,0
299,9,9,15,15,6,6,0.0016050874231646518,0.9670313453073027,0.1624172844916705,1.7333333333333334,0.0005928102771143549,287,0
1942,2,2,2,2,0,0,0.00028941667854829337,0.9793129011525816,0.09753700392375661,1.0,0.00011247551114445484,2028,0
1399,2,2,2,2,0,0,0.00029889696731259905,0.9470974922051232,0.18923089461622863,2.0,0.0001191628760731184,1908,0
714,2,2,2,2,0,0,0.00031392964657209904,0.8198513127210475,0.5047973395805615,5.5,0.0001096955419354624,2086,0
274,2,2,10,8,8,6,0.001153660498642609,0.9377111549877263,0.21120652191823192,2.3,0.0005229762290954627,354,0
610,5,5,7,5,2,0,0.0008151419514853452,0.9604762320327743,0.12002427081346885,1.2857142857142858,0.00034161342472873856,604,0
2481,1,1,1,2,0,1,0.00021990788661813544,0.9618863825808935,0.0951037519961871,1.0,8.980243441739598e-05,2546,0
1232,4,5,4,5,0,0,0.0006308533803930312,0.9785613578814377,0.11981035448123145,1.25,0.00023510887460075677,903,0
403,7,9,18,21,11,12,0.0020214707101007096,0.9699067416774412,0.10059134831699576,1.0555555555555556,0.0007311745862690279,224,0
7402,5,4,5,4,0,0,0.0006006617319496111,0.9637591915547233,-0.09095426037100217,-1.0,0.000226662648092516,957,0
340,11,10,14,13,3,3,0.0018326517813988447,0.9770849749572144,0.16315633350301156,1.7142857142857142,0.0007016456913184285,232,0
767,1,0,2,0,1,0,0.00030576044613678504,1.0,0.421228869254778,4.5,0.000127496016633851,1764,0
48,13,15,56,59,43,44,0.006167308201730798,0.9432277759382889,0.19369030419932637,2.0357142857142856,0.0022326280993909264,46,1
444,10,11,15,16,5,5,0.0015201371847782998,0.9469423512456729,0.145236699909162,1.5333333333333334,0.0006267770070805171,264,0
2492,1,1,1,1,0,0,0.00021525051374358587,0.9596567296633025,0.09478541505105977,1.0,8.145573571720545e-05,2860,0
7511,4,3,4,3,0,0,0.0005150223826828877,0.9175328667805714,-0.35238238560163027,-3.75,0.00019389513025409728,1133,0
467,7,7,11,11,4,4,0.0013658033764956498,0.9822301757917062,0.12272981679927947,1.2727272727272727,0.0005167983117345063,360,0
2494,1,1,1,1,0,0,0.0002748070070943115,0.9832669807500367,0.09256814189262698,1.0,0.00011263045665877632,2022,0
1920,1,1,2,2,1,1,0.00031493229449875625,0.9659759558709092,0.09602407697003659,1.0,0.00011885834184125472,1913,0
159,4,6,4,7,0,1,0.00050258899653095,0.9163050894982018,0.20701011126426805,2.25,0.0006873964239634422,237,0
1234,3,2,3,2,0,0,0.0003885053732914874,0.9359867183553738,0.14940340938319654,1.6666666666666667,0.00014975222197079885,1493,0
7589,15,4,15,4,0,0,0.0015280079996918263,0.975749160536809,-0.3458283458179631,-3.7333333333333334,0.0005592148696025664,320,0
1412,1,0,1,0,0,0,0.00012915047725352183,1.0,0.362247745960942,4.0,5.531502164362658e-05,3745,0
423,3,2,5,8,2,6,0.0004901126394354968,0.9544916307275314,0.24436918536732852,2.6,0.00024249575695745314,875,0
273,5,5,9,9,4,4,0.0011711884179722433,0.9685777435690027,0.3117395465163012,3.3333333333333335,0.00047010284505350815,410,0
1623,3,2,3,2,0,0,0.0003884404724914955,0.9810098450597087,0.096026599121645,1.0,0.0001520869406340427,1461,0
1229,1,1,1,1,0,0,0.0002100195616237664,0.8210627324450284,0.4847434934593872,5.0,8.283668811150051e-05,2817,0
341,12,13,15,16,3,3,0.001757739338905024,0.9617874546303898,0.15293588104580055,1.6,0.0006378089031712607,259,0
111,1,2,1,2,0,0,0.00021525051374358587,0.9683712783771605,0.09478541505105977,1.0,0.0007078030771986893,230,0
912,4,5,5,6,1,1,0.0006824379224464536,0.9891684179891733,0.1511218890845262,1.6,0.0002593549338911367,826,0
1415,2,2,2,2,0,0,0.0003008046650622981,0.9549759161856455,0.13854330218236272,1.5,0.00012084701902006752,1872,0
1945,1,0,1,0,0,0,0.0002359932672068802,1.0,0.19541699499233703,2.0,9.5778377483072e-05,2383,0
2495,1,1,1,1,0,0,0.00021685345706068968,0.9870970645462938,0.0974010268776988,1.0,9.341356575438546e-05,2436,0
181,15,17,22,26,7,9,0.0025373740858975922,0.9196073301421764,0.18052205266886473,1.9090909090909092,0.0009533145378239115,164,0
1408,1,0,1,0,0,0,0.00012915047725352183,1.0,0.362247745960942,4.0,5.531502164362658e-05,3744,0
1097,1,0,1,0,0,0,0.00012915047725352183,1.0,0.543371618941413,6.0,5.531502164362658e-05,3734,0
1092,1,0,1,0,0,0,0.00012915047725352183,1.0,0.543371618941413,6.0,5.531502164362658e-05,3735,0
313,4,4,10,10,6,6,0.001103906287176137,0.9305279182302092,0.24345650749216924,2.6,0.0004143176620328944,484,0
187,4,4,7,5,3,1,0.0007210095265508555,0.9773265000715314,0.1501029888197487,1.5714285714285714,0.0005502089994537771,332,0
850,9,9,9,9,0,0,0.0010622887109277557,0.9761689180303021,0.0960352896435221,1.0,0.0003660923365669278,561,0
1421,1,1,1,1,0,0,0.00022176453587930203,0.630471528012362,0.09365390858384959,1.0,0.0001248219277619466,1810,0
2486,1,1,1,1,0,0,0.00020740928777091341,0.9645318702493761,0.09539333796669484,1.0,7.648761946535408e-05,3317,0
508,8,9,8,9,0,0,0.0008980334055823541,0.9174319865695054,0.188142788302476,2.0,0.00031357584230250993,668,0
567,3,3,3,3,0,0,0.0004188091089569039,0.9302458683486503,0.44356459819807287,4.666666666666667,0.0001638326955393587,1345,0
89,2,1,26,26,24,25,0.0031171205949947333,0.9332915003516992,0.11083847192315065,1.1538461538461537,0.0018278969974936349,67,0
1943,2,0,2,0,0,0,0.00029509447321140043,1.0,0.0949765274057538,1.0,0.00012010915982008138,1893,0
662,2,3,2,3,0,0,0.0003947480772351896,0.8673983108273401,0.5490430153142366,6.0,0.0001530753791234486,1448,0
1100,4,4,4,4,0,0,0.0005065908493542393,0.963466608766894,0.1453195503462554,1.5,0.00019145907528812407,1150,0
447,7,7,10,10,3,3,0.0011406869988734253,0.954495370648195,0.22008906294748437,2.3,0.0004548304346374975,425,0
445,5,5,5,6,0,1,0.0006131450361965054,0.913259234512277,0.32890155869074705,3.6,0.00023397573106316978,911,0
568,9,11,11,13,2,2,0.0012018626574530791,0.9685636561741305,0.12315516183639369,1.2727272727272727,0.00041395262966333713,485,0
1625,2,3,3,4,1,1,0.0004662807969919915,0.9437799856575395,0.09630373741186914,1.0,0.00018791873251053728,1174,0
325,1,2,2,3,1,1,0.00040792370722883043,0.9701504733609607,0.3973670345210347,5.5,0.00020223892885754807,1085,0
913,3,3,3,3,0,0,0.0005724288905734072,0.9837587271339782,0.09756086381845029,1.0,0.00030976534234162606,681,0
225,10,12,10,12,0,0,0.0010893192711117763,0.9380237372990876,0.1422222559963701,1.5,0.0006736980050971553,248,0
1101,5,5,5,5,0,0,0.0005570215496205001,0.972963546596832,0.11250232719769712,1.2,0.0002058650277646902,1067,0
1947,2,2,2,2,0,0,0.0002632558969045404,0.9688100506199976,0.09267075747039713,1.0,0.00010230247134919698,2262,0
1405,4,4,4,4,0,0,0.0006393842203040686,0.9495557402731779,0.09565795164901833,1.0,0.00022681083393831928,956,0
1079,2,1,2,1,0,0,0.0002649939893998616,0.9978289758245091,0.2738826282393175,3.0,0.00010351390514787553,2224,0
1233,1,1,1,1,0,0,0.00021525051374358587,0.9596567296633025,0.18957083010211953,2.0,0.00011783479830009916,1928,0
1950,2,2,2,2,0,0,0.0004993757345241315,0.9328487856183277,0.09749725697107449,1.0,0.00021238349215321514,1033,0
1629,3,4,3,4,0,0,0.0007621202708631375,0.9515343405996826,0.09547027900202813,1.0,0.00032403736456988584,636,0
7413,4,3,4,3,0,0,0.000780171449076283,0.9984107988240295,-0.16407513652871705,-1.75,0.0003295319558942396,623,0
1949,2,2,2,2,0,0,0.0004993757345241315,0.9328487856183277,0.09749725697107449,1.0,0.00021238349215321514,1034,0
2499,1,1,1,1,0,0,0.00022176453587930203,0.9195284719876381,0.09365390858384959,1.0,7.858797264899574e-05,3188,0
2497,1,1,1,1,0,0,0.00022176453587930203,0.9195284719876381,0.09365390858384959,1.0,7.858797264899574e-05,3189,0
995,2,3,2,4,0,1,0.0003169472098237816,0.9264109805658096,0.13613329870500845,1.5,0.00015460000750849487,1427,0
2496,1,0,1,0,0,0,0.00018966217891362453,1.0,0.09129494079675216,1.0,7.744615828621583e-05,3253,0
1946,1,1,1,1,0,0,0.00022966993314530598,0.8949208826268785,0.09046141791079335,1.0,0.00012840127210567883,1745,0
569,4,4,5,5,1,1,0.0006508581473632621,0.9020785425187967,0.24740632879276028,2.8,0.00024096161916273916,878,0
2491,1,1,1,1,0,0,0.00018966217891362453,0.9496734110141564,0.09129494079675216,1.0,7.744615828621583e-05,3252,0
140,7,6,27,27,20,21,0.0029532315415480505,0.954117146086419,0.1661450337503028,1.7407407407407407,0.0010881858929331742,142,0
660,6,6,9,9,3,3,0.0009049264458628354,0.9686752673460732,0.10666608769112029,1.1111111111111112,0.00033931128549435116,606,0
1630,3,3,3,3,0,0,0.0003664565184235583,0.9787426715916544,0.0949615830031093,1.0,0.00015269535937263598,1453,0
1410,1,0,1,0,0,0,0.00012915047725352183,1.0,0.362247745960942,4.0,5.531502164362658e-05,3747,0
50,30,25,37,30,7,5,0.004178286042585588,0.9534497186528137,0.19468455299890436,2.054054054054054,0.0024318660122760113,42,1
1211,1,0,1,0,0,0,0.00012915047725352183,1.0,0.4528096824511775,5.0,5.531502164362658e-05,3740,0
1231,1,0,1,0,0,0,0.00012915047725352183,1.0,0.4528096824511775,5.0,5.531502164362658e-05,3736,0
404,13,14,17,18,4,4,0.0020709656361993034,0.957994363729298,0.10766328702806385,1.1176470588235294,0.0007851176163925192,207,0
1422,1,1,1,1,0,0,0.00012915047725352183,0.9468349690812556,0.362247745960942,4.0,5.531502164362658e-05,3729,0
914,2,2,5,5,3,3,0.000610603154767235,0.9595502714881575,0.15086713813390734,1.6,0.00021479007291496939,1024,0
1951,2,2,2,2,0,0,0.00031431148895633756,0.9792743024716677,0.09727017764691107,1.0,0.00011417127557724572,2004,0
1414,1,0,1,0,0,0,0.00012915047725352183,1.0,0.362247745960942,4.0,5.531502164362658e-05,3743,0
776,1,1,1,1,0,0,0.0002590901397920719,0.6922252081092422,0.9861850646341921,10.0,0.00010773594292231859,2126,0
1223,1,0,1,0,0,0,0.00012915047725352183,1.0,0.4528096824511775,5.0,5.531502164362658e-05,3737,0
1633,3,4,3,4,0,0,0.0004118533494469513,0.9855526693593616,0.0972941821747112,1.0,0.00015314648569953157,1447,0
88,4,3,5,5,1,2,0.0005529121727223925,0.941676323417677,0.2054361590228006,2.2,0.0010638709804946518,148,0
405,7,8,10,10,3,2,0.0010672307920740576,0.967951317327824,0.1827711856856149,2.0,0.00039366987400052736,518,0
1620,1,1,1,1,0,0,0.00023254821904075684,0.9715460154001008,0.18844107492411555,2.0,0.00012786571228729055,1755,0
2501,1,1,1,1,0,0,0.00027135195963196696,0.9681791449851553,0.09665549864319127,1.0,0.00011003830680946937,2077,0
356,6,5,9,10,3,5,0.0010066273820331228,0.8751577426280234,0.19940979458402308,2.111111111111111,0.00045764394268238157,421,0
1411,1,0,1,0,0,0,0.00012915047725352183,1.0,0.362247745960942,4.0,5.531502164362658e-05,3746,0
999,4,4,4,4,0,0,0.0004773783528405253,0.9648819648328903,0.16542343426932948,1.75,0.00018468687078936107,1183,0
263,7,7,10,8,3,1,0.0011550503272996667,0.977907687501259,0.28883833833960176,3.1,0.00042973837927748646,459,0
1612,1,1,2,2,1,1,0.0003440772869603361,0.9543273735820893,0.14562309587098246,1.5,0.00014027271669648063,1580,0
2503,1,1,1,1,0,0,0.0001933030825373423,0.978888872001815,0.09380237372983266,1.0,7.982556854093551e-05,2973,0
1418,1,0,1,0,0,0,0.00012915047725352183,1.0,0.362247745960942,4.0,5.531502164362658e-05,3742,0
1236,3,3,4,4,1,1,0.0005570888077282122,0.9206345671144234,0.11793009933703566,1.25,0.00022608795042329408,959,0
1002,3,3,3,3,0,0,0.0004175789072346028,0.9556099650697987,0.22599916952181343,2.3333333333333335,0.0001537697449836886,1437,0
101,8,11,15,13,7,2,0.0016484916612299122,0.9591334057611274,0.22022890329288158,2.3333333333333335,0.0009229028001867098,174,0
570,4,3,7,6,3,3,0.0007341307329316458,0.9575203222176302,0.14598741176123747,1.5714285714285714,0.0003321072327886278,617,0
2502,1,1,1,1,0,0,0.00019438243407618306,0.9658708010567447,0.09255202793380879,1.0,7.643556115123246e-05,3323,0
661,6,7,7,7,1,0,0.0009139330938699817,0.9803730576875893,0.16371109484598903,1.7142857142857142,0.00035850486867887676,572,0
424,5,4,6,6,1,2,0.0006889122254646075,0.9666705530366203,0.09552215387871939,1.0,0.0005352088924762794,344,0
1956,1,1,2,2,1,1,0.0006350499526361095,0.9980592974409253,0.09650700620279709,1.0,0.00015096525440488721,1474,0
538,4,2,4,2,0,0,0.00047914984371961035,0.9736186821624915,0.2815663891532242,3.75,0.00018450723637719512,1185,0
326,8,8,10,10,2,2,0.0011556274836285484,0.9776116933937186,0.16343608985655295,1.7,0.0005048644813669239,370,0
65,16,11,32,30,16,19,0.003774431615699004,0.9667995654867646,0.13412576919286054,1.40625,0.0019410068184605065,62,0
33,2,2,28,30,26,28,0.002938571434070508,0.974997180011255,0.15070800513994825,1.6071428571428572,0.003606231563084479,18,1
1213,1,0,1,0,0,0,0.00012915047725352183,1.0,0.4528096824511775,5.0,5.531502164362658e-05,3741,0
97,3,1,16,17,13,16,0.0017685373736569343,0.9093131320516937,0.21094743295023294,2.25,0.0012829468843859205,108,0
1616,2,2,2,2,0,0,0.0003162978988735206,0.9806927472856036,0.14530141081610828,1.5,0.00011759186724515311,1931,0
35,5,1,18,1,13,0,0.0017847333989111484,0.9195284719876381,0.11805149921019048,1.2222222222222223,0.0021851765196186645,49,1
1000,1,0,2,1,1,1,0.00043837512133352777,0.9850542595610403,0.3353467436258709,3.5,0.00011466642880025534,1989,0
1423,2,2,3,3,1,1,0.00048353184206886097,0.9702292325755311,0.1263568213763568,1.3333333333333333,0.0001785312610940807,1232,0
154,7,9,14,15,7,6,0.0015386217274188905,0.9452649707894999,0.10162372743487764,1.0714285714285714,0.0012706734002789833,110,0
1102,3,2,3,2,0,0,0.0003461921772126766,0.9779162410277648,0.1895883445226952,2.0,0.00013902192310426287,1595,0
1626,2,2,2,2,0,0,0.0004249288081672244,0.9759662081000313,0.14547233743831084,1.5,0.00017421609370234394,1268,0
916,2,1,3,3,1,2,0.00043283452092002,0.9422371963957988,0.2574614084629187,2.6666666666666665,0.0001669318215142768,1319,0
1960,2,2,2,2,0,0,0.0003226075282981096,0.9916910708422849,0.09821930457734501,1.0,0.000123759156225152,1818,0
2504,1,1,1,1,0,0,0.00022342691129274188,0.9599051772406157,0.0978561357881762,1.0,8.962629312556357e-05,2550,0
1959,1,1,1,1,0,0,0.00021371240058616465,0.996168356485968,0.09579943637291358,1.0,0.00010790451849105868,2122,0
1235,6,6,8,8,2,2,0.0013877968681024221,0.9950869286156905,0.12152204283137397,1.25,0.0005590289130623572,321,0
2506,1,1,1,2,0,1,0.00021371240058616465,0.9845780445103671,0.09579943637291358,1.0,8.475680618139202e-05,2734,0
342,2,2,7,7,5,5,0.0011628368849890284,0.975164532160553,0.21190747970033336,2.7142857142857144,0.0005736713130386895,303,0
239,11,12,17,18,6,6,0.004294514163833689,0.947967715660178,0.2382156650625845,2.5294117647058822,0.0017107742474921086,71,0
1103,4,4,5,5,1,1,0.0011934994598698755,0.8842688553672798,0.3027410060943425,3.2,0.0005285806977950707,350,0
612,6,6,9,9,3,3,0.0010947962146830577,0.9644238194091711,0.13992219247315038,1.4444444444444444,0.0004381648100798346,448,0
1953,1,1,1,1,0,0,0.00019353307527779237,0.8990848407475407,0.19556960703737108,2.0,8.0479783152308e-05,2946,0
1635,3,3,3,3,0,0,0.0005392808818818329,0.9614885600240314,0.09597636190794782,1.0,0.0001756311578085061,1257,0
915,4,4,4,4,0,0,0.000842293780662885,0.9512931973012113,0.09630833889185246,1.0,0.0003814605083770378,536,0
1634,2,0,2,0,0,0,0.0002934915298942966,1.0,0.14106142901796415,1.5,0.00010815132978290136,2117,0
1957,2,2,2,3,0,1,0.00030658559730221665,0.9319069590327899,0.09269855362062297,1.0,0.00010813477914970495,2118,0
571,2,2,5,5,3,3,0.0012229918544836382,0.9333940812009395,0.25642925655811877,2.8,0.0005021780115426194,378,0
1944,1,1,1,1,0,0,0.0002359932672068802,0.9815781667515058,0.19541699499233703,2.0,9.5778377483072e-05,2380,0
1955,1,1,2,2,1,1,0.0010012447001782855,0.9721457603266925,0.09990047679176464,1.0,0.00015524075957143395,1418,0
1104,5,5,5,5,0,0,0.0012622695499296343,0.9887990814532334,0.1347887062157508,1.4,0.0004847734613647298,393,0
1001,3,3,7,7,4,4,0.0008672368997500728,0.945024349128213,0.09488114623686512,1.0,0.0003275091181286044,629,0
2493,1,1,1,1,0,0,0.0002321710100127261,0.9435850639249721,0.09773871048021529,1.0,9.267351982598536e-05,2449,0
7372,3,3,9,8,6,5,0.0010918483958306095,0.9773871047970535,-0.0128298721500558,-0.2222222222222222,0.0004048375040484632,504,0
1965,1,1,2,2,1,1,0.0003077407875204501,0.9825661328622316,0.09651807757788125,1.0,0.00012047334192488493,1886,0
2511,1,1,1,1,0,0,0.00021525051374358587,0.9096567296633025,0.09478541505105977,1.0,8.145573571720545e-05,2863,0
663,5,5,6,6,1,1,0.0008707243496861765,0.97348713995988,0.1292518642138443,1.3333333333333333,0.00042718675893014835,466,0
2510,1,2,1,2,0,0,0.00022428313407851167,0.7843676250600446,0.09817636314588661,1.0,8.98523439837866e-05,2540,0
1964,2,1,2,1,0,0,0.0003009179166528965,0.9858281673939718,0.09696178221364735,1.0,0.00011841267590886306,1918,0
777,3,3,7,7,4,4,0.0008077539100827519,0.9552085933132817,0.13653521049558356,1.4285714285714286,0.0004696393815757359,411,0
2507,1,1,1,1,0,0,0.00022428313407851167,0.9921645532252273,0.09817636314588661,1.0,8.98523439837866e-05,2541,0
1417,3,3,4,4,1,1,0.0005504994413791337,0.9746962673479587,0.09632641051811089,1.0,0.0002044776013205348,1073,0
539,4,4,5,5,1,1,0.0006227833750691626,0.9714328307559684,0.2574940823673209,3.0,0.00021345328363622782,1031,0
1952,0,1,1,1,1,0,0.0001955385348499993,0.9203114652498083,0.19625061831127155,2.0,7.937879011849086e-05,2996,0
1105,3,2,3,2,0,0,0.0004891530419429332,0.9768314214850841,0.14685860621027594,1.6666666666666667,0.00021647349361072135,1015,0
75,13,12,28,28,15,16,0.002852277711014559,0.9640703680051056,0.14651680045687657,1.5357142857142858,0.001603107276392707,76,0
1425,1,1,1,1,0,0,0.000199157477861904,0.9490308065822937,0.09663218715321172,1.0,0.00015336368531996384,1442,0
611,8,8,8,8,0,0,0.0019233616188522038,0.9790276727225203,0.15570699428725035,1.625,0.0007238302662096982,226,0
2505,1,1,1,1,0,0,0.00031992434400081326,0.9721465028563748,0.0979027672722469,1.0,0.00012747261160184727,1766,0
2500,1,1,1,1,0,0,0.00018501488075382968,0.9717493001832505,0.09278948700698549,1.0,7.560687728350103e-05,3381,0
2521,1,1,1,1,0,0,0.00022966993314530598,0.8949208826268785,0.09046141791079335,1.0,8.937603179085484e-05,2556,0
719,4,4,4,4,0,0,0.0004663138890144683,0.9642143891384138,0.2599104125973407,2.75,0.00016215160524743239,1362,0
2520,1,1,1,1,0,0,0.00020740928777091341,0.9645318702493761,0.09539333796669484,1.0,7.648761946535408e-05,3316,0
1622,2,2,2,2,0,0,0.0005925268094722021,0.9993745804662707,0.09916711421194085,1.0,0.00030030841869915873,704,0
2514,1,1,1,1,0,0,0.00022428313407851167,0.9578354467747726,0.09817636314588661,1.0,8.98523439837866e-05,2544,0
1966,1,1,1,1,0,0,0.00019909102157561186,0.9902610263344324,0.1839214660284079,2.0,8.092428830587028e-05,2933,0
2515,1,1,1,1,0,0,0.00022428313407851167,0.9578354467747726,0.09817636314588661,1.0,8.98523439837866e-05,2545,0
1962,1,1,2,2,1,1,0.0005496656401241685,0.9665840722053743,0.09603636791376027,1.0,0.0002214407525379135,987,0
2516,1,1,1,1,0,0,0.00033131608537885195,0.9826056468921246,0.09887990814532295,1.0,0.00013091989892913597,1705,0
2509,1,1,1,1,0,0,0.00022428313407851167,0.5921645532252273,0.09817636314588661,1.0,8.98523439837866e-05,2539,0
7438,4,2,4,2,0,0,0.0005008837312931574,0.9915277574449326,-0.20868449402118103,-2.25,0.00017415001159960512,1269,0
853,1,1,7,7,6,6,0.001002631654137575,0.9721438559625805,0.12323429793662212,1.2857142857142858,0.0003036844290287425,692,0
1238,1,1,1,1,0,0,0.00027135195963196696,0.8318208550148446,0.4832774932159563,5.0,0.00011003830680946937,2076,0
2519,1,1,1,1,0,0,0.00020904473320867105,0.9854467350096633,0.09470580952475274,1.0,7.661848801193212e-05,3305,0
327,6,6,11,12,5,6,0.0012972002012632611,0.9394421460409463,0.2053106326884424,2.272727272727273,0.0005477813115953263,335,0
1237,3,3,3,4,0,1,0.0004936683275187729,0.941047010964197,0.15308554213254416,1.6666666666666667,0.00019613705057734698,1118,0
1403,1,0,1,0,0,0,0.00012915047725352183,1.0,0.362247745960942,4.0,5.531502164362658e-05,3748,0
2517,1,1,1,1,0,0,0.00031992434400081326,0.9721465028563748,0.0979027672722469,1.0,0.00012747261160184727,1765,0
511,4,4,6,6,2,2,0.000698688126167118,0.9858981726230762,0.19774328312351308,2.6666666666666665,0.00025834825552657547,829,0
2518,1,1,1,1,0,0,0.00022428313407851167,0.9578354467747726,0.09817636314588661,1.0,8.98523439837866e-05,2543,0
852,2,2,2,2,0,0,0.0003163835975489967,0.8135580617064979,0.4380795272104312,4.5,0.00012263164378471987,1840,0
1426,1,1,1,1,0,0,0.00025887269184369767,0.9122808651573787,0.38053663232680196,4.0,0.00010759593381741108,2127,0
2512,1,1,1,1,0,0,0.00022427039331893595,0.959543605887242,0.09543982750139643,1.0,8.361033869977925e-05,2786,0
1424,1,1,1,1,0,0,0.00019438243407618306,0.9658708010567447,0.09255202793380879,1.0,0.00013618287091319266,1629,0
1638,3,3,14,14,11,11,0.0015223077022810177,0.9449709701519456,0.057596841431371525,0.42857142857142855,0.0005554222057466147,326,0
2522,1,1,1,1,0,0,0.00022428313407851167,0.9578354467747726,0.09817636314588661,1.0,8.98523439837866e-05,2542,0
182,25,25,25,25,0,0,0.0025450740743681163,0.9700675468598114,0.16036506182715066,1.68,0.0009255345436593977,173,0
510,1,1,3,4,2,3,0.0003911034326769241,0.9596763827154731,0.49605353646526135,5.333333333333333,0.00013951857786393478,1590,0
1636,3,3,3,3,0,0,0.00045132731954766747,0.9811024931274606,0.09622304582393942,1.0,0.00016014417724703113,1380,0
666,1,0,1,1,0,1,0.0002013026622081126,0.9346127686259876,0.09473809928523169,1.0,0.00033101769506501023,620,0
2523,1,1,1,1,0,0,0.00023222768317868577,0.9398774860960496,0.0934285827097119,1.0,7.801190755762449e-05,3209,0
1967,2,2,2,2,0,0,0.000336910642563886,0.9917791289608165,0.09640802941883157,1.0,0.00012194365673279901,1861,0
664,3,3,8,8,5,5,0.00107099312520648,0.9745750508738837,0.13276219263578953,1.375,0.0004106121805327707,492,0
425,3,2,3,3,0,1,0.0004082374946790835,0.7634349887445623,0.588764554663758,6.333333333333333,0.00014720089243681035,1518,0
918,3,4,4,5,1,1,0.0005150229209305544,0.9653415189620007,0.12127644236595166,1.25,0.00025291163482353844,838,0
1969,2,2,2,2,0,0,0.0003269510824473714,0.9778708090414236,0.09682314489240217,1.0,0.00012672035847735886,1779,0
475,3,2,5,8,2,6,0.0006925478343939765,0.8970191868178564,0.2760680300843839,3.0,0.0003115353735067943,673,0
1948,1,1,1,1,0,0,0.00023452956505161198,0.9973422764994522,0.19068994373123369,2.0,9.566402487202355e-05,2387,0
1640,2,2,2,2,0,0,0.0003591999019117822,0.9572666484919187,0.14149461666573385,1.5,0.00015688155239020166,1406,0
1084,2,2,4,4,2,2,0.0006953597564207796,0.9769306939045745,0.1418566261989663,1.5,0.0002701959969078533,784,0
137,5,5,15,17,10,12,0.002005078898860677,0.9700086269180457,0.19673816445867087,2.4,0.001066706782330658,146,0
920,6,6,7,7,1,1,0.0008993409022948942,0.9768517207971991,0.11053891576125621,1.1428571428571428,0.00035467358285137503,582,0
226,18,19,30,34,12,15,0.0036458024421006014,0.9611391844770296,0.1335191735664512,1.4,0.0013896601510420784,100,0
328,13,13,21,21,8,8,0.002529873084260477,0.9713406713856456,0.12834366521205626,1.3333333333333333,0.0009600116001932762,162,0
2526,1,1,1,1,0,0,0.00021637802603457213,0.5983690822293355,0.09700086269265656,1.0,7.996419238966047e-05,2966,0
1639,1,2,1,2,0,0,0.00022202257823360861,0.976106597605562,0.29142984922703735,3.0,8.603713444550474e-05,2701,0
217,23,22,28,24,5,2,0.00301724329047293,0.9787331081041294,0.12015104477010116,1.25,0.0011249771732166395,134,0
921,2,2,3,3,1,1,0.0004324648558871379,0.9430335450308311,0.2440317860818287,2.6666666666666665,0.00017285788737718096,1274,0
367,7,8,9,10,2,2,0.0010021261460994798,0.935110006837881,0.23200362337112748,2.4444444444444446,0.0003749859856337662,547,0
368,6,6,10,9,4,3,0.0011981600046430446,0.9416299812184603,0.2072777478761872,2.2,0.0004443668312427624,440,0
2525,1,1,1,1,0,0,0.00022303992339801768,0.9899244776149494,0.0978733108104965,1.0,8.504298808605006e-05,2726,0
7373,7,7,8,8,1,1,0.0011520885428917033,0.988237725633156,0.09786376561966952,1.0,0.000466032243533713,413,0
720,7,7,8,9,1,2,0.0009093761863659428,0.9353546789183811,0.09675353557138301,1.0,0.0004273158580343715,465,0
1107,3,2,4,2,1,0,0.0004712802154643473,0.9622362346399764,0.14217728408005664,1.5,0.0001750781052373386,1264,0
1239,2,2,2,2,0,0,0.000304098723799777,0.9467490591185171,0.2367322188989541,2.5,0.00011204577021531488,2035,0
1971,2,2,2,2,0,0,0.00032403199325550585,0.9540499605516316,0.09674342141681636,1.0,0.00013220623674649925,1686,0
1217,1,0,1,0,0,0,0.00012915047725352183,1.0,0.4528096824511775,5.0,5.531502164362658e-05,3738,0
7423,1,1,1,1,0,0,0.0003177130691803346,0.9691078325312923,0.28439031469797127,3.0,0.00016398861361936528,1343,0
1428,2,3,3,4,1,1,0.0004884893577630462,0.9505448704571378,0.12897553037549933,1.3333333333333333,0.0001880072006444604,1171,0
2528,1,1,1,1,0,0,0.000219956878447643,0.9855122348122504,0.09505448704557948,1.0,8.964800545638963e-05,2549,0
1642,2,2,3,3,1,1,0.00038905012361516313,0.9542083482081418,0.09641620568301862,1.0,0.00015094735892300893,1475,0
2527,1,2,1,2,0,0,0.00021637802603457213,0.9881079662336386,0.09700086269265656,1.0,7.996419238966047e-05,2967,0
1240,1,1,2,2,1,1,0.000370271442810071,0.9599429612530896,0.23809322381561018,2.5,0.00014763556917744903,1513,0
1106,3,4,5,6,2,2,0.0005650446673352689,0.9587656294458462,0.10980855161560903,1.2,0.00020434382068932878,1074,0
922,4,4,4,4,0,0,0.0008117429895634128,0.9132099098027716,0.17655017880245433,2.0,0.0003008858204235608,702,0
1109,1,1,2,3,1,2,0.0003200284837523703,0.9482506008255912,0.2857901923417865,3.0,0.00012231420357657896,1846,0
2529,1,1,1,2,0,1,0.00022150616575920736,0.9931231185964748,0.0971884504836273,1.0,8.610943989923749e-05,2663,0
1641,1,1,2,2,1,1,0.0003815612655559975,0.9556055825665162,0.1450824777008011,1.5,0.00015296054134606249,1449,0
155,3,3,20,24,17,21,0.0020136079341764868,0.9640878434736372,0.13321489668973957,1.4,0.0011770222995168174,122,0
383,13,13,14,14,1,1,0.0016599892178884574,0.9540114397756362,0.16195775722666608,1.7142857142857142,0.0006082418149604247,274,0
7508,3,1,3,1,0,0,0.0004841939353419823,0.8382750894012272,-0.4297707136703135,-4.666666666666667,0.00017538351665888824,1259,0
1973,2,2,2,2,0,0,0.0003104277490175023,0.9733041457845333,0.09775743231960456,1.0,0.00011783889985636503,1927,0
2463,1,1,1,1,0,0,0.0002359932672068802,0.9684218332484942,0.09770849749616851,1.0,9.5778377483072e-05,2382,0
2532,1,1,1,1,0,0,0.00020352924354495697,0.743316186045883,0.09764155382871262,1.0,8.253587885585149e-05,2829,0
668,4,4,8,8,4,4,0.0009246978689255503,0.9666096322966822,0.13960182588872913,1.5,0.00034902148750323947,590,0
1644,2,2,2,2,0,0,0.0003194397496159647,0.9819944116022055,0.14342164086349693,1.5,0.00012328270011768898,1827,0
2452,1,1,1,1,0,0,0.00022642689487732302,0.9809163063292596,0.09601985250925936,1.0,9.532401351218615e-05,2401,0
1003,2,2,4,4,2,2,0.0004513215172842288,0.989798641989535,0.16401022336645427,1.75,0.00017218662083258142,1279,0
1637,1,0,1,0,0,0,0.00018501488075382968,1.0,0.2783684610209564,3.0,7.560687728350103e-05,3382,0
2533,1,1,1,1,0,0,0.00023946803424127356,0.9853740678930778,0.0973487139960508,1.0,8.600121987024578e-05,2704,0
130,27,27,35,33,8,6,0.00425512529998859,0.9659203499559931,0.12326697762081186,1.2857142857142858,0.0018510811760545488,66,0
1977,2,2,2,2,0,0,0.0003892291573415533,0.9592482232360877,0.09616831438268739,1.0,0.00011640361576271369,1960,0
1978,2,2,2,3,0,1,0.0005912985287568894,0.9868272018152311,0.09793594896907469,1.0,0.00013324011975777498,1674,0
1648,2,2,2,2,0,0,0.00031771716787873307,0.9527721018572686,0.1409760378039647,1.5,0.00013589261040584735,1632,0
1647,2,2,3,3,1,1,0.00039321747450752275,0.9766688858467617,0.09541772056984199,1.0,0.00014767626845015903,1512,0
669,8,8,8,8,0,0,0.0009047431813802396,0.960976426966509,0.14285055975863475,1.5,0.0003429056975111682,598,0
343,5,5,7,8,2,3,0.000977563860768808,0.9811407276619959,0.2915547339720261,3.4285714285714284,0.0003799695458030668,538,0
1974,2,2,2,2,0,0,0.00034358653479473367,0.9719145082493936,0.09642160747847234,1.0,0.00013600404247023743,1631,0
1110,1,0,2,0,1,0,0.0004083696015678451,1.0,0.284446891731421,3.0,0.0001626136327261237,1358,0
721,2,3,5,6,3,3,0.0006595604195891603,0.9433727458845635,0.2119386534663982,2.2,0.0002467317599663189,860,0
2489,1,1,1,1,0,0,0.00026387333938310395,0.9790716869005168,0.09769306939055955,1.0,0.00010748974322610574,2129,0
1241,5,7,5,7,0,0,0.000629271975995466,0.9236986309361145,0.09556914944230277,1.0,0.0002291731147929026,940,0
1979,2,0,2,0,0,0,0.000268844968367361,1.0,0.09464090755317926,1.0,0.00010419564520364308,2195,0
778,5,5,6,6,1,1,0.0009543838022661618,0.9857748072114119,0.14946203170907646,1.6666666666666667,0.00037423664535112195,550,0
2534,1,1,1,1,0,0,0.00021225574317233558,0.9785747201206826,0.09609764269666143,1.0,8.620217605731907e-05,2651,0
1924,1,1,1,1,0,0,0.00022642689487732302,0.9809163063292596,0.09601985250925936,1.0,0.00011800435501005261,1925,0
1929,2,1,2,1,0,0,0.00080242050261924,1.0,0.09678574590610817,1.0,0.0003154363479026109,663,0
509,2,2,3,3,1,1,0.0008936381540574626,0.9619352153750557,0.12989148087791927,1.3333333333333333,0.0005683263030866175,310,0
779,4,4,4,4,0,0,0.0005150861479209979,0.9461400940115415,0.23645175130110715,2.5,0.00019578375912183407,1121,0
1975,2,2,2,2,0,0,0.00033829603374427504,0.9625584436094113,0.09522436193090197,1.0,0.000135726492203883,1633,0
1645,1,1,1,1,0,0,0.0003177130691803346,0.9691078325312923,0.28439031469797127,3.0,0.00012792566926394744,1748,0
1980,1,1,1,1,0,0,0.00018970045853653497,0.911965984957808,0.1794038373633189,2.0,7.928229978348213e-05,3151,0
1981,2,2,2,2,0,0,0.0003460526713561481,0.9861341621607425,0.09586436639146724,1.0,0.00012715878182502984,1768,0
1004,5,6,5,6,0,0,0.0006269780700027388,0.9758300703995297,0.13097246732362047,1.4,0.00023287456959038475,918,0
1972,1,1,1,1,0,0,0.0003177130691803346,0.9808921674687078,0.18959354313198087,2.0,0.00012792566926394744,1751,0
1643,1,0,1,0,0,0,0.00022342691129274188,1.0,0.29356840736452855,3.0,8.962629312556357e-05,2551,0
1976,2,2,2,2,0,0,0.001436790930798253,0.9991758322836187,0.1,1.0,0.000513829175143638,361,0
573,1,1,3,3,2,2,0.000465467203977112,0.8859356815893377,0.43856901255866676,4.666666666666667,0.00015369527632995376,1439,0
665,2,2,5,6,3,4,0.0011715751929855319,0.9433207019043819,0.24956802347712403,2.6,0.00046131362311914453,417,0
448,4,4,6,6,2,2,0.0016187034192278716,0.9416996855585131,0.2779567168912522,3.0,0.0006656414377504704,251,0
1108,3,3,3,3,0,0,0.0003463905302674446,0.9373186929442913,0.18821586070632226,2.0,0.00013253411001825494,1681,0
1983,1,1,1,1,0,0,0.00021193765069124794,0.9894912136443059,0.18834300239376453,2.0,8.305898874852751e-05,2806,0
613,2,2,10,9,8,7,0.0010967407447654849,0.9547435766538873,0.15233358942374747,1.6,0.0005303380113964413,348,0
614,1,1,6,9,5,8,0.0008370642504419633,0.8939301084624243,0.15103211629352878,0.8333333333333334,0.0006865047278517784,239,0
2536,1,1,1,1,0,0,0.0002384219761887519,0.9989318828098348,0.09882377256420961,1.0,9.970845335313275e-05,2299,0
2537,1,1,1,1,0,0,0.0002217046706319729,0.9886350916003602,0.09822301757967895,1.0,8.108842145642577e-05,2930,0
1429,1,1,1,1,0,0,0.00021986386490155648,0.9724141104173006,0.3812586730759274,4.0,7.926034631563846e-05,3157,0
2539,1,1,1,1,0,0,0.0004256814750344201,0.9850519474354485,0.09994707561458857,1.0,8.380851871246691e-05,2777,0
513,2,2,3,2,1,0,0.0007268081684812593,0.9994707561459159,0.12989610512910296,1.3333333333333333,0.00028117853211785193,757,0
722,2,2,2,2,0,0,0.0003024412265005263,0.7954866719031177,0.5118448761640104,5.5,0.00010439242783437871,2191,0
1243,2,3,3,4,1,1,0.0004232822188226327,0.9123635890760743,0.15951898205159962,1.6666666666666667,0.00015582463074860067,1413,0
2540,1,1,1,1,0,0,0.0003670721838230937,0.9995835571059705,0.09993745804663252,1.0,0.00018029697391680225,1223,0
202,13,12,25,25,12,13,0.0028717685057518933,0.9692003827518136,0.14792012290878445,1.56,0.0010884366706598435,141,0
1984,2,2,2,2,0,0,0.000379575877764547,0.9908166383868782,0.09813206151851807,1.0,0.00014011002987994567,1584,0
572,1,1,1,1,0,0,0.00022428313407851167,0.9596567296633025,0.19635272629177322,2.0,0.00026422180190963833,810,0
855,1,1,1,1,0,0,0.00022012802151904015,0.695777366986013,0.8830266548961335,9.0,9.017402483943446e-05,2530,0
1985,2,2,2,2,0,0,0.000368311782833906,0.9958416648804773,0.09739232274037335,1.0,0.00014348424968565907,1556,0
2541,1,1,1,1,0,0,0.00019438243407618306,0.5841291989432553,0.09255202793380879,1.0,7.643556115123246e-05,3322,0
1651,2,3,2,3,0,0,0.000320676290907242,0.9822738848243038,0.14585669368062962,1.5,0.00012204833347488755,1858,0
7498,1,1,7,6,6,5,0.001009024809438592,0.9760781299026977,-0.1603745074225332,-1.7142857142857142,0.000404038321359937,505,0
406,10,7,16,17,6,10,0.0019007348446242731,0.9669391912827787,0.1364551599982712,1.4375,0.0006784266403518836,246,0
2538,1,1,1,1,0,0,0.0002217046706319729,0.9613649083996397,0.09822301757967895,1.0,8.108842145642577e-05,2929,0
102,15,16,21,21,6,5,0.002881064401183002,0.9267664795783563,0.2194072983748305,2.619047619047619,0.0013868971234404898,101,0
923,1,1,3,2,2,1,0.0009561824905628851,0.9943478761259759,0.2533367789039682,2.6666666666666665,0.00039115651039458937,527,0
90,2,2,24,26,22,24,0.002591313694869585,0.9369986926868922,0.20852994000940536,2.2083333333333335,0.0016610179236627026,72,0
924,1,0,3,0,2,0,0.00041849684101432467,1.0,0.24995359309713971,2.6666666666666665,0.0001560218134474231,1412,0
856,3,3,3,3,0,0,0.0006523913679529859,0.9961865805927445,0.29090156094706154,3.0,0.0002579923135865726,830,0
2546,1,1,1,1,0,0,0.0002471781214279058,0.8663077482038078,0.09685911035354483,1.0,0.00010309396961352701,2240,0
574,5,3,8,7,3,4,0.0008947475055689268,0.9232753051697771,0.16483044305746472,1.75,0.0003319133931782516,618,0
3774,3,4,7,8,4,4,0.0009119764467695813,0.920655412944059,0.25860801908221315,2.857142857142857,0.00037444753430737333,549,0
2544,1,1,1,1,0,0,0.00022306434684794303,0.9829371154035698,0.09667995654897138,1.0,7.919711319051613e-05,3160,0
1988,2,2,2,2,0,0,0.0003313252914719506,0.992189308909749,0.09676479104448119,1.0,0.00012658697427952832,1781,0
1431,3,3,3,3,0,0,0.00040389725570928584,0.9822951638574701,0.1276087050233094,1.3333333333333333,0.0001619647282423777,1365,0
667,1,1,5,4,4,3,0.0011651927221097574,0.9698708489266038,0.21882178384174705,2.4,0.0004553063407337915,424,0
2513,1,1,1,1,0,0,0.00033131608537885195,0.9826056468921246,0.09887990814532295,1.0,0.00013091989892913597,1704,0
478,11,11,15,16,4,5,0.002014644541497943,0.9705959672092854,0.12643452557257934,1.3333333333333333,0.0007994390823845726,202,0
1005,1,1,1,1,0,0,0.00023271623866525038,0.7597036491874153,0.6487365357088818,7.0,8.446787494022409e-05,2745,0
1244,2,2,2,2,0,0,0.0003490337172105321,0.9474272333264061,0.23381753950100453,2.5,0.000126194532887359,1791,0
1990,1,1,1,1,0,0,0.00023271623866525038,0.6097036491874153,0.18535329591682337,2.0,8.446787494022409e-05,2744,0
1992,2,2,2,2,0,0,0.00029087305735319953,0.9925755304255828,0.09584824184625192,1.0,0.00010622893853993662,2161,0
1430,4,3,4,3,0,0,0.0005078239722776151,0.9653877757300009,0.0953085588139616,1.0,0.00017062088831432066,1289,0
2542,1,1,1,1,0,0,0.00022533484120720502,0.994730542119372,0.09768517207976363,1.0,9.276337777025413e-05,2447,0
2549,1,1,1,1,0,0,0.0002257362671320149,0.9883665111895941,0.09659203499580522,1.0,8.55114713596802e-05,2718,0
781,3,4,3,4,0,0,0.0004188091089569039,0.9609062208210781,0.3177979586508374,3.3333333333333335,0.0001638326955393587,1346,0
2547,1,1,1,1,0,0,0.00021691409635019395,0.969021121386667,0.09540114397650451,1.0,8.66233976249949e-05,2641,0
2548,1,1,1,1,0,0,0.00036861660093547607,0.9850542595610403,0.09619352153751157,1.0,8.99478612167019e-05,2538,0
2551,1,0,1,0,0,0,0.0002257362671320149,1.0,0.09659203499580522,1.0,8.55114713596802e-05,2719,0
608,2,2,5,6,3,4,0.0006779114642742762,0.8802361758532324,0.2464748037348543,2.6,0.0002922592247061533,724,0
780,1,1,3,3,2,2,0.0007768931442393875,0.9303167464048536,0.22052896425515944,2.3333333333333335,0.0003988409825016986,513,0
2543,1,1,1,1,0,0,0.0003013765044253487,0.9954507804735307,0.09961865805978205,1.0,0.00012225008669005077,1848,0
1991,1,1,1,1,0,0,0.00022012802151904015,0.9542226330139869,0.19622814553247414,2.0,9.017402483943446e-05,2531,0
540,6,6,10,10,4,4,0.0011692025077403953,0.9626978972519163,0.14407748040394275,1.5,0.00045165841440908546,431,0
476,6,6,10,10,4,4,0.0015974354089066003,0.9881576844553482,0.16242034572916514,1.7,0.0006017633778166617,281,0
1994,2,2,2,2,0,0,0.00034976798845747664,0.9879671119478047,0.09720156982362632,1.0,0.00013910988817840493,1593,0
1655,2,1,3,1,1,0,0.00038653965590703076,0.9832404132167744,0.09498965234465943,1.0,0.00015415617881536997,1433,0
2556,1,1,1,1,0,0,0.00021193765069124794,0.939491213644306,0.09417150119688227,1.0,8.305898874852751e-05,2814,0
2557,1,1,1,1,0,0,0.00022349748364334528,0.9110122663388371,0.09294571656753732,1.0,7.83604125857769e-05,3201,0
1987,1,0,1,0,0,0,0.00018078775038065493,1.0,0.09585358680987699,1.0,0.00010419946282916824,2194,0
7449,1,1,1,1,0,0,0.0002748070070943115,0.9832669807500367,-0.9256814189262698,-10.0,0.00011263045665877632,2021,0
576,4,4,4,4,0,0,0.0005887803867645387,0.8531476193702174,0.32231562680545056,3.5,0.00023278826123262084,919,0
575,3,2,7,7,4,5,0.0013510695430217806,0.9627856014812746,0.19690812387151485,2.0,0.0005535112295056553,329,0
2558,1,1,1,1,0,0,0.00020904473320867105,0.9854467350096633,0.09470580952475274,1.0,7.661848801193212e-05,3304,0
2535,1,1,1,1,0,0,0.0003177130691803346,0.9308921674687077,0.09479677156599044,1.0,0.00012792566926394744,1754,0
477,3,3,6,6,3,3,0.0010392091897111733,0.9464623093423659,0.24991583332093736,2.8333333333333335,0.0005242622858921165,352,0
1958,1,1,1,1,0,0,0.0003177130691803346,0.9808921674687078,0.18959354313198087,2.0,0.00012792566926394744,1750,0
449,8,10,10,12,2,2,0.0011200828382601049,0.9401725637189008,0.1712982375178353,1.8,0.0003913685429223492,526,0
1998,2,2,2,2,0,0,0.000311468854912911,0.947446617207522,0.09446235965385605,1.0,0.00010835222992261259,2113,0
2000,2,2,2,2,0,0,0.0003139088849603955,0.9788003682905777,0.0941605604873344,1.0,0.00012245695103769695,1843,0
1247,2,2,2,2,0,0,0.00032958534087989004,0.7945038293642609,0.23108051323536183,2.5,0.00012430298367704698,1813,0
357,6,5,11,12,5,7,0.0012766273914543143,0.9579537871520778,0.193107599727957,2.3636363636363638,0.0005840433951186704,295,0
2565,1,1,1,1,0,0,0.00021193765069124794,0.939491213644306,0.09417150119688227,1.0,8.305898874852751e-05,2813,0
1997,1,1,2,1,1,0,0.0003313276078228846,0.9860097462806602,0.09631908619746071,1.0,0.00013374887464538888,1667,0
384,2,2,13,9,11,7,0.001489535649548436,0.9480723508097362,0.19737279711297534,2.1538461538461537,0.0006364185810304216,260,0
2001,2,2,2,2,0,0,0.00031104674650936153,0.9245739716538042,0.09447845812397102,1.0,0.00011477475738019642,1985,0
2566,1,1,1,1,0,0,0.00019909102157561186,0.9597389736655676,0.09196073301420395,1.0,8.092428830587028e-05,2935,0
1996,1,1,1,1,0,0,0.00024286948298493134,0.9639902537193399,0.1930596576735123,2.0,0.00010380686717789141,2209,0
926,3,3,11,9,8,6,0.0012315135412054317,0.9692848716778737,0.07030163493079396,0.7272727272727273,0.0004423547279883374,442,0
1999,2,2,2,2,0,0,0.00029461426026197116,0.9880163920191666,0.09689720323510397,1.0,0.00011492219395121844,1982,0
1658,3,4,3,4,0,0,0.00043912979756897274,0.9905630718474806,0.09657532220297864,1.0,0.000182888302058085,1191,0
1111,1,1,3,3,2,2,0.00042667505647142373,0.978589575755027,0.12901643843249658,1.3333333333333333,0.00020584020840783685,1068,0
1657,3,3,3,3,0,0,0.0005085068207755745,0.9887780898996443,0.09796294729555309,1.0,0.0002036440319555891,1078,0
57,9,10,41,45,32,35,0.005404610214275627,0.9643256074452554,0.16366550536883537,1.7073170731707317,0.0026192498131941706,35,1
2564,1,1,1,1,0,0,0.0002013026622081126,0.9777451229368438,0.09473809928523169,1.0,7.609210900074895e-05,3337,0
1660,1,1,3,3,2,2,0.00045992754666707646,0.982781495068532,0.09746146102653208,1.0,0.00018153584645698407,1201,0
7546,0,3,3,3,3,0,0.00040745238235963277,0.9762010219506081,-0.6415332973924931,-7.0,0.00016132600160976903,1371,0
183,10,10,21,23,11,13,0.002259646659036625,0.939563735541445,0.2323306479143319,2.4761904761904763,0.0008553947079420601,191,0
854,2,1,7,7,5,6,0.00080175610779843,0.9552937721446135,0.12291079393869038,1.2857142857142858,0.00028026841292811983,758,0
1654,2,1,3,3,1,2,0.0004160341311238007,0.9340982410048367,0.09759677594262876,1.0,0.00016901996102753545,1301,0
282,2,3,8,7,6,4,0.0010962064020862356,0.9006074452031175,0.3972751991185641,4.25,0.0004962235016835261,382,0
1659,3,3,3,3,0,0,0.0003771776108601675,0.9647143927679862,0.09610366259781518,1.0,0.0001495814845180239,1495,0
283,1,1,8,9,7,8,0.0012412397630174941,0.9399598822218399,0.32027257323496683,3.5,0.0005332915316314996,346,0
2545,1,1,1,1,0,0,0.0002013026622081126,0.9777451229368438,0.09473809928523169,1.0,7.609210900074895e-05,3336,0
7394,3,3,5,7,2,4,0.000751996956605289,0.9174757373818383,0.002193185367858397,-1.0,0.0003087594338990713,684,0
1934,1,0,1,0,0,0,0.00019353307527779237,1.0,0.19556960703737108,2.0,8.0479783152308e-05,2950,0
1433,4,4,4,4,0,0,0.0005751258935988318,0.9874375826427966,0.09760639991106612,1.0,0.0002215435940020935,984,0
2004,2,2,2,2,0,0,0.00033605834369797625,0.9874859106777213,0.09787190541979549,1.0,0.00013671379874197022,1623,0
670,5,4,7,5,2,1,0.0008443049419017214,0.9452995405877256,0.1600994315254422,1.7142857142857142,0.0003157411238933397,662,0
1434,1,1,1,1,0,0,0.00023271623866525038,0.8597036491874153,0.37070659183364674,4.0,8.446787494022409e-05,2746,0
1248,4,4,5,5,1,1,0.0006312586889803041,0.9695609201664598,0.09682609049543328,1.0,0.00024055313396179748,881,0
2562,1,1,1,1,0,0,0.0003177130691803346,0.9308921674687077,0.09479677156599044,1.0,0.00012792566926394744,1753,0
2572,1,1,1,1,0,0,0.0002257362671320149,0.9883665111895941,0.09659203499580522,1.0,8.55114713596802e-05,2717,0
2560,1,1,1,1,0,0,0.00022316034902604832,0.9867827372137103,0.09705959672045912,1.0,9.227735561040406e-05,2468,0
2569,1,1,1,1,0,0,0.00025134640066313174,0.9812101728645826,0.09881576844623939,1.0,0.00010211005281455583,2266,0
782,1,1,1,1,0,0,0.0002065600263171517,0.5965537998639785,0.9579537871519751,10.0,9.108416923923952e-05,2482,0
2567,1,1,1,1,0,0,0.00025134640066313174,0.9687898271354174,0.09881576844623939,1.0,0.00010211005281455583,2267,0
927,2,2,3,4,1,2,0.0004569904711880636,0.938334149957149,0.24923481412959933,2.6666666666666665,0.0001827180350986705,1193,0
2571,1,0,1,0,0,0,0.00022711183595123364,1.0,0.09803730576910404,1.0,9.347073746252528e-05,2434,0
1007,3,3,3,3,0,0,0.0005893423308329121,0.9199588044054632,0.2211299082649877,2.3333333333333335,0.00023588082214540533,899,0
1432,2,2,3,3,1,1,0.0003889200140851434,0.9779727061902451,0.1287381135037538,1.3333333333333333,0.00016342224323479486,1353,0
7524,1,1,4,2,3,1,0.000432668253842563,0.9733364077143494,-0.41362032028962537,-4.5,0.00017210059720706538,1281,0
615,5,5,7,7,2,2,0.0010328664499535938,0.955857090325203,0.17732169714645432,1.8571428571428572,0.0003686988215494024,558,0
2553,1,1,1,1,0,0,0.0002072835518001608,0.9832404132167744,0.09611391844778978,1.0,8.444069599548824e-05,2748,0
2568,1,1,1,1,0,0,0.00020915427266411402,0.9830725168751514,0.09541171460886724,1.0,7.769865369103935e-05,3228,0
2570,1,1,1,1,0,0,0.00024286948298493134,0.9860097462806602,0.09652982883675615,1.0,0.00010380686717789141,2210,0
1662,3,3,3,3,0,0,0.0004895839202139027,0.9592876933959535,0.09622310958547886,1.0,0.0001938748972342681,1134,0
1653,1,1,2,2,1,1,0.0005347061259964581,0.9815334634458314,0.14539495496270596,1.5,0.00023052073697974425,935,0
1661,2,2,2,3,0,1,0.00033333265806436395,0.9555989513527223,0.1470703131412484,1.5,0.00013495686449962435,1646,0
1663,1,1,1,1,0,0,0.00024105588991589299,0.8556746620161941,0.2659902001223883,3.0,9.693306594936519e-05,2360,0
7564,19,24,87,76,68,52,0.011175838929408675,0.8866340004110418,0.011349324032388327,0.1724137931034483,0.004203501017394428,13,1
2008,2,2,2,2,0,0,0.00037746224312316576,0.8609647779999681,0.09100066169896584,1.0,0.000153545551367932,1441,0
385,2,1,7,6,5,5,0.0009874241349791368,0.894866023625056,0.20995881818788611,2.2857142857142856,0.00040519147790534567,502,0
1254,1,1,1,1,0,0,0.00024105588991589299,0.8556746620161941,0.2659902001223883,3.0,0.00013789312170862198,1608,0
2006,1,1,1,1,0,0,0.00022176453587930203,0.630471528012362,0.18730781716769918,2.0,7.858797264899574e-05,3185,0
7570,2,6,8,8,6,2,0.0011427823796775587,0.9251472103826657,-0.34618206981224164,-3.75,0.0004380988641237194,449,0
1666,1,1,2,1,1,0,0.0002898194893798098,0.974947488107962,0.14597546506953235,1.5,0.0001200361422098613,1894,0
2013,1,1,2,1,1,0,0.000332581842412212,0.989238978584313,0.09572162902790948,1.0,0.00013521506173435499,1641,0
2011,2,2,2,2,0,0,0.0003954169522161985,0.9871252288966191,0.09872764485563529,1.0,0.0001606805998499106,1376,0
2563,1,0,1,0,0,0,0.00019254706515553496,1.0,0.09236986309361281,1.0,7.755241535322902e-05,3235,0
1250,2,2,3,3,1,1,0.00046383438769456546,0.9814103547255656,0.1601427202048558,1.6666666666666667,0.00018545120691440225,1181,0
1435,2,2,2,2,0,0,0.00046042654004280545,0.9855951153274565,0.1938751809580869,2.0,0.00019271420798581336,1143,0
1437,2,3,4,5,2,2,0.0005348024676346406,0.9767764841174861,0.09473231125648221,1.0,0.0001932566140439113,1139,0
2014,2,2,2,2,0,0,0.00029899302925591437,0.9434128874620411,0.09674252884716847,1.0,0.0001168629550151147,1948,0
2561,1,1,1,2,0,1,0.00022303992339801768,0.9904493640049271,0.0978733108104965,1.0,8.504298808605006e-05,2725,0
1993,1,0,2,0,1,0,0.00028090759812283994,1.0,0.09833227195336117,1.0,0.0001206678606360245,1876,0
1963,1,1,1,2,0,1,0.00021817662413477714,0.9835814855253141,0.1928651214666074,2.0,8.838851548243165e-05,2596,0
2012,1,1,2,2,1,1,0.000334277445481282,0.9675039789055146,0.0952691068677175,1.0,0.00013401985344471538,1663,0
928,1,0,1,0,0,0,0.0002051346379118298,1.0,0.7687249766605267,8.0,8.449662105597063e-05,2743,0
264,1,1,5,6,4,5,0.0006243940896443942,0.9915236223824666,0.13575833686015595,1.4,0.0006056295081868825,278,0
1665,2,2,3,4,1,2,0.0004542915456741679,0.9567287733633361,0.0950602650233832,1.0,0.00017692407613919284,1247,0
2574,1,1,1,1,0,0,0.00023539874007089768,0.9698838814447595,0.09734314126976207,1.0,9.059518748761438e-05,2512,0
579,4,4,5,5,1,1,0.0006459396753139933,0.9238974698312163,0.24728301956919987,2.8,0.00024048512435299258,882,0
857,1,1,4,4,3,3,0.0005469285558784488,0.9593849946000544,0.14123084303184677,1.5,0.00030134619646828736,701,0
2531,1,1,1,1,0,0,0.00021550358793738698,0.9732644710812007,0.09627988125084243,1.0,7.8834837866525e-05,3174,0
2575,1,1,1,1,0,0,0.0002257362671320149,0.9883665111895941,0.09659203499580522,1.0,8.55114713596802e-05,2716,0
2010,2,2,2,2,0,0,0.0003276483340796006,0.9105335322460046,0.09768688789523407,1.0,0.00012844181725902385,1742,0
1995,1,1,1,1,0,0,0.0002172954169801627,0.9850752409238818,0.18877034471159634,2.0,8.47669094170982e-05,2731,0
925,1,1,4,4,3,3,0.0005343527668240023,0.9714125144326915,0.18406383421790423,2.0,0.0002094364543526319,1048,0
919,1,0,3,0,2,0,0.0004558019837424137,1.0,0.24527392311036034,2.6666666666666665,0.00018233197876326397,1195,0
2559,1,1,1,1,0,0,0.0001955385348499993,0.9796885347501917,0.09812530915563578,1.0,7.937879011849086e-05,3071,0
358,2,3,2,3,0,0,0.0003731666001762963,0.9726960474460948,0.14245323609305502,1.5,0.0003770084812493581,545,0
1438,1,1,2,2,1,1,0.00034675220135904535,0.9172240219848333,0.1816299024335113,2.0,0.00012602445673362295,1794,0
578,3,3,7,9,4,6,0.0008021211364206972,0.9432248577835889,0.18784594148545297,2.0,0.0003027388063033491,695,0
671,1,1,7,8,6,7,0.0009790985061389297,0.9578426816263027,0.16538201145765233,1.7142857142857142,0.00037751978315918094,544,0
2015,1,0,1,0,0,0,0.00022183772936862475,1.0,0.19453920948926856,2.0,7.883135786979431e-05,3176,0
725,10,10,10,10,0,0,0.0012085861990110817,0.9768159351094766,0.10536432093936388,1.1,0.0004646278074078492,414,0
1441,2,1,2,2,0,1,0.00036654879580374366,0.9585069067214835,0.18078795457678187,2.0,0.00014167587027651143,1569,0
1669,2,2,2,2,0,0,0.00033025230765346846,0.9620845652526371,0.14507896532735148,1.5,0.00013564699120143864,1637,0
2579,1,1,1,2,0,1,0.00021889288178886555,0.986929847981844,0.09768159351106193,1.0,8.914012504805059e-05,2562,0
2007,1,1,2,2,1,1,0.00030214662879469474,0.9859819184801719,0.09759065575638685,1.0,0.00011169417226221308,2044,0
39,2,1,40,38,38,37,0.004758978960534969,0.9440867013850547,0.2594724014760611,2.85,0.0021424037227764014,52,0
2016,1,1,1,1,0,0,0.00022258667982721805,0.9702637992619695,0.18881734027796815,2.0,8.410822776255662e-05,2771,0
783,1,1,2,1,1,0,0.0003253002763403798,0.8556746620161941,0.2783091432529735,3.0,0.0001881188949218176,1169,0
1113,1,1,1,1,0,0,0.00021889288178886555,0.997317839530318,0.09768159351106193,1.0,0.0001084202476028716,2112,0
2582,1,1,1,1,0,0,0.00020904473320867105,0.9854467350096633,0.09470580952475274,1.0,7.661848801193212e-05,3303,0
1652,1,2,2,2,1,0,0.00031013400028385426,0.9898442704023898,0.1438472664913938,1.5,0.00011530792453858364,1977,0
849,3,4,4,4,1,0,0.0006751123654589185,0.9542843934773029,0.2115268365217579,2.25,0.00026579846884313373,804,0
2550,1,0,1,0,0,0,0.00019962111075485145,1.0,0.09395637355337613,1.0,8.136856408803552e-05,2883,0
1668,1,1,1,1,0,0,0.00019680921254694027,0.9977752313040651,0.2776772232739885,3.0,8.023847543009643e-05,2962,0
672,1,1,4,4,3,3,0.0005047167002227169,0.94374069155444,0.16464068841078786,1.75,0.00030903847776763766,683,0
1439,2,1,2,1,0,0,0.0003064040617534829,0.9883665111895941,0.18713462913489687,2.0,0.0001160099797042401,1962,0
2578,1,1,1,1,0,0,0.0006967973846654104,1.0,0.09991758322836676,1.0,0.0002865883423391517,736,0
1672,1,1,1,1,0,0,0.00024105588991589299,0.8556746620161941,0.2659902001223883,3.0,9.693306594936519e-05,2362,0
2002,1,1,1,1,0,0,0.00021525051374358587,0.9596567296633025,0.18957083010211953,2.0,8.145573571720545e-05,2859,0
1112,1,1,2,2,1,1,0.0003883250711571549,0.8127437041524638,0.2794068195468268,3.0,0.0001496554286301078,1494,0
1436,1,1,2,2,1,1,0.00032045300684041994,0.917681598383193,0.18205775463901203,2.0,0.0001265718889823195,1782,0
1667,2,2,2,2,0,0,0.0003781636732866863,0.9734471526198344,0.1431009252783614,1.5,0.00015179998763284824,1464,0
1255,1,1,3,2,2,1,0.0004506612252337566,0.970560056691676,0.15819895358685473,1.6666666666666667,0.00016759947117202294,1314,0
1011,2,2,5,5,3,3,0.0006754996177993734,0.9749588662678553,0.13335660239435168,1.4,0.0002691849009499954,787,0
2581,1,1,1,1,0,0,0.00022090961879026172,0.9486614341767763,0.09381053901870348,1.0,8.924861464703078e-05,2560,0
7518,1,1,2,2,1,1,0.0003816852110961652,0.9505019764243915,0.09275484423792377,1.0,0.0002190279078375974,999,0
1006,3,3,3,3,0,0,0.0005986331233845027,0.9387424011068933,0.21967160431509603,2.3333333333333335,0.00026848578634288534,791,0
1671,1,1,1,1,0,0,0.0002859238843724084,0.990164197842452,0.18774848021462004,2.0,0.00014686419703456783,1523,0
2018,1,0,1,0,0,0,0.00022306434684794303,1.0,0.19335991309794276,2.0,7.919711319051613e-05,3161,0
28,6,7,50,39,44,32,0.006079560819862647,0.9450257628824338,0.29449279561248415,3.32,0.002500377872884528,39,1
2022,1,1,1,1,0,0,0.00024863061668379556,0.997246397806242,0.18900515249898164,2.0,9.818191083235038e-05,2330,0
2554,1,1,1,1,0,0,0.00024163432381332306,0.9886608485732271,0.09558570903117547,1.0,9.448277141268279e-05,2417,0
726,1,3,2,4,1,1,0.0004238889757724227,0.6553440726861994,0.39633505971151073,5.5,0.00017159590062729865,1283,0
674,2,2,3,3,1,1,0.0004245635768805304,0.8932794121560919,0.37292746699442575,4.0,0.00016577772504516427,1327,0
1646,1,0,1,0,0,0,0.00023271623866525038,1.0,0.18535329591682337,2.0,0.00020905074414811586,1051,0
300,1,1,11,12,10,11,0.0012292122756009656,0.9704302711430853,0.21992917112780386,2.4545454545454546,0.0004490900550578536,434,0
1258,1,1,2,2,1,1,0.00033404027427895986,0.9618804580108614,0.14085353952052865,1.5,0.000172560436087727,1275,0
858,3,2,4,2,1,0,0.000570023512206496,0.981930442907211,0.2126466264372652,2.25,0.00022503812505132492,965,0
1013,2,2,2,3,0,1,0.00035304340776059123,0.9539334132905599,0.3159965009898308,3.5,0.00013129243158718415,1696,0
1256,1,1,2,2,1,1,0.00032323208864850375,0.9758532179143747,0.19140508720979027,2.0,0.00015046786163234942,1484,0
7329,1,0,1,0,0,0,0.00023271623866525038,1.0,-0.09267664795841168,-1.0,8.446787494022409e-05,2747,0
2461,1,1,1,1,0,0,0.0002095109277234547,0.9735320594770998,0.09617874546315973,1.0,8.361555439255009e-05,2785,0
7596,3,4,9,7,6,3,0.0009815073269289491,0.9375957261835595,-0.7186630535947761,-7.666666666666667,0.00034256805874643205,599,0
1673,1,0,2,1,1,1,0.00031613001983312405,0.988382851031689,0.09488320676479611,1.0,0.0001401331219309603,1583,0
2019,1,1,2,2,1,1,0.0002967749232339729,0.9805640559762224,0.09745776509190873,1.0,0.00012980846793422495,1719,0
617,2,2,3,3,1,1,0.0003988081494379888,0.9334166102944571,0.22213067345015966,2.3333333333333335,0.000335009594014014,612,0
620,2,3,6,7,4,4,0.0007365258938656076,0.9529875587080058,0.20486057756203713,2.1666666666666665,0.0002697404098224584,785,0
1114,1,1,2,2,1,1,0.00038094765617476944,0.9053270355550687,0.26722500360253454,3.0,0.00015430415869768622,1431,0
2020,1,1,1,1,0,0,0.00028440696026158196,0.9773518440501057,0.19634259200844778,2.0,0.00010717327566824687,2138,0
2588,1,1,1,1,0,0,0.00026343862602886314,0.989238978584313,0.09950869286157572,1.0,0.0001097300886168114,2084,0
407,1,0,3,0,2,0,0.0003656621708539957,1.0,0.09610062096789035,1.0,0.00023242138327531862,922,0
2580,1,0,1,2,0,2,0.000238840342997588,0.8772668104081208,0.09779076875044525,1.0,9.546532478521764e-05,2393,0
784,1,1,6,8,5,7,0.0009946304246058705,0.9603042054547227,0.15878119949356342,1.6666666666666667,0.00039066469364826175,529,0
1008,1,1,4,4,3,3,0.0006915985731995005,0.9604525436570633,0.1458437027985769,1.5,0.00043031253607713323,458,0
1009,1,0,1,1,0,1,0.00021525051374358587,0.8903432703366975,0.28435624515317925,3.0,0.00022764844915605832,951,0
344,0,1,9,8,9,7,0.0010444849815870734,0.8284277946383058,0.2175692498131211,2.6666666666666665,0.0003928141769340385,520,0
2585,1,1,1,1,0,0,0.00024863061668379556,0.9027536021937579,0.09450257624949082,1.0,9.818191083235038e-05,2332,0
514,1,1,8,10,7,9,0.0011209571572676832,0.9792576434504516,0.1324038577363496,1.375,0.0005402296809092327,340,0
210,0,0,12,12,12,12,0.0014410982100717556,0.9381258604202821,0.29401593840716966,3.1666666666666665,0.0004888369946364434,388,0
240,0,0,9,9,9,9,0.0011472062771657908,0.9150628694213978,0.34105486189535145,3.6666666666666665,0.00043499008247918923,455,0
1446,0,0,2,2,2,2,0.0003560214327961422,0.9700568245099145,0.1927708911915807,2.0,0.00014819822239972938,1506,0
616,0,0,6,6,6,6,0.0008631362911061588,0.9782497169406297,0.20932014823477063,2.1666666666666665,0.00035498455281857914,580,0
1677,0,0,1,1,1,1,0.0002342602723255315,0.9459362444352026,0.2918801002843723,3.0,9.78859018327111e-05,2338,0
676,0,0,6,7,6,7,0.0009727086561092115,0.9729336676149788,0.19187248887040523,2.0,0.00039689125758595156,515,0
580,0,0,9,9,9,9,0.0012448517977369394,0.9745790697850202,0.09691037178696023,1.0,0.0005686752067181802,309,0
1941,0,0,1,1,1,1,0.00021746545353918182,0.933464565209138,0.09635378312423395,1.0,0.00010785040799177016,2125,0
76,0,0,29,31,29,31,0.0036948767934367526,0.9635378312391127,0.23307086958172402,3.0689655172413794,0.0014359484069831209,93,0
727,0,0,5,5,5,5,0.0005789298241667878,0.9326184689574409,0.20921776873656364,2.2,0.00022485619152010097,967,0
1676,0,0,2,2,2,2,0.00030637443369659973,0.9646202299438026,0.14514340118553856,1.5,0.0001269906013193535,1773,0
2029,0,0,2,2,2,2,0.000363984431526812,0.937725963726559,0.09635495917750603,1.0,0.00014286827464503598,1560,0
1116,0,0,3,3,3,3,0.00041526322931042506,0.9226941349839286,0.18351672209972292,2.0,0.00015448262474669763,1428,0
675,0,0,7,5,7,5,0.0009751735643308249,0.9172865452835881,0.15763065311327698,1.7142857142857142,0.00035789043175725406,574,0
78,0,0,27,26,27,26,0.0030313211909231827,0.9686431978026457,0.1414847280364668,1.4814814814814814,0.0019088456375781445,64,0
2590,0,0,1,1,1,1,0.00020141682637598164,0.9843708562708436,0.09860632505854298,1.0,8.155060634614857e-05,2853,0
408,0,0,20,21,20,21,0.002189958860532897,0.9509136905015421,0.1418628026371122,1.5,0.0008175104925995416,197,0
1015,0,0,2,1,2,1,0.00032093761292552005,0.9486614341767763,0.3299196888762356,3.5,0.00012646467674033086,1786,0
1444,0,0,2,2,2,2,0.0003837871638341183,0.7966968984294077,0.1805621791020444,2.0,0.00015478903268123975,1425,0
1014,0,0,3,3,3,3,0.0003764309060573958,0.9625533189839476,0.22049267734539857,2.3333333333333335,0.0001568047971646947,1408,0
2027,0,0,2,1,2,1,0.000325271393611822,0.9829416505178,0.09595518619381885,1.0,0.0001261410314839592,1793,0
2591,0,0,1,1,1,1,0.00021551279054698102,0.9779612597980286,0.09626978972516409,1.0,8.807001543090058e-05,2604,0
2584,0,0,1,1,1,1,0.00020915427266411402,0.9669274831248487,0.09541171460886724,1.0,7.769865369103935e-05,3229,0
2023,0,0,1,0,1,0,0.00019353307527779237,1.0,0.19556960703737108,2.0,8.0479783152308e-05,2949,0
1010,0,0,4,4,4,4,0.0007961064716682491,0.9734599850811289,0.16940587665722112,1.75,0.0003128469561012606,670,0
1982,0,0,1,2,1,2,0.00019962111075485145,0.9915004060097573,0.18791274710675226,2.0,8.136856408803552e-05,2881,0
619,0,0,10,10,10,10,0.001173868494221766,0.9549783737504746,0.12375567991357461,1.3,0.0004541082174217851,426,0
2030,0,0,1,1,1,1,0.0002114230384398581,0.9662019288681748,0.1958515286903717,2.0,9.566944893280141e-05,2385,0
859,0,0,5,5,5,5,0.0008089163250383883,0.9432014124582518,0.15003943381886797,1.6,0.000302138007485733,698,0
2592,0,0,1,1,1,1,0.0002342602723255315,0.9540637555647974,0.09729336676145744,1.0,9.78859018327111e-05,2339,0
1674,0,0,1,2,1,2,0.00024863061668379556,0.9342155356248018,0.2835077287484724,3.0,9.818191083235038e-05,2328,0
1260,0,0,2,2,2,2,0.00039185735554640066,0.9037701106877664,0.22886704930415927,2.5,0.0001547515547813262,1426,0
1253,0,0,1,1,1,1,0.0002513278418311425,0.8247310158545382,0.4928874036061553,5.0,0.00010283553222438163,2247,0
7519,0,0,3,2,3,2,0.0004829994894210891,0.6769045513284278,-0.5512894922617203,-5.666666666666667,0.0001894522836912779,1161,0
1678,0,0,1,1,1,1,0.00021525051374358587,0.9596567296633025,0.28435624515317925,3.0,8.145573571720545e-05,2857,0
1449,0,0,3,3,3,3,0.0004448201279008807,0.9563044782042915,0.0967593240979927,1.0,0.00020866122313895836,1054,0
1447,0,0,1,0,1,0,0.00019962111075485145,1.0,0.37582549421350453,4.0,8.136856408803552e-05,2882,0
1251,0,0,4,4,4,4,0.0005912213065064413,0.9302949642847431,0.12274822777626265,1.25,0.00022754421845821068,953,0
1259,0,0,2,3,2,3,0.0003392181815619486,0.9474128977777837,0.23758613809114448,2.5,0.00014832119471298882,1504,0
450,0,0,3,2,3,2,0.0004473177841224637,0.7166077491489596,0.5499028433826112,6.0,0.00017806259423414262,1237,0
479,0,0,4,3,4,3,0.0006729372784522117,0.8231641867885392,0.32329776505449986,3.5,0.0003179183126171003,654,0
2025,0,0,1,1,1,1,0.00023333176652775526,0.9398637133825166,0.18799197644352503,2.0,9.541329462230197e-05,2396,0
2021,0,0,1,0,1,0,0.00021346910454220116,1.0,0.18766682998647707,2.0,8.811519405441221e-05,2603,0
2583,0,0,1,2,1,2,0.00019353307527779237,0.9488612201534113,0.09778480351868554,1.0,8.0479783152308e-05,2945,0
1670,0,0,1,1,1,1,0.00024105588991589299,0.8556746620161941,0.2659902001223883,3.0,9.693306594936519e-05,2361,0
2593,0,0,1,1,1,1,0.00022091938793425674,0.9571283730522394,0.09621936223966693,1.0,9.059843494491006e-05,2509,0
2031,0,0,2,2,2,2,0.000383835599421455,0.9607717146645877,0.14391046047261052,1.5,0.00016402417871139472,1342,0
11,0,0,27,25,27,25,0.0026685162035858566,0.9664721924339971,0.15714613378551548,1.6666666666666667,0.006192044052141411,7,1
677,0,0,6,7,6,7,0.0007627551301289782,0.9494508999153659,0.18628536494186276,2.0,0.00029650862307699496,712,0
929,0,0,2,2,2,2,0.0003026566850789304,0.907435468108508,0.3759957636305371,4.0,0.00012071572506683632,1875,0
2573,0,0,1,1,1,1,0.0005209715535445896,0.9733316105480159,0.09943478761265143,1.0,0.00021607899742569358,1017,0
2596,0,0,1,1,1,1,0.00019939516493130152,0.9746459974300259,0.09749971800171178,1.0,7.229401429969902e-05,3510,0
1664,0,0,1,1,1,1,0.00021193765069124794,0.960508786355694,0.2825145035906468,3.0,8.305898874852751e-05,2804,0
7587,0,0,5,5,5,5,0.0005406626088102582,0.9644552586377916,-0.9439183852015937,-10.0,0.000201722935519805,1087,0
369,0,0,5,5,5,5,0.0009337334798184686,0.9901232688213002,0.15316176080938815,1.6,0.0004951426818610916,383,0
2042,0,0,1,1,1,1,0.00027473934978393204,0.976580880404694,0.19802465376493866,2.0,9.658192658514672e-05,2368,0
1264,0,0,3,3,3,3,0.00038863899915780534,0.9816796672643887,0.16029194125453058,1.6666666666666667,0.00015259873166549378,1454,0
2034,0,0,1,1,1,1,0.00027473934978393204,0.976580880404694,0.19802465376493866,2.0,9.658192658514672e-05,2369,0
1118,0,0,3,3,3,3,0.00046584536517125125,0.9457475289172566,0.18799292746962315,2.0,0.00017802321749560676,1238,0
541,0,0,16,14,16,14,0.0024844629415782774,0.9587194924203419,0.10373111871867721,0.9375,0.0009474420646862564,168,0
1245,0,0,1,1,1,1,0.00019680921254694027,0.8477752313040651,0.46279537212331423,5.0,8.023847543009643e-05,2961,0
2598,0,0,1,1,1,1,0.0002137777854346967,0.9760399385456078,0.09692003827538137,1.0,8.674531247437401e-05,2639,0
2604,0,0,1,1,1,1,0.00024863061668379556,0.9027536021937579,0.09450257624949082,1.0,9.818191083235038e-05,2331,0
195,0,0,11,9,11,9,0.0015342938563082016,0.886610442921997,0.3415013331396969,3.6363636363636362,0.0005949245436295132,284,0
2597,0,0,1,0,1,0,0.00020511334600030836,1.0,0.0968087201193694,1.0,8.092620687947865e-05,2931,0
1117,0,0,5,4,5,4,0.0005662186221000687,0.933391491896724,0.11414561612900027,1.2,0.0002179498784397992,1009,0
2586,0,0,1,1,1,1,0.0001955385348499993,0.9703114652498083,0.09812530915563578,1.0,7.937879011849086e-05,3010,0
218,0,0,4,4,4,4,0.0006750630874672148,0.9932905715577419,0.12169138896681955,1.25,0.000603182935759965,280,0
2041,0,0,2,3,2,3,0.0002781022359177204,0.985412797281868,0.09731757320249157,1.0,0.00010286098728594709,2246,0
1968,0,0,1,1,1,1,0.0002137777854346967,0.9739600614543922,0.19384007655076274,2.0,8.674531247437401e-05,2638,0
2603,0,0,1,1,1,1,0.00022316034902604832,0.9867827372137103,0.09705959672045912,1.0,9.227735561040406e-05,2467,0
1675,0,0,2,2,2,2,0.00043230054152662914,0.9932310645620708,0.14716319401167446,1.5,0.0001762883549439622,1253,0
2038,0,0,2,2,2,2,0.000298614041437492,0.9448839910171272,0.0948120847783415,1.0,0.00011437197889480952,1995,0
480,0,0,7,8,7,8,0.0009198187590856603,0.9592430028789812,0.21193409592208617,2.4285714285714284,0.0003578696086959089,575,0
2032,0,0,2,2,2,2,0.0004946614875700759,0.9863339565149406,0.09935878382086245,1.0,0.00019447480059685753,1130,0
1679,0,0,2,0,2,0,0.0003667067347951563,1.0,0.1453089983621982,1.5,0.00011716096569843671,1942,0
1452,0,0,1,1,1,1,0.00023757047686428926,0.6269089650938792,0.37005888414815236,4.0,9.617445861961093e-05,2372,0
1451,0,0,4,2,4,2,0.0007906648024611421,0.9849278975657393,0.09799144747009172,1.0,0.0003168476466688814,659,0
2039,0,0,1,1,1,1,0.0002799750402417049,0.9984540619357574,0.1925571202962342,2.0,0.00011801845648422,1924,0
1262,0,0,2,1,2,1,0.0003926876100476516,0.8518655593593386,0.23890117753410364,2.5,0.00016054903906030435,1378,0
2036,0,0,1,0,1,0,0.00021114668626634153,1.0,0.19338783825586123,2.0,8.361003284314823e-05,2788,0
2043,0,0,2,2,2,2,0.0003429705155154934,0.9305469489888847,0.09099627503832915,1.0,0.00013070354598518038,1708,0
1257,0,0,5,5,5,5,0.001130742046071422,0.9939446118555105,0.0981726320480879,1.0,0.0004176529014229929,475,0
2587,0,0,1,1,1,1,0.0003101635736078063,0.999086316024044,0.099394461185535,1.0,0.00011996420145464099,1897,0
2026,0,0,1,1,1,1,0.00026694288355598,0.9518655593593386,0.19174389848593026,2.0,0.00010755845591749752,2128,0
860,0,0,2,2,2,2,0.00028866687073235073,0.8262472165662256,0.4302143541890956,4.5,0.00011559051446251653,1971,0
2040,0,0,1,1,1,1,0.0002799750402417049,0.9984540619357574,0.1925571202962342,2.0,0.00011801845648422,1923,0
862,0,0,5,4,5,4,0.0006573922030267187,0.9773562357979507,0.16740886950745976,1.8,0.00023407495402702017,910,0
2037,0,0,2,2,2,2,0.00031646802172345743,0.6077035381763093,0.09747180019329954,1.0,0.00012564747385544308,1798,0
1680,0,0,2,1,2,1,0.00035058602056234713,0.6059537398501667,0.1457890717192391,1.5,0.00015163496847108378,1467,0
2044,0,0,1,1,1,1,0.00025735559676296925,0.9940462601498333,0.19503290643227716,2.0,0.00011082693321534651,2055,0
2601,0,0,1,1,1,1,0.00021853091476066618,0.9858281673939718,0.09713406713885046,1.0,8.853230182580423e-05,2582,0
678,0,0,6,7,6,7,0.0012843913371958706,0.9775249790528637,0.19245762855030243,2.0,0.0005447984106989846,337,0
2589,0,0,1,1,1,1,0.00023333176652775526,0.8898637133825166,0.09399598822176251,1.0,9.541329462230197e-05,2397,0
2033,0,0,1,1,1,1,0.0002032378482390512,0.9945807640384247,0.19408605416768687,2.0,8.153290356651224e-05,2854,0
1650,0,0,1,1,1,1,0.00024105588991589299,0.8556746620161941,0.2659902001223883,3.0,9.693306594936519e-05,2359,0
1627,0,0,2,2,2,2,0.00034050192416704264,0.9319157721585734,0.14072290858379485,1.5,0.00013710078861544313,1619,0
275,0,0,12,11,12,11,0.0016262051416577248,0.9431455810833569,0.22058425721411226,2.4166666666666665,0.0006870316644721981,238,0
864,0,0,4,4,4,4,0.0006374005742285122,0.9659135110818149,0.20885486355258157,2.25,0.00025061075886467516,843,0
2005,0,0,2,2,2,2,0.0003259324462866245,0.9323211821470295,0.0944610459757343,1.0,0.00012241726109766006,1845,0
786,0,0,4,4,4,4,0.0005303151569727196,0.9899507390365273,0.22928706062397064,2.5,0.00022170336045564904,980,0
2049,0,0,1,1,1,1,0.00024105588991589299,0.9056746620161942,0.1773268000815922,2.0,9.693306594936519e-05,2364,0
1249,0,0,9,9,9,9,0.0011166460176969485,0.9097348782537975,0.07118541608776822,0.6666666666666666,0.0004340718762787368,456,0
2607,0,0,1,1,1,1,0.00024105588991589299,0.9556746620161941,0.0886634000407961,1.0,9.693306594936519e-05,2365,0
2524,0,0,1,1,1,1,0.000224492068691047,0.8794725690523243,0.09150628694077818,1.0,9.074986864004392e-05,2504,0
2046,0,0,2,1,2,1,0.00030094514636856093,0.616535434790862,0.09515507833880504,1.0,0.00012072385657573779,1873,0
2606,0,0,1,1,1,1,0.0002604251683556712,0.8792493334301515,0.08866104429123021,1.0,0.00010641797768519589,2154,0
77,0,0,29,30,29,30,0.0031487767262351036,0.9687792900375353,0.1719907130237329,1.793103448275862,0.001545486206504733,81,0
2045,0,0,2,3,2,3,0.00032891743398066187,0.9654523700582165,0.0964358419213372,1.0,0.00014403280326028442,1550,0
2050,0,0,2,1,2,1,0.00033367823034113415,0.9537711857248488,0.09748753599526343,1.0,0.0001390163612106947,1596,0
1681,0,0,1,1,1,1,0.00024105588991589299,0.5556746620161941,0.2659902001223883,3.0,9.693306594936519e-05,2363,0
2552,0,0,1,2,1,2,0.00021817662413477714,0.9760721089671129,0.0964325607333037,1.0,8.838851548243165e-05,2584,0
1683,0,0,2,5,2,5,0.00034332652201272143,0.8982995764586108,0.14302246060169196,1.5,0.00013439794268595945,1659,0
2610,0,0,1,1,1,1,0.0002175817955210498,0.9648302047582653,0.09741580501069043,1.0,8.140735954315266e-05,2877,0
1456,0,0,1,2,1,2,0.0002175817955210498,0.9410023821614952,0.09741580501069043,1.0,0.00016965387251443076,1295,0
1119,0,0,3,3,3,3,0.000496502139283573,0.934934580465302,0.1848993448331111,2.0,0.00019805523178529892,1104,0
932,0,0,1,3,1,3,0.0002017661021607282,0.9207907284992812,0.7440377384067067,8.0,7.606950634375339e-05,3338,0
386,0,0,7,7,7,7,0.0008448910900887312,0.8878890997172346,0.19097693204499522,2.0,0.0004269497692682392,468,0
2003,0,0,1,1,1,1,0.00021193765069124794,0.9894912136443059,0.18834300239376453,2.0,8.305898874852751e-05,2805,0
2608,0,0,1,0,1,0,0.0003027233565730787,1.0,0.09536701177783921,1.0,0.00011300414817858997,2015,0
6,0,0,6,8,6,8,0.0007601978490036517,0.9630306079655009,0.17475574525265913,1.8333333333333333,0.004780121390485107,10,1
1450,0,0,3,6,3,6,0.0004317775748331216,0.9722257408551653,0.12748076014422835,1.3333333333333333,0.00016446211918184987,1338,0
2595,0,0,1,1,1,1,0.00021817662413477714,0.9681672473155823,0.0964325607333037,1.0,8.838851548243165e-05,2595,0
2024,0,0,1,0,1,0,0.00021525051374358587,1.0,0.18957083010211953,2.0,8.145573571720545e-05,2871,0
622,0,0,11,10,11,10,0.0014781000506719794,0.9844988140987032,0.10614683519709915,1.0909090909090908,0.0005634579428784167,317,0
2602,0,0,1,1,1,1,0.00024863061668379556,0.897246397806242,0.09450257624949082,1.0,9.818191083235038e-05,2327,0
1455,0,0,2,2,2,2,0.0003735450886742162,0.751460529911218,0.18608556439463425,2.0,0.00014537500969617902,1537,0
785,0,0,9,9,9,9,0.0011372561179929044,0.9460848280087795,0.19882833747230402,2.111111111111111,0.0004524554338541605,429,0
481,0,0,5,4,5,4,0.0007324331888050267,0.9644723545219928,0.27397082335051814,3.4,0.0002924376779070491,723,0
1265,0,0,1,1,1,1,0.0003458827140488275,0.8889783584456261,0.47084984277636827,5.0,0.00014370810802160274,1553,0
2047,0,0,1,0,1,0,0.0002032378482390512,1.0,0.19408605416768687,2.0,8.153290356651224e-05,2855,0
1121,0,0,2,2,2,2,0.00042456919535175297,0.9680243016534497,0.2503540324536454,3.0,0.00018147976774631389,1202,0
2599,0,0,1,2,1,2,0.00022885017387048534,0.8695078688870296,0.09899507390359598,1.0,9.708117430152783e-05,2356,0
2009,0,0,2,3,2,3,0.00025658910533369765,0.975589092649149,0.09383665935117982,1.0,0.00010182994121794937,2272,0
623,0,0,1,1,1,1,0.00024105588991589299,0.9556746620161941,0.0886634000407961,1.0,0.000436144390962166,453,0
2048,0,0,2,2,2,2,0.00032043960907937905,0.902328416923255,0.09285163341750977,1.0,0.0001324867105831307,1682,0
724,0,0,2,0,2,0,0.0003228002418987462,1.0,0.4951546819440135,5.5,0.00013952969975122417,1589,0
863,0,0,14,16,14,16,0.0015849077807535453,0.9687602879480981,0.12802422372800898,1.3571428571428572,0.0007533007995355805,216,0
2612,0,0,1,1,1,1,0.0002725071699018995,0.9537711857248488,0.09775249790490395,1.0,0.00011577120135921999,1967,0
2609,0,0,1,1,1,1,0.00023539874007089768,0.9301161185552406,0.09734314126976207,1.0,9.059518748761438e-05,2510,0
931,0,0,5,5,5,5,0.000652986152923445,0.9140373793080908,0.15067227216057089,1.6,0.00024402807145990763,870,0
1266,0,0,1,1,1,1,0.00024924120128768355,0.9486375995592821,0.4503037226031838,5.0,0.00010998736705327856,2078,0
679,0,0,3,3,3,3,0.00046687762018122027,0.841460719361809,0.3797543125682252,4.0,0.00019659727331715582,1112,0
930,0,0,2,2,2,2,0.0005824333029547903,0.9977816554564546,0.3620617622441705,4.0,0.00024930140875496895,852,0
1246,0,0,1,2,1,2,0.00024105588991589299,0.8653616201624443,0.4433170002039805,5.0,9.693306594936519e-05,2358,0
1684,0,0,2,2,2,2,0.0003143345557538215,0.9270802778340157,0.14024243285986127,1.5,0.00012893036831006173,1731,0
2028,0,0,1,0,1,0,0.00024863061668379556,1.0,0.18900515249898164,2.0,9.818191083235038e-05,2329,0
1453,0,0,4,4,4,4,0.0004537687731037228,0.9793403644085337,0.0948669228085279,1.0,0.00016843229681227817,1305,0
624,0,0,4,2,4,2,0.0007789676284121205,0.9956064092447393,0.28995971936920406,3.25,0.00029589201300178484,714,0
2054,0,0,1,1,1,1,0.00019031067607645747,0.9987512772505729,0.09610538702054423,1.0,9.976687242091423e-05,2298,0
1122,0,0,3,3,3,3,0.0004113017870178113,0.9725144006724795,0.1896168383579646,2.0,0.00016067888582130274,1377,0
7561,0,0,4,4,4,4,0.0005813781101117957,0.9100903171001017,-0.6545503676021822,-7.0,0.0002330912631274034,917,0
7374,0,0,4,4,4,4,0.0007588402869632239,0.842575899413858,-0.03891703412765775,-0.5,0.0003047448321960239,690,0
426,0,0,5,4,5,4,0.0008082383159680208,0.8856098978389505,0.25586662941237726,2.8,0.0003050702459611723,687,0
2611,0,0,1,1,1,1,0.00019909102157561186,0.8402610263344323,0.09196073301420395,1.0,8.092428830587028e-05,2932,0
1012,0,0,6,5,6,5,0.0016354366904215412,0.9996257940325128,0.11486750970820962,1.1666666666666667,0.0005218524880098061,356,0
2051,0,0,1,1,1,1,0.00021524469680364965,0.9792576359817666,0.1937286395605231,2.0,8.037396735002296e-05,2955,0
2600,0,0,1,1,1,1,0.00039124820642883113,0.9925662451458952,0.09996257940296832,1.0,0.0001412371431519654,1574,0
254,0,0,12,22,12,22,0.001319198216996904,0.9237456283128098,0.2215805957296005,2.6666666666666665,0.0004972670737371657,381,0
302,0,0,3,3,3,3,0.00039899346348771484,0.8651556107132583,0.2530107715033239,2.6666666666666665,0.00036112971152472934,569,0
132,0,0,27,31,27,31,0.0029306762913396942,0.9484570859544521,0.19750264026105582,2.074074074074074,0.0010472814267634605,149,0
2623,0,0,1,1,1,1,0.00021805604352507276,0.9945807640384247,0.09332915003586219,1.0,8.351044712135173e-05,2793,0
1120,0,0,5,6,5,6,0.0005717910081282044,0.9348069604215576,0.1146352286647716,1.2,0.00022191976939049568,977,0
1261,0,0,4,4,4,4,0.0006904196444893488,0.9912899078786672,0.12236029827765323,1.25,0.0002834823895522101,748,0
1458,0,0,1,2,1,2,0.00016713081158932128,0.6290183478355211,0.09237456283082206,1.0,0.00015329019059735234,1443,0
2620,0,0,1,1,1,1,0.00016713081158932128,0.9027536021937579,0.09237456283082206,1.0,6.898480968232817e-05,3589,0
1682,0,0,1,0,1,0,0.00019680921254694027,1.0,0.2776772232739885,3.0,8.023847543009643e-05,2963,0
303,0,0,12,12,12,12,0.0016589676726378668,0.9494591949726132,0.22909285019511258,2.5,0.0006801963386566157,244,0
2055,0,0,1,1,1,1,0.00038543705603999933,0.9970605298699822,0.1964319355699679,2.0,0.0001811651705298836,1218,0
359,0,0,11,11,11,11,0.003767783024633278,0.9821596778503263,0.20587894026003567,2.090909090909091,0.001402772687630887,99,0
2622,0,0,1,1,1,1,0.00021114668626634153,0.9817724200008644,0.09669391912793061,1.0,8.361003284314823e-05,2787,0
387,0,0,4,3,4,3,0.0006443757567004632,0.8127870136278871,0.4926814638279109,5.25,0.00027677087963814083,769,0
2056,0,0,1,1,1,1,0.00038543705603999933,0.9970605298699822,0.1964319355699679,2.0,0.0001811651705298836,1217,0
2617,0,0,1,1,1,1,0.00038543705603999933,0.9970605298699822,0.09821596778498395,1.0,0.0001811651705298836,1211,0
2616,0,0,1,1,1,1,0.00038543705603999933,0.9970605298699822,0.09821596778498395,1.0,0.0001811651705298836,1213,0
2057,0,0,1,1,1,1,0.00038543705603999933,0.9970605298699822,0.1964319355699679,2.0,0.0001811651705298836,1216,0
1688,0,0,2,3,2,3,0.0003416018174452221,0.9676331042644145,0.14265511642058662,1.5,0.00014148888884222766,1570,0
2058,0,0,1,1,1,1,0.00038543705603999933,0.9970605298699822,0.1964319355699679,2.0,0.0001811651705298836,1215,0
2017,0,0,1,1,1,1,0.00021525051374358587,0.9596567296633025,0.18957083010211953,2.0,8.145573571720545e-05,2858,0
2062,0,0,1,1,1,1,0.00038543705603999933,0.9529394701300178,0.1964319355699679,2.0,0.0001811651705298836,1209,0
2061,0,0,1,1,1,1,0.00038543705603999933,0.9970605298699822,0.1964319355699679,2.0,0.0001811651705298836,1212,0
2060,0,0,1,1,1,1,0.00038543705603999933,0.9529394701300178,0.1964319355699679,2.0,0.0001811651705298836,1210,0
2059,0,0,1,1,1,1,0.00038543705603999933,0.9970605298699822,0.1964319355699679,2.0,0.0001811651705298836,1214,0
2052,0,0,1,1,1,1,0.00023333176652775526,0.9398637133825166,0.18799197644352503,2.0,9.541329462230197e-05,2395,0
1687,0,0,1,1,1,1,0.00021685345706068968,0.9870970645462938,0.2922030806330964,3.0,9.341356575438546e-05,2435,0
3999,0,0,0,1,0,1,0.0001161414179254723,0.9909742503949047,0.0,0.0,4.9739967085536536e-05,3768,0
1686,0,0,3,3,3,3,0.0006598680356611878,0.984059029560282,0.09847392512854092,1.0,0.0002823811266306354,751,0
7533,0,0,2,2,2,2,0.00032032988091073883,0.9618845763884938,-0.9516648521350419,-10.0,0.00012214739820463828,1852,0
2621,0,0,1,1,1,1,0.00030300771448098045,0.9992369625642704,0.0984059029559972,1.0,0.00013106812065068402,1701,0
865,0,0,5,6,5,6,0.0007025292422854844,0.9806931670151765,0.0961351636417947,1.0,0.00029172455350002347,725,0
2626,0,0,1,1,1,1,0.00021746545353918182,0.616535434790862,0.09635378312423395,1.0,8.909525957323883e-05,2567,0
2625,0,0,1,1,1,1,0.00021805604352507276,0.9945807640384247,0.09332915003586219,1.0,8.351044712135173e-05,2792,0
2628,0,0,1,1,1,1,0.00021805604352507276,0.9945807640384247,0.09332915003586219,1.0,8.351044712135173e-05,2791,0
7439,0,0,2,0,2,0,0.0002991019384363062,1.0,-0.41990540215807914,-4.5,0.0001148509923308193,1983,0
1267,0,0,3,3,3,3,0.0003500913321001552,0.9633389172999323,0.09306146963638258,1.0,0.00016373465796056528,1348,0
2627,0,0,1,1,1,1,0.0003438630382843843,0.977302522518647,0.0981533463446459,1.0,0.00014679040383384565,1525,0
2067,0,0,2,2,2,2,0.00033767663868960324,0.9987679125761888,0.09518042168615715,1.0,0.00013816434352301234,1606,0
2629,0,0,1,1,1,1,0.00020038580434995917,0.9859878881359955,0.09687602879451958,1.0,8.970367568907279e-05,2547,0
1690,0,0,2,2,2,2,0.0002690454371889217,0.9668952330868122,0.13903913784875316,1.5,0.00010275528971814338,2252,0
2064,0,0,2,2,2,2,0.00029962001034764457,0.9209816521644788,0.09343856954015645,1.0,0.00011742675342914203,1935,0
1937,0,0,1,1,1,1,0.0002359932672068802,0.9815781667515058,0.19541699499233703,2.0,9.5778377483072e-05,2381,0
2065,0,0,2,3,2,3,0.00029328173593352007,0.9741428768777038,0.09702480472183006,1.0,0.00011741796056057249,1936,0
2618,0,0,1,1,1,1,0.00019909102157561186,0.9597389736655676,0.09196073301420395,1.0,8.092428830587028e-05,2934,0
2069,0,0,2,3,2,3,0.0002834482901346031,0.9345366176769161,0.0946515249995922,1.0,0.00011071146762946308,2064,0
2637,0,0,1,1,1,1,0.00021817662413477714,0.9681672473155823,0.0964325607333037,1.0,8.838851548243165e-05,2594,0
2070,0,0,1,1,1,1,0.00022258667982721805,0.6297362007380305,0.18881734027796815,2.0,8.410822776255662e-05,2770,0
723,0,0,1,1,1,1,0.0002100195616237664,0.9789372675549717,0.09694869869187744,1.0,0.00022802949122757382,949,0
515,0,0,6,5,6,5,0.0009316985766119122,0.9082477006767937,0.2424803828173678,2.6666666666666665,0.00038054349312247363,537,0
2635,0,0,1,0,1,0,0.00028238146731881944,1.0,0.0916235461269306,1.0,9.939120132766181e-05,2305,0
934,0,0,4,4,4,4,0.0005159873516139007,0.9722951282731042,0.12120694497776245,1.25,0.0002748819833135482,774,0
788,0,0,1,1,1,1,0.00022709442980894874,0.6087846249065605,0.8284277946296132,10.0,9.153227392292903e-05,2478,0
2639,0,0,1,1,1,1,0.00023539874007089768,0.9698838814447595,0.09734314126976207,1.0,9.059518748761438e-05,2511,0
1989,0,0,2,3,2,3,0.0004030798537657499,0.9942660242566909,0.09800713766553892,1.0,0.00016705958691866048,1317,0
2613,0,0,1,1,1,1,0.00023033774634822053,0.9990035688327694,0.09942660242567514,1.0,9.71767289044521e-05,2353,0
2642,0,0,1,1,1,1,0.0003177130691803346,0.9308921674687077,0.09479677156599044,1.0,0.00012792566926394744,1752,0
2645,0,0,1,1,1,1,0.00024175244524866283,0.9969265824014504,0.09844988141013053,1.0,9.329960909791284e-05,2439,0
7571,0,0,6,4,6,4,0.0005414759927940958,0.6396045221791691,-0.40945898277621345,-5.0,0.00019619734420480938,1117,0
7576,0,0,6,2,6,2,0.0006248940375675235,0.46169367458465316,-0.49023311360500793,-5.166666666666667,0.00023057753522723174,934,0
1124,0,0,3,3,3,3,0.00046124364637514776,0.9548656509643547,0.1865330529286332,2.0,0.00018991334965780683,1157,0
7520,0,0,6,5,6,5,0.0006288608837886988,0.6995734933304716,-0.2232152667461066,-2.8333333333333335,0.00023188030254904984,927,0
7414,0,0,2,0,2,0,0.00024630966836871666,1.0,-0.1864575277239341,-3.5,9.838011185101893e-05,2322,0
1443,0,0,2,2,2,2,0.0004068860745929205,0.9658870037914464,0.19702212654645612,2.0,0.00014725212638643328,1517,0
1460,0,0,2,2,2,2,0.0003405587423887468,0.973741770250563,0.1907588575207185,2.0,0.00012756046751799915,1762,0
577,0,0,3,4,3,4,0.00046374747914840994,0.8855647039022453,0.4228324347196745,4.666666666666667,0.00019379875218542575,1136,0
2072,0,0,1,1,1,1,0.00022366318779331592,0.999414168736152,0.18921696559973303,2.0,8.806647032989277e-05,2605,0
2068,0,0,2,4,2,4,0.00030925127732582585,0.9875096921642146,0.09747340302773158,1.0,0.00013037113071761667,1713,0
7396,0,0,2,0,2,0,0.00024630966836871666,1.0,-0.08152150412431206,-2.0,9.838011185101893e-05,2323,0
7409,0,0,2,0,2,0,0.00025448756881495626,1.0,-0.1634726473588213,-3.0,0.00010063740879472479,2294,0
1693,0,0,3,3,3,3,0.00042800944490020514,0.9062850313189572,0.09333656799848848,1.0,0.0001588565248738944,1393,0
7395,0,0,4,0,4,0,0.00043960010295088974,1.0,-0.1062427948567122,-1.0,0.0001667562749360672,1320,0
2643,0,0,1,1,1,1,0.00021354331382185762,0.9875806346616806,0.09661092763205292,1.0,8.864561198958548e-05,2578,0
2619,0,0,1,0,1,0,0.0001955385348499993,1.0,0.09812530915563578,1.0,7.937879011849086e-05,3144,0
2605,0,0,1,0,1,0,0.0001955385348499993,1.0,0.09812530915563578,1.0,7.937879011849086e-05,3145,0
2644,0,0,1,1,1,1,0.0004512482799359744,0.9989957237350459,0.09849278975652036,1.0,0.0001880014482298587,1172,0
2035,0,0,1,0,1,0,0.00019353307527779237,1.0,0.19556960703737108,2.0,8.0479783152308e-05,2948,0
2636,0,0,1,0,1,0,0.0002137777854346967,1.0,0.09692003827538137,1.0,8.674531247437401e-05,2640,0
2614,0,0,1,0,1,0,0.00021354331382185762,1.0,0.09661092763205292,1.0,8.864561198958548e-05,2579,0
79,0,0,66,68,66,68,0.008714869966415767,0.980707772609607,0.11713500394606834,1.2121212121212122,0.003281400313320698,26,1
1445,0,0,2,2,2,2,0.0002946476306681129,0.8803273677932529,0.19124077715440752,2.0,0.00011109455875015978,2051,0
7415,0,0,2,2,2,2,0.00028114326566409134,0.974305007754833,0.09658954479468623,1.0,0.00041668415281048476,480,0
2508,0,0,1,1,1,1,0.00021817662413477714,0.9681672473155823,0.0964325607333037,1.0,8.838851548243165e-05,2593,0
2646,0,0,1,1,1,1,0.00044758546898674914,0.905020140315398,0.09956064092502576,1.0,0.0001749884096914844,1265,0
2649,0,0,1,1,1,1,0.0003645657617577226,0.8594108919208735,0.0969870848926558,1.0,0.00014502882695126022,1544,0
1692,0,0,2,2,2,2,0.0004036642824070073,0.9712660186973269,0.14684286663910492,1.5,0.0001480284960703247,1507,0
728,0,0,2,2,2,2,0.0006510017692953842,0.9645600858813895,0.26845529803809887,3.0,0.00029959461055122295,707,0
1939,0,0,1,1,1,1,0.00022306434684794303,0.9670628845964303,0.19335991309794276,2.0,7.919711319051613e-05,3158,0
2615,0,0,1,1,1,1,0.0003948154690009215,0.8842276490190495,0.0964560085881426,1.0,0.00011245507122865497,2029,0
2647,0,0,1,0,1,0,0.00016267915386878066,1.0,0.09072206282876542,1.0,6.930488882780872e-05,3581,0
2648,0,0,1,1,1,1,0.00021371240058616465,0.996168356485968,0.09579943637291358,1.0,8.475680618139202e-05,2733,0
2077,0,0,1,1,1,1,0.00027463766245483306,0.9287598085913161,0.09082477006841502,1.0,0.00014753727668856897,1514,0
1461,0,0,3,3,3,3,0.0005313326506285614,0.9749184210275456,0.12835048323127954,1.3333333333333333,0.00022217649483066633,976,0
2624,0,0,1,0,1,0,0.00019606288409875552,1.0,0.09751450330611866,1.0,8.613486926537601e-05,2655,0
1462,0,0,3,3,3,3,0.0007601265380383662,0.9028634878390634,0.12129009582699668,1.3333333333333333,0.00031486597715691664,664,0
583,0,0,4,4,4,4,0.000593511524988863,0.9565989769046159,0.2727633018984814,3.5,0.00023079326442021643,932,0
1126,0,0,1,1,1,1,0.00036360371898946724,0.8810308811220853,0.5986689932755159,6.0,0.00015708880263080258,1404,0
2640,0,0,1,1,1,1,0.00024175244524866283,0.9969265824014504,0.09844988141013053,1.0,9.329960909791284e-05,2438,0
581,0,0,3,3,3,3,0.00040780780214566087,0.8402941738846477,0.44237099541885727,4.666666666666667,0.0001506491396719566,1483,0
2659,0,0,1,1,1,1,0.00019852841981770264,0.9631737471402241,0.09678949728844422,1.0,7.962034116859537e-05,2975,0
2662,0,0,1,2,1,2,0.00030300771448098045,0.9774558122902323,0.0984059029559972,1.0,0.00013106812065068402,1700,0
2660,0,0,1,0,1,0,0.00019926270314546163,1.0,0.09741428768792616,1.0,8.294383847239072e-05,2816,0
1689,0,0,1,1,1,1,0.00039124820642883113,0.9925662451458952,0.09996257940296832,1.0,0.0001798856915488605,1224,0
2653,0,0,1,0,1,0,0.00019646480539289515,1.0,0.09484570859538916,1.0,7.853103604668607e-05,3196,0
1694,0,0,3,4,3,4,0.00043613341493790045,0.9028310287086116,0.09651183284917386,1.0,0.00016271560561882637,1357,0
2071,0,0,2,2,2,2,0.0003738658124784507,0.9905357780221156,0.09627595289596826,1.0,0.00013701560202247713,1621,0
2658,0,0,1,1,1,1,0.0002114230384398581,0.9837980711318252,0.09792576434518585,1.0,9.566944893280141e-05,2386,0
2663,0,0,1,1,1,1,0.0002175817955210498,0.9851697952417346,0.09741580501069043,1.0,8.140735954315266e-05,2878,0
2076,0,0,1,1,1,1,0.0003177130691803346,0.9808921674687078,0.18959354313198087,2.0,0.00012792566926394744,1749,0
1696,0,0,2,2,2,2,0.00032061424217262515,0.9962738269600906,0.09580446614180703,1.0,0.0001758272996308213,1256,0
2665,0,0,1,0,1,0,0.0002458429408014807,1.0,0.0944275601287009,1.0,9.787154977866346e-05,2341,0
2668,0,0,1,1,1,1,0.0002292638353463797,0.9463611260619064,0.09416299812185733,1.0,9.168286547517037e-05,2477,0
2082,0,0,2,2,2,2,0.0005489979111029302,0.9296881372578538,0.09940019440785693,1.0,0.00023377326631262543,913,0
2666,0,0,1,1,1,1,0.0004137929283652707,0.9718338983488749,0.09998462036947446,1.0,0.00018140318058360613,1203,0
1698,0,0,2,2,2,2,0.0007091708177557253,0.9998462036943329,0.1436677966977498,1.5,0.0002930484776590516,722,0
55,0,0,3,5,3,5,0.00048617043952241213,0.9059268028920101,0.4088046751903441,4.333333333333333,0.0012384856977270902,114,0
867,0,0,2,2,2,2,0.0006890527381005865,0.8358110595912432,0.42057065731653803,4.5,0.0003055480845518885,686,0
1269,0,0,5,5,5,5,0.0008710553360220326,0.9754492653188253,0.09635416759941233,1.0,0.00032155116863293764,647,0
20,0,0,15,15,15,15,0.0016660089458398956,0.9068082252659778,0.2850790040767535,3.066666666666667,0.0016347441089858115,74,0
2655,0,0,1,2,1,2,0.00020147687381642332,0.7329350816832492,0.09793757197652177,1.0,8.177067548317338e-05,2850,0
1697,0,0,3,4,3,4,0.000401339050567141,0.9793757197846658,0.08933716816436808,1.0,0.00015117444006661627,1472,0
2669,0,0,1,1,1,1,0.000241886144417144,0.9397078713929439,0.09431455809634674,1.0,0.00010273055022834332,2254,0
2675,0,0,1,2,1,2,0.00022500689090133896,0.9944324482142285,0.0980707772609436,1.0,9.040742211408043e-05,2519,0
2084,0,0,2,1,2,1,0.0004273080564908793,0.9893549520865017,0.09486479680298246,1.0,0.00017712344064745147,1246,0
4311,0,0,2,1,2,1,0.0005003195301409787,0.839714671341731,-0.006671594955964234,0.0,0.000215833505091469,1019,0
2670,0,0,1,1,1,1,0.00022500689090133896,0.9914324980269659,0.0980707772609436,1.0,9.040742211408043e-05,2520,0
1700,0,0,2,2,2,2,0.0005068748435090322,0.9956064092447393,0.09901065500561168,1.0,0.000234922787436898,905,0
265,0,0,1,1,1,1,0.000205347685744706,0.9859953565118664,0.09687792900374372,1.0,0.0004063966436723413,499,0
680,0,0,11,12,11,12,0.0012358784110705757,0.9494844411225652,0.2155646272651814,2.272727272727273,0.0004756660744298486,403,0
1463,0,0,2,2,2,2,0.0003573562022745058,0.9096055478522437,0.19045786649615182,2.0,0.00013446207132584133,1657,0
2083,0,0,2,2,2,2,0.00036708783766938193,0.9670143513668453,0.09391243728266249,1.0,0.00013760827915619485,1613,0
388,0,0,1,1,1,1,0.0002317196128318409,0.6986835172605174,0.9701504733597638,10.0,0.0001081851473412117,2116,0
2683,0,0,1,1,1,1,0.00022500689090133896,0.9914324980269659,0.0980707772609436,1.0,9.040742211408043e-05,2515,0
2674,0,0,1,1,1,1,0.00026424642260177805,0.9981770837997062,0.09754492653178835,1.0,0.00010461323970147003,2184,0
2074,0,0,1,2,1,2,0.00021253143018085748,0.9939278336358959,0.19549906963602948,2.0,7.752939991329367e-05,3250,0
1252,0,0,3,2,3,2,0.00039712285329270025,0.9906539975188359,0.09785867283771889,1.0,0.000183156960775635,1190,0
2654,0,0,1,1,1,1,0.00022500689090133896,0.9914324980269659,0.0980707772609436,1.0,9.040742211408043e-05,2516,0
1702,0,0,2,2,2,2,0.0003081538290267846,0.9621049973268196,0.14213831981343614,1.5,0.00010833425664360103,2114,0
1018,0,0,5,5,5,5,0.0006346302032212219,0.9823742894663796,0.1325607188351737,1.4,0.00023223821973932616,923,0
2086,0,0,2,2,2,2,0.000321760061436683,0.972507547075894,0.09691702754296194,1.0,0.0001276152841386993,1761,0
2671,0,0,1,1,1,1,0.0003320047928797303,0.9995053275028059,0.09956064092502576,1.0,0.00014908373482431337,1500,0
482,0,0,5,4,5,4,0.0005801495196017645,0.9736346317669686,0.17236062789008577,1.8,0.00041685658601603074,479,0
2081,0,0,1,1,1,1,0.0003187873912890042,0.9486294969528287,0.0884268855367083,1.0,0.0001620281890591664,1364,0
18,0,0,40,42,40,42,0.004779263045860736,0.957632778248564,0.19283480775035533,2.05,0.0034018120194040016,22,1
2672,0,0,1,1,1,1,0.00022500689090133896,0.9914324980269659,0.0980707772609436,1.0,9.040742211408043e-05,2518,0
2678,0,0,1,1,1,1,0.00022500689090133896,0.9914324980269659,0.0980707772609436,1.0,9.040742211408043e-05,2517,0
1448,0,0,3,3,3,3,0.0008281440671457371,0.9475452162871457,0.12759797533465211,1.3333333333333333,0.0003677443472841847,560,0
1263,0,0,1,1,1,1,0.00023254821904075684,0.8784539845998992,0.4711026873102888,5.0,0.00010404974484577549,2200,0
1017,0,0,2,1,2,1,0.0004669794966082167,0.986201012332674,0.3300388732005197,3.5,0.00020863152987320497,1057,0
2085,0,0,1,1,1,1,0.00026424642260177805,0.9981770837997062,0.1950898530635767,2.0,0.00010461323970147003,2185,0
7450,0,0,1,0,1,0,0.0002595850413148616,1.0,-0.9987679128928861,-10.0,0.0001086699206385768,2101,0
2555,0,0,1,2,1,2,0.00028780706739787114,0.9598284480684449,0.08856098978397009,1.0,0.0001146593355749479,1990,0
2684,0,0,1,1,1,1,0.00021092948005840384,0.9676058055239982,0.0960505391368581,1.0,8.333163680368215e-05,2797,0
2680,0,0,1,1,1,1,0.0002336358134662761,0.9354535749024437,0.09494591949748854,1.0,9.810332141301956e-05,2333,0
1705,0,0,3,3,3,3,0.0005055131570785946,0.9696157608931602,0.09760653828255383,1.0,0.0002013360050422065,1089,0
2089,0,0,2,2,2,2,0.0004717254198651505,0.9990312899135189,0.09806220167394859,1.0,0.00019074737543144094,1155,0
1703,0,0,2,3,2,3,0.0002932179759282392,0.9817734762009694,0.14318613212267486,1.5,0.00011573889807130495,1969,0
2088,0,0,2,0,2,0,0.0002880673410215597,1.0,0.09530868971651742,1.0,0.0001146724437379582,1988,0
2661,0,0,1,1,1,1,0.00021853091476066618,0.9641718326060281,0.09713406713885046,1.0,8.853230182580423e-05,2581,0
1701,0,0,3,3,3,3,0.0005132570013988591,0.9958656017074788,0.09916837333456763,1.0,0.00020355357063493376,1079,0
2656,0,0,1,1,1,1,0.00021817662413477714,0.9681672473155823,0.0964325607333037,1.0,8.838851548243165e-05,2589,0
1656,0,0,3,2,3,2,0.0004982524825061622,0.9916282725911196,0.09851862137152183,1.0,0.00020000397488423056,1093,0
729,0,0,8,10,8,10,0.001076110114642365,0.969242958718219,0.13154911130947003,1.375,0.00040668981366824634,498,0
866,0,0,7,9,7,9,0.0009589266044713781,0.987284392519901,0.12282017003232924,1.2857142857142858,0.0003517484143042551,588,0
2685,0,0,1,1,1,1,0.00021746545353918182,0.616535434790862,0.09635378312423395,1.0,8.909525957323883e-05,2565,0
1699,0,0,1,1,1,1,0.00030687258873395197,0.9883511174727501,0.24694925602545226,3.0,9.468532814653549e-05,2412,0
2087,0,0,2,2,2,2,0.00031641922678894274,0.9878289711861155,0.09749753656640087,1.0,0.00012514950922900336,1806,0
933,0,0,3,4,3,4,0.0004118241729886584,0.957948139852655,0.09632977013706724,1.0,0.00021886578232118144,1001,0
1466,0,0,2,2,2,2,0.0007162759075857073,0.9424383627055064,0.1914637307282795,2.0,0.0002276055737039446,952,0
730,0,0,5,5,5,5,0.0006090145218510777,0.9220956062303269,0.2083041089471817,2.2,0.00022228188854764647,974,0
2688,0,0,1,1,1,1,0.00022500689090133896,0.9914324980269659,0.0980707772609436,1.0,9.040742211408043e-05,2514,0
1019,0,0,1,0,1,0,0.00018819959888725563,1.0,0.6152192631338104,7.0,7.472553892920439e-05,3416,0
146,0,0,2,2,2,2,0.00035794436707796916,0.966998040381323,0.144734948785257,1.5,0.001444212898914603,92,0
2691,0,0,1,1,1,1,0.00026343862602886314,0.989238978584313,0.09950869286157572,1.0,0.0001097300886168114,2083,0
2630,0,0,1,1,1,1,0.00022258667982721805,0.9202637992619694,0.09440867013898407,1.0,8.410822776255662e-05,2772,0
936,0,0,2,2,2,2,0.0008158268509684475,0.9689896373522038,0.37584657646515557,4.0,0.0002935463439328627,719,0
1467,0,0,2,2,2,2,0.0003379878116354083,0.9593306375431316,0.19657577283457736,2.0,0.00013601937610787897,1630,0
542,0,0,11,12,11,12,0.0012504569792333542,0.974986669379868,0.1212476157691901,1.2727272727272727,0.00048328827839315533,394,0
1704,0,0,2,2,2,2,0.0005068748435090322,0.9956064092447393,0.1463530406636538,1.5,0.00020948595596484876,1047,0
2692,0,0,1,1,1,1,0.0003320047928797303,0.9731765203318269,0.09956064092502576,1.0,0.0001383524879593109,1604,0
1464,0,0,2,2,2,2,0.0006510017692953842,0.9328758115545079,0.189946494974625,2.0,0.00026872876528131453,789,0
2689,0,0,1,1,1,1,0.00033382583716792553,0.9578634162275065,0.09536701177783921,1.0,0.00013632634004166739,1626,0
314,0,0,16,14,16,14,0.0020573989561285273,0.8821442220809519,0.27060322101532364,2.875,0.0007584944027167754,214,0
1649,0,0,1,1,1,1,0.00020915427266411402,0.9669274831248487,0.09541171460886724,1.0,0.00015205289351344483,1462,0
628,0,0,3,3,3,3,0.0006545386229217777,0.7093468267273286,0.3154217474619045,4.333333333333333,0.0002673047458300877,801,0
2693,0,0,1,1,1,1,0.00021289458846081636,0.9535825961248223,0.09576327782498029,1.0,8.69478291101554e-05,2630,0
789,0,0,1,1,1,1,0.00030151971389313757,0.6577108737309523,0.7093468351149721,10.0,0.00012624444454538815,1788,0
1468,0,0,3,3,3,3,0.0003877377640466567,0.9863501646757871,0.12927088060924016,1.3333333333333333,0.00015079610278287287,1481,0
1271,0,0,3,3,3,3,0.00044477265185049255,0.961781290071197,0.1551840117620729,1.6666666666666667,0.00016237505901461254,1360,0
2091,0,0,2,2,2,2,0.000321760061436683,0.972507547075894,0.09691702754296194,1.0,0.0001276152841386993,1760,0
2092,0,0,2,2,2,2,0.00031552274088459233,0.9900112065054006,0.09839960825616109,1.0,0.00012379182883087497,1817,0
2694,0,0,1,1,1,1,0.00022500689090133896,0.9914324980269659,0.0980707772609436,1.0,9.040742211408043e-05,2525,0
1273,0,0,4,3,4,3,0.0006060069856611836,0.984183443844053,0.1212111030280009,1.25,0.0002394005703999229,884,0
1695,0,0,3,3,3,3,0.0004735782244950995,0.9776524549867885,0.0962064903609046,1.0,0.00018427353781126432,1187,0
4017,0,0,1,1,1,1,0.0003326062299596618,0.9723091812094212,0.09987737332718956,1.0,9.765846579220143e-05,2343,0
627,0,0,2,2,2,2,0.0005093257624953751,0.9987737332718983,0.1446183624188424,1.5,0.0003648561461479742,565,0
1123,0,0,4,4,4,4,0.0008230712594255532,0.9707007584781586,0.14477486125379876,1.5,0.00033080527089328305,621,0
2063,0,0,1,1,1,1,0.00029074282659216416,0.9776125693731006,0.1941401516955253,2.0,0.00012139792142368906,1868,0
231,0,0,15,13,15,13,0.0015878931044138581,0.932104526460142,0.2122828187342721,2.2666666666666666,0.000567118386198902,311,0
2095,0,0,1,1,1,1,0.00029074282659216416,0.9776125693731006,0.1941401516955253,2.0,0.00012139792142368906,1867,0
1021,0,0,5,5,5,5,0.0007841185731313282,0.9758788660929629,0.1341166989643999,1.4,0.000281496045065814,755,0
2664,0,0,1,1,1,1,0.00024109655239267782,0.9146983894923382,0.08821442218164782,1.0,9.571005088501407e-05,2384,0
2094,0,0,2,1,2,1,0.00030391891784433127,0.9516309177706646,0.09597465340217753,1.0,0.00011362981712713694,2011,0
937,0,0,1,1,1,1,0.00022500689090133896,0.9914324980269659,0.0980707772609436,1.0,0.0005068478854073751,367,0
7328,0,0,6,7,6,7,0.0008066517701183695,0.7934399608953036,0.08974076252105818,1.5,0.0004407866877402147,444,0
1125,0,0,2,2,2,2,0.0003475418142944236,0.9027827048848156,0.26774039052361154,3.0,0.00013007831156203414,1716,0
117,0,0,2,2,2,2,0.00028207253298677415,0.9264487203312063,0.09526588113259071,1.0,0.002160121450241902,51,0
2073,0,0,1,1,1,1,0.00026671716219857215,0.9641752416156397,0.1949836842054959,2.0,0.00011249716139221299,2026,0
2682,0,0,1,1,1,1,0.00022306434684794303,0.9829371154035698,0.09667995654897138,1.0,7.919711319051613e-05,3159,0
1275,0,0,1,1,1,1,0.0004615029242839715,0.9379232882325778,0.4844948186805354,5.0,0.00017807564022979545,1236,0
7448,0,0,1,0,1,0,0.00018819959888725563,1.0,-0.8788846616197291,-10.0,7.472553892920439e-05,3417,0
2696,0,0,1,1,1,1,0.00021746545353918182,0.616535434790862,0.09635378312423395,1.0,8.909525957323883e-05,2566,0
2697,0,0,1,0,1,0,0.00023033774634822053,1.0,0.09942660242567514,1.0,9.71767289044521e-05,2354,0
1454,0,0,2,2,2,2,0.0003160017355299568,0.9677306878936722,0.1862903224769215,2.0,0.00013443853493712594,1658,0
451,0,0,1,1,1,1,0.00024109655239267782,0.9853016105076619,0.17642884436329564,2.0,0.00035309651885000057,586,0
2093,0,0,2,2,2,2,0.0002975737410593041,0.973927891032887,0.09727893494446974,1.0,0.00011802733851538596,1922,0
516,0,0,7,8,7,8,0.0007723668296847718,0.9662118834023928,0.09565572206034216,1.0,0.00040087557895781043,509,0
731,0,0,2,2,2,2,0.00043023981305340733,0.7517415154414593,0.44052378589161856,5.5,0.00017831356917846506,1234,0
7440,0,0,1,2,1,2,0.00021411444237817842,0.6597528094165614,0.07934399609107207,1.0,0.0001262292103666272,1789,0
938,0,0,5,5,5,5,0.0006084504241060152,0.9908939318582151,0.15366326355251245,1.6,0.00022566650214372828,961,0
253,0,0,11,12,11,12,0.0013488455385778366,0.8733151524331129,0.20449739380423593,2.1818181818181817,0.0006669172741446984,250,0
1129,0,0,2,2,2,2,0.0003213386612416305,0.9829444716870324,0.0976597638483655,1.0,0.00031164958634073724,672,0
2699,0,0,1,0,1,0,0.0001979697420700008,1.0,0.09699067416775109,1.0,7.935041761354103e-05,3147,0
2096,0,0,2,1,2,1,0.000332136014611684,0.9823628083812467,0.09492544476876741,1.0,0.000127726922479081,1757,0
2695,0,0,1,0,1,0,0.0001955385348499993,1.0,0.09812530915563578,1.0,7.937879011849086e-05,3143,0
2097,0,0,2,2,2,2,0.0003148092140604168,0.9740816800816235,0.09454621393042123,1.0,0.00012071830914597061,1874,0
1708,0,0,3,3,3,3,0.00037777654791702254,0.9751726595526962,0.0954333892622957,1.0,0.0001419403391154556,1566,0
2701,0,0,1,1,1,1,0.00019646480539289515,0.9512486798694721,0.09484570859538916,1.0,7.853103604668607e-05,3195,0
1427,0,0,3,4,3,4,0.0004178343510977708,0.9781048065049683,0.0964037301922136,1.0,0.00021309196224596482,1032,0
2676,0,0,1,1,1,1,0.0003948154690009215,0.9550267525126875,0.09328758115544716,1.0,0.00016088284691244596,1374,0
2704,0,0,1,1,1,1,0.00022995050139409012,0.9836189036821053,0.09745750508774632,1.0,8.839652070918183e-05,2583,0
2687,0,0,1,1,1,1,0.0001955385348499993,0.9796885347501917,0.09812530915563578,1.0,7.937879011849086e-05,3070,0
629,0,0,8,9,8,9,0.0009399952409731067,0.9244003181243421,0.15604253140066882,1.625,0.0003420356811202888,602,0
2681,0,0,1,1,1,1,0.00023373362928001896,0.9984551858934801,0.09745790697861903,1.0,0.00010327267227544518,2232,0
7572,0,0,3,0,3,0,0.00035433150521975025,1.0,-0.9370062954879849,-10.0,0.00012535487629997962,1802,0
1440,0,0,3,3,3,3,0.00044406439324642797,0.9719421854029104,0.12759918275225376,1.3333333333333333,0.00015652605102924535,1410,0
2099,0,0,2,2,2,2,0.00036248110195707413,0.9667738925318001,0.09619545925333459,1.0,0.0001333888628888735,1671,0
2705,0,0,1,1,1,1,0.00023373362928001896,0.9984551858934801,0.09745790697861903,1.0,0.00010327267227544518,2231,0
1130,0,0,3,3,3,3,0.00042779040608233095,0.9822316925455066,0.09733003588274687,1.0,0.00019922745148986357,1098,0
682,0,0,12,12,12,12,0.0018049294060754394,0.9917265457753682,0.09885188745657762,1.0,0.0006089903020558366,273,0
2703,0,0,1,1,1,1,0.00025361562898120745,0.9749802830905661,0.09432014124572558,1.0,9.272140786032961e-05,2448,0
1706,0,0,1,1,1,1,0.00020458334598014334,0.9554737164751165,0.27279393961494686,3.0,7.39386440483474e-05,3440,0
1276,0,0,4,4,4,4,0.0005338316325616247,0.9711728482716113,0.09685890485641299,1.0,0.00022073064510851227,990,0
47,0,0,2,2,2,2,0.00029431551694675435,0.9723363030308462,0.09507490694704947,1.0,0.0011995842778870396,119,0
2700,0,0,1,0,1,0,0.0001955385348499993,1.0,0.09812530915563578,1.0,7.937879011849086e-05,3142,0
17,0,0,35,35,35,35,0.0038372885485349656,0.9656272183821536,0.13325705931120482,1.4,0.003495447122947391,21,1
2667,0,0,1,1,1,1,0.000205347685744706,0.9640046434881335,0.09687792900374372,1.0,7.769698794678648e-05,3230,0
1691,0,0,2,2,2,2,0.00030959407053019833,0.9675011940575311,0.09678179226538172,1.0,0.0006227168893412495,267,0
1132,0,0,5,5,5,5,0.0005986868102986518,0.9783267050273882,0.11547048903192611,1.2,0.0001982074846755259,1103,0
2101,0,0,2,3,2,3,0.0003176904429362587,0.9958753657831139,0.09417694006588645,1.0,0.00012499070267955065,1808,0
1133,0,0,4,5,4,5,0.0005777564332544109,0.9616080872301898,0.14578817624671503,1.5,0.00023486974210521418,907,0
2530,0,0,1,1,1,1,0.00022500689090133896,0.9914324980269659,0.0980707772609436,1.0,9.040742211408043e-05,2524,0
2100,0,0,1,1,1,1,0.000282648950785225,0.974784011738562,0.09433207019047173,1.0,0.00015882052440374235,1395,0
939,0,0,6,5,6,5,0.0007371844558226355,0.9931010916207057,0.09793521030474965,1.0,0.0003336190826903525,616,0
2708,0,0,1,1,1,1,0.00022500689090133896,0.9914324980269659,0.0980707772609436,1.0,9.040742211408043e-05,2523,0
790,0,0,1,1,1,1,0.0002062332047750489,0.6981675298557554,0.6553440726914986,10.0,8.607337457378479e-05,2664,0
7452,0,0,1,1,1,1,0.00020619593197229757,0.7428638387927542,-0.9958753657955779,-10.0,8.509653389624774e-05,2722,0
7580,0,0,1,1,1,1,0.00022258667982721805,0.9297362007380305,0.18881734027796815,2.0,0.00044928617655955275,433,0
7451,0,0,2,0,2,0,0.00038405548610463886,1.0,-0.4142723224144917,-4.5,0.0001810229251593662,1219,0
543,0,0,5,5,5,5,0.0006023121110371771,0.9060621193537228,0.2716077358264877,3.0,0.0002202148398186353,993,0
1685,0,0,2,2,2,2,0.00029318527803968335,0.9805666958187289,0.14360200728612,1.5,0.00010277822315083566,2250,0
2706,0,0,1,1,1,1,0.00022500689090133896,0.9914324980269659,0.0980707772609436,1.0,9.040742211408043e-05,2522,0
732,0,0,8,7,8,7,0.0009741984584836821,0.9813010944142478,0.13085018189205783,1.375,0.00035487295603533244,581,0
26,0,0,20,18,20,18,0.002048329002329773,0.9696122643795262,0.1289536197146921,1.35,0.003901956613591273,17,1
2710,0,0,1,1,1,1,0.00021289458846081636,0.9535825961248223,0.09576327782498029,1.0,8.69478291101554e-05,2635,0
2709,0,0,1,0,1,0,0.00021525051374358587,1.0,0.09478541505105977,1.0,8.145573571720545e-05,2875,0
2102,0,0,2,2,2,2,0.00029939074166813453,0.9617735626915278,0.09566788089996316,1.0,0.0001164537244093461,1959,0
791,0,0,1,7,1,7,0.00019185318353747945,0.5827870999681222,0.9463838780039686,10.0,7.60052964338009e-05,3343,0
1465,0,0,3,3,3,3,0.000413899135873602,0.9762766840589059,0.12989197049180715,1.3333333333333333,0.00015086801078505513,1479,0
2712,0,0,1,1,1,1,0.0002630988279260433,0.9888198508611734,0.09912899078787735,1.0,0.00010970876447324157,2085,0
2105,0,0,2,2,2,2,0.00030584042683304725,0.9518176348031835,0.09595419407034793,1.0,0.00010666227497671912,2147,0
2711,0,0,1,1,1,1,0.00021561719556350723,0.942698790973317,0.09636022595376198,1.0,8.691121021206936e-05,2637,0
2106,0,0,2,2,2,2,0.00031492979467012114,0.9608749217202023,0.09609791927914199,1.0,0.0001255963775070505,1799,0
940,0,0,5,4,5,4,0.0007687802374529047,0.9869358966994264,0.09712156667372823,1.0,0.0003386432089069242,608,0
2104,0,0,2,2,2,2,0.000315854399969646,0.9920248985143307,0.09688687945223692,1.0,0.00012459192496034466,1812,0
255,0,0,18,19,18,19,0.002052885116416623,0.9772781600166516,0.12224297085139692,1.2777777777777777,0.001101116360176599,138,0
2715,0,0,1,1,1,1,0.00024367923503218882,0.9994259437282889,0.09917265457791755,1.0,9.359496283606268e-05,2432,0
2714,0,0,1,1,1,1,0.0001874599551831863,0.9833925516551302,0.09640878434745936,1.0,7.538656063940605e-05,3388,0
2677,0,0,1,1,1,1,0.00020498962798166343,0.9531548479003368,0.09432277759366914,1.0,8.033000158364599e-05,2960,0
1710,0,0,3,3,3,3,0.0006130848140639564,0.9706359448071339,0.09731206298439594,1.0,0.00024993265381955293,848,0
681,0,0,8,11,8,11,0.0010453680398358424,0.8784612805482171,0.10863177489553442,1.125,0.0004097516133951687,493,0
2716,0,0,1,1,1,1,0.000289761964178948,0.998656031492198,0.09706359448190087,1.0,0.0001218846384469586,1862,0
15,0,0,16,11,16,11,0.0016459317859982949,0.9763158446914841,0.20286039546241053,2.125,0.0032861179090704017,25,1
2108,0,0,2,2,2,2,0.0003230763519567158,0.9895572392392402,0.09864898186677666,1.0,0.000123233785869017,1829,0
630,0,0,5,6,5,6,0.0007273251370928521,0.9294159501620777,0.25088762736144454,2.6,0.00026355855236281656,816,0
7499,0,0,1,1,1,1,0.00024367923503218882,0.9994259437282889,0.09917265457791755,1.0,0.0002167712820484702,1013,0
584,0,0,4,3,4,3,0.0005970127523422771,0.8619142899025489,0.321192118936747,3.5,0.00023222688768674825,924,0
1268,0,0,2,2,2,2,0.0004006357068575764,0.9523955859528195,0.22800046646868252,2.5,0.00015542209782463864,1414,0
66,0,0,6,9,6,9,0.000762716189669438,0.9585835775948415,0.15796904520390936,1.6666666666666667,0.0013655476490898905,104,0
2719,0,0,1,1,1,1,0.00019691403633311983,0.9956841125522328,0.08784612805564906,1.0,7.875755571991447e-05,3182,0
2109,0,0,2,3,2,3,0.0003230763519567158,0.9878964625108172,0.09864898186677666,1.0,0.000123233785869017,1830,0
2721,0,0,1,1,1,1,0.00024367923503218882,0.9994259437282889,0.09917265457791755,1.0,9.359496283606268e-05,2431,0
2713,0,0,1,0,1,0,0.0001955385348499993,1.0,0.09812530915563578,1.0,7.937879011849086e-05,3141,0
1242,0,0,1,0,1,0,0.00018813918859496005,1.0,0.47929178880140183,5.0,7.876881965228391e-05,3180,0
212,0,0,19,17,19,17,0.0023073767921794846,0.9453935831885438,0.16922553725197517,2.0,0.0007971199086185086,203,0
2720,0,0,1,1,1,1,0.00023579342393922447,0.9261831772649977,0.09392810945870439,1.0,8.177499238146554e-05,2848,0
188,0,0,4,4,4,4,0.0005014537265378052,0.9370048706691702,0.27069350948029275,3.0,0.0011504276724979305,129,0
1709,0,0,2,2,2,2,0.0003127660194012912,0.9741705033045273,0.09568995383421668,1.0,0.00014481570279791499,1546,0
1471,0,0,4,4,4,4,0.0005495163460855335,0.9705323748743375,0.09727223047312933,1.0,0.00017826552390602112,1235,0
2722,0,0,1,2,1,2,0.00024367923503218882,0.9656407455756417,0.09917265457791755,1.0,9.359496283606268e-05,2430,0
2717,0,0,1,1,1,1,0.00021637802603457213,0.9516309177706646,0.09700086269265656,1.0,7.996419238966047e-05,2968,0
2723,0,0,1,1,1,1,0.00022500689090133896,0.9585675019730342,0.0980707772609436,1.0,9.040742211408043e-05,2513,0
2110,0,0,1,1,1,1,0.0002853286725275285,0.9847029383286106,0.1946919970169071,2.0,0.00011661584302515609,1956,0
1472,0,0,6,5,6,5,0.0007165816437626947,0.9716861650052643,0.06463749657493059,0.6666666666666666,0.00027298673261307455,778,0
792,0,0,12,13,12,13,0.001764238041480304,0.9820734210555332,0.15460334948127988,1.6666666666666667,0.0006809622869919895,243,0
2724,0,0,1,1,1,1,0.00023149523276848875,0.8273016747406399,0.09820734210552122,1.0,9.442633089822212e-05,2418,0
1712,0,0,1,1,1,1,0.00023150442398833207,0.5846127686259877,0.2836180749564651,3.0,8.959626884679246e-05,2552,0
2725,0,0,1,1,1,1,0.0001955385348499993,0.9796885347501917,0.09812530915563578,1.0,7.937879011849086e-05,3069,0
2726,0,0,1,1,1,1,0.0002793690730086875,0.9985607833368642,0.09869358966993436,1.0,0.00012222408465848084,1850,0
7603,0,0,28,31,28,31,0.0033179384356627293,0.9772599908460524,0.16426104280661485,1.75,0.0032054173740647123,27,1
2111,0,0,2,2,2,2,0.0003403117056416802,0.809960580504568,0.08998420274137331,1.0,0.00012208111634786002,1856,0
870,0,0,7,6,7,6,0.0008308605493334221,0.8555973534372094,0.11963007945778927,1.2857142857142858,0.0002683337172994739,794,0
2641,0,0,1,1,1,1,0.00023149523276848875,0.9726983252593601,0.09820734210552122,1.0,9.442633089822212e-05,2420,0
7453,0,0,1,0,1,0,0.00023149523276848875,1.0,-0.9820734210552121,-10.0,9.442633089822212e-05,2421,0
2728,0,0,1,1,1,1,0.00023149523276848875,0.9726983252593601,0.09820734210552122,1.0,9.442633089822212e-05,2419,0
2112,0,0,2,2,2,2,0.00029468379325722066,0.9550435824820509,0.09633722159814113,1.0,0.00012466821368824248,1811,0
1470,0,0,2,1,2,1,0.0003041075476935105,0.9702637992619695,0.19065887037011597,2.0,0.00010907333604624636,2092,0
545,0,0,3,0,3,0,0.0003564829058959836,1.0,0.0971494594944773,1.0,0.00041536224567354803,483,0
7557,0,0,4,0,4,0,0.0004262099790138698,1.0,-0.5915386061435598,-6.5,0.0001588310731209038,1394,0
2075,0,0,1,0,1,0,0.0001733040900906264,1.0,0.18415814569991618,2.0,7.129639640806153e-05,3547,0
2729,0,0,1,1,1,1,0.0002117047298561123,0.947751303097882,0.08733151524410594,1.0,7.804779068389011e-05,3208,0
2732,0,0,1,1,1,1,0.0002182265564801067,0.9029920307964152,0.09381258604210768,1.0,8.435390404647127e-05,2750,0
22,0,0,33,33,33,33,0.0036835126830830024,0.9564587913606691,0.1928604803550711,2.0303030303030303,0.0033578456422887165,24,1
1714,0,0,2,2,2,2,0.0003065277587676314,0.9859077085859496,0.09716048874603775,1.0,0.00014317038013461964,1558,0
452,0,0,4,4,4,4,0.00048171954196659706,0.9733637574077214,0.09612436701672807,1.0,0.0004767707830393427,400,0
1716,0,0,3,4,3,4,0.00048138639084134485,0.9529077776048572,0.09693898191587173,1.0,0.00018130115318918026,1206,0
1457,0,0,4,4,4,4,0.0005840693660077627,0.9862827345178473,0.09862429157286026,1.0,0.000230967723683665,931,0
2731,0,0,1,1,1,1,0.0001955385348499993,0.9796885347501917,0.09812530915563578,1.0,7.937879011849086e-05,3068,0
345,0,0,1,0,1,0,0.00020458334598014334,1.0,0.1818626264099646,2.0,0.0003652123263587529,564,0
2631,0,0,1,2,1,2,0.00019646480539289515,0.9353885759285551,0.09484570859538916,1.0,7.853103604668607e-05,3194,0
869,0,0,4,4,4,4,0.0005428409890335255,0.9732370438098235,0.17024026431047912,1.75,0.0001921156604708416,1147,0
1473,0,0,4,4,4,4,0.0004670921610513177,0.9678243599692103,0.09619286355469872,1.0,0.00018125547628010928,1208,0
1617,0,0,1,1,1,1,0.00023150442398833207,0.9346127686259876,0.2836180749564651,3.0,8.959626884679246e-05,2554,0
2107,0,0,1,1,1,1,0.00021817662413477714,0.9681672473155823,0.1928651214666074,2.0,8.838851548243165e-05,2591,0
1713,0,0,2,2,2,2,0.0003509032873926698,0.9840389081799111,0.14466493308851952,1.5,0.0001338070888405692,1666,0
2098,0,0,2,2,2,2,0.000493283412638136,0.9696332537692612,0.09819757006813601,1.0,0.0001798856915488605,1225,0
2733,0,0,1,1,1,1,0.0002100195616237664,0.9789372675549717,0.09694869869187744,1.0,8.283668811150051e-05,2818,0
733,0,0,5,5,5,5,0.000787962060569358,0.9663597473972316,0.21132684351967201,2.2,0.0002769949848852582,768,0
315,0,0,5,6,5,6,0.0005731571041293416,0.9702681183936205,0.13353674848432043,1.4,0.0005659637102423057,313,0
544,0,0,6,10,6,10,0.0007230572442403615,0.9080013942565273,0.19259422663456308,2.0,0.0002820819171762479,752,0
1717,0,0,2,2,2,2,0.0003043517979935781,0.985054811590432,0.14246271821909035,1.5,0.00010942487236463447,2088,0
2707,0,0,1,0,1,0,0.0001955385348499993,1.0,0.09812530915563578,1.0,7.937879011849086e-05,3140,0
1715,0,0,2,2,2,2,0.00028941667854829337,0.9793129011525816,0.09753700392375661,1.0,0.0001537584818739068,1438,0
2734,0,0,1,1,1,1,0.00020498962798166343,0.9531548479003368,0.09432277759366914,1.0,8.033000158364599e-05,2959,0
2736,0,0,1,1,1,1,0.0002117047298561123,0.947751303097882,0.08733151524410594,1.0,7.804779068389011e-05,3207,0
2735,0,0,1,1,1,1,0.0002184482847846474,0.9984694909579359,0.09529077776044698,1.0,8.824009560159925e-05,2600,0
2727,0,0,0,1,0,1,0.0001161414179254723,0.9909742503949047,0.0,0.0,7.470507536922629e-05,3420,0
868,0,0,1,1,1,1,0.00021289458846081636,0.8464174038751777,0.4788163891249014,5.0,0.00020400564877620024,1075,0
2114,0,0,1,1,1,1,0.00020498962798166343,0.9968451520996632,0.18864555518733828,2.0,8.033000158364599e-05,2957,0
1718,0,0,2,4,2,4,0.0002675735590440309,0.9773389852587293,0.14358910369789743,1.5,0.0001045748026795047,2186,0
2739,0,0,1,1,1,1,0.00021524469680364965,0.9792576359817666,0.09686431978026155,1.0,8.037396735002296e-05,2954,0
1719,0,0,1,1,1,1,0.00021817662413477714,0.9818327526844177,0.28929768219991103,3.0,8.838851548243165e-05,2588,0
2730,0,0,1,1,1,1,0.00039124820642883113,0.9925662451458952,0.09996257940296832,1.0,0.0001412371431519654,1573,0
1720,0,0,3,3,3,3,0.0003950741226262035,0.9833766519588419,0.0977187738312779,1.0,0.0001522626384357644,1458,0
2741,0,0,1,1,1,1,0.00020498962798166343,0.9531548479003368,0.09432277759366914,1.0,8.033000158364599e-05,2958,0
2740,0,0,1,0,1,0,0.00021525051374358587,1.0,0.09478541505105977,1.0,8.145573571720545e-05,2874,0
2117,0,0,2,2,2,2,0.0004608289221758954,0.9895838639744879,0.09903862007981923,1.0,0.00019256025553687038,1145,0
2737,0,0,1,1,1,1,0.0003123569963112938,0.9995193100399096,0.09895838639756843,1.0,0.00013120233649008446,1697,0
2116,0,0,1,1,1,1,0.00020498962798166343,0.9468451520996632,0.18864555518733828,2.0,8.033000158364599e-05,2956,0
2738,0,0,1,1,1,1,0.0002093574624210985,0.9833714703443976,0.09656272183810688,1.0,7.650678394904648e-05,3313,0
2742,0,0,1,1,1,1,0.0001955385348499993,0.9796885347501917,0.09812530915563578,1.0,7.937879011849086e-05,3067,0
2115,0,0,1,1,1,1,0.0002853286725275285,0.9847029383286106,0.1946919970169071,2.0,0.00011661584302515609,1955,0
1279,0,0,4,3,4,3,0.000504095205635557,0.9845761756209898,0.1198409841500428,1.25,0.0001776170569243383,1243,0
734,0,0,5,4,5,4,0.000610337479836642,0.9561117458664776,0.21022724901716808,2.2,0.00022515214146030826,964,0
2743,0,0,1,0,1,0,0.0001955385348499993,1.0,0.09812530915563578,1.0,7.937879011849086e-05,3139,0
1923,0,0,2,2,2,2,0.00029189340692283266,0.9857554036538074,0.097257357071479,1.0,0.00012353270332634382,1822,0
2118,0,0,2,2,2,2,0.00030768265059374786,0.9605942008244103,0.09590690848091919,1.0,0.00012053949882830103,1884,0
2576,0,0,1,1,1,1,0.00021817662413477714,0.9681672473155823,0.0964325607333037,1.0,8.838851548243165e-05,2592,0
1280,0,0,3,4,3,4,0.00043558142511263877,0.9607904752059768,0.1608396662435969,1.6666666666666667,0.00015438450198670525,1429,0
2744,0,0,1,0,1,0,0.0001955385348499993,1.0,0.09812530915563578,1.0,7.937879011849086e-05,3138,0
2066,0,0,2,2,2,2,0.0002980259103719827,0.9862148044560499,0.09654678311035077,1.0,0.00011512457328465787,1979,0
7547,0,0,3,2,3,2,0.00034333702652756496,0.9768788056394524,-0.6538987360538807,-7.0,0.00012150707592091363,1866,0
2119,0,0,2,1,2,1,0.00029042961788979736,0.9535697598224644,0.09688559414586637,1.0,9.865891267331187e-05,2320,0
1475,0,0,4,3,4,3,0.00047809746049917923,0.9731326897549146,0.0966215529745783,1.0,0.00017902504848323804,1230,0
9,0,0,46,53,46,53,0.005082260149015114,0.96250200230943,0.16076583828986651,1.673913043478261,0.004200846400007224,14,1
2748,0,0,1,1,1,1,0.00020714290144746152,0.8321305214033075,0.09772599908458376,1.0,9.100258895076603e-05,2486,0
2749,0,0,1,1,1,1,0.00022500689090133896,0.9914324980269659,0.0980707772609436,1.0,9.040742211408043e-05,2521,0
586,0,0,5,4,5,4,0.0007085548963192832,0.9625688578206719,0.13205987775752998,1.4,0.000326066304373581,631,0
2747,0,0,1,0,1,0,0.0001955385348499993,1.0,0.09812530915563578,1.0,7.937879011849086e-05,3137,0
2746,0,0,1,1,1,1,0.0001955385348499993,0.9796885347501917,0.09812530915563578,1.0,7.937879011849086e-05,3066,0
1476,0,0,3,4,3,4,0.0004060170116572546,0.973410691698701,0.1297330784109125,1.3333333333333333,0.0001468056372905833,1524,0
483,0,0,1,1,1,1,0.00018813918859496005,0.9710154773980453,0.09585835776028037,1.0,0.0003817615297272762,535,0
2753,0,0,1,1,1,1,0.00026676088814881225,0.983970061121235,0.09625688578207073,1.0,8.929326967242258e-05,2558,0
2120,0,0,1,1,1,1,0.00021817662413477714,0.9818327526844177,0.1928651214666074,2.0,8.838851548243165e-05,2587,0
1721,0,0,2,2,2,2,0.0002839440923453077,0.9773752708248052,0.14492073481629658,1.5,0.00010589512877055485,2166,0
1477,0,0,4,4,4,4,0.0006442761030029748,0.9852590522748539,0.09800490310851105,1.0,0.0002500573007795733,847,0
2752,0,0,1,0,1,0,0.0001955385348499993,1.0,0.09812530915563578,1.0,7.937879011849086e-05,3135,0
2750,0,0,1,0,1,0,0.0001955385348499993,1.0,0.09812530915563578,1.0,7.937879011849086e-05,3136,0
1474,0,0,2,2,2,2,0.0004911934071915488,0.9732846917297513,0.18767147831058686,2.0,0.0001992665127180735,1097,0
546,0,0,6,4,6,4,0.0007095019163383683,0.9088899400304492,0.22439918157762495,2.3333333333333335,0.0002801643884021459,759,0
1442,0,0,2,2,2,2,0.00031492979467012114,0.95729232559538,0.14397955819163213,1.5,0.00015523520054000484,1419,0
1722,0,0,1,1,1,1,0.00023150442398833207,0.9346127686259876,0.2836180749564651,3.0,8.959626884679246e-05,2553,0
793,0,0,1,1,1,1,0.00021932961204920818,0.9745561863192778,0.185883190032197,2.0,0.0002875694448465949,734,0
2755,0,0,1,1,1,1,0.00020471181421539457,0.989376192115405,0.097498666937978,1.0,8.131950474732372e-05,2890,0
2079,0,0,2,2,2,2,0.00033592199516715353,0.9721212676031947,0.09638605899578973,1.0,0.00011137541658391825,2048,0
2638,0,0,1,1,1,1,0.0002110325009652704,0.9535697598224644,0.09564587913609696,1.0,6.902008964035754e-05,3586,0
2757,0,0,1,1,1,1,0.00025299805149402177,0.9990024515542555,0.09852590522772334,1.0,0.00010312068499363514,2238,0
1278,0,0,1,1,1,1,0.0002110325009652704,0.9535697598224644,0.09564587913609696,1.0,0.00017796037840628077,1239,0
284,0,0,7,13,7,13,0.0007204226215938504,0.9315569459170073,0.09583663512640747,1.0,0.0005329300356178014,347,0
4721,0,0,1,1,1,1,0.0001955385348499993,0.9796885347501917,0.09812530915563578,1.0,9.285097226851587e-05,2445,0
1277,0,0,1,0,1,0,0.00016821138903211623,1.0,0.19089832614495245,2.0,0.00012569668168888157,1797,0
735,0,0,9,8,9,8,0.0011749568914138683,0.9712623885457441,0.1186544492321498,1.2222222222222223,0.0003996470888334927,512,0
2121,0,0,1,1,1,1,0.00023567118610063508,0.980616582179528,0.09641961238558527,1.0,0.00013496798750813906,1644,0
1282,0,0,2,2,2,2,0.00028742115068157,0.9704050100879451,0.14679047057959452,1.5,0.00015906894138862295,1390,0
304,0,0,4,10,4,10,0.0005341202851970524,0.9797200007104582,0.12178896291744003,1.25,0.0004727131033167001,408,0
2122,0,0,2,2,2,2,0.000280916032797594,0.9778684608574537,0.09687495911642183,1.0,9.725912258338879e-05,2351,0
1711,0,0,3,3,3,3,0.00038881336198165955,0.9791344056379662,0.09738432387344988,1.0,0.00013565037347427144,1636,0
2758,0,0,1,1,1,1,0.00021289458846081636,0.9535825961248223,0.09576327782498029,1.0,8.69478291101554e-05,2634,0
1285,0,0,2,2,2,2,0.00028742115068157,0.9842835246622467,0.0979265625787062,1.0,0.00018281968638753521,1192,0
2754,0,0,1,1,1,1,0.0001955385348499993,0.9703114652498083,0.09812530915563578,1.0,7.937879011849086e-05,3009,0
2756,0,0,1,1,1,1,0.0001955385348499993,0.9796885347501917,0.09812530915563578,1.0,7.937879011849086e-05,3065,0
1284,0,0,5,5,5,5,0.0005806426484324465,0.9600144437511025,0.09528301445646942,1.0,0.00021167449517609736,1040,0
2760,0,0,1,1,1,1,0.0001976622857917648,0.9696170808550667,0.09625020023113189,1.0,7.470507536922629e-05,3425,0
2762,0,0,1,1,1,1,0.00020207574209883336,0.9718400559178596,0.09698099507424414,1.0,7.927559802159504e-05,3154,0
632,0,0,4,4,4,4,0.0004866812269531247,0.9226516940272566,0.1679337406535016,1.75,0.00039208980414269273,523,0
2751,0,0,1,0,1,0,0.00015840011093860103,1.0,0.09620223701727443,1.0,6.666074863678626e-05,3612,0
2761,0,0,1,1,1,1,0.00020207574209883336,0.9781599440821404,0.09698099507424414,1.0,7.927559802159504e-05,3152,0
2125,0,0,1,1,1,1,0.0002093574624210985,0.9166285296556024,0.19312544367621376,2.0,7.650678394904648e-05,3312,0
736,0,0,0,1,0,1,0.0001161414179254723,0.9964174038751776,0.0,0.0,0.0001578696228725617,1401,0
160,0,0,2,0,2,0,0.0002975737410593041,1.0,0.9245730690780455,9.5,0.0004624121679665047,415,0
2765,0,0,1,1,1,1,0.0002410309121273554,0.9906727753839251,0.09712623885548248,1.0,9.209529402909724e-05,2470,0
2479,0,0,0,1,0,1,0.0001161414179254723,0.9909742503949047,0.0,0.0,7.470507536922629e-05,3422,0
2763,0,0,1,0,1,0,0.0001955385348499993,1.0,0.09812530915563578,1.0,7.937879011849086e-05,3134,0
2764,0,0,1,0,1,0,0.0001955385348499993,1.0,0.09812530915563578,1.0,7.937879011849086e-05,3133,0
2126,0,0,2,2,2,2,0.0003039501304433858,0.9776926513255614,0.09771612174449501,1.0,0.00010455893595065621,2187,0
794,0,0,1,0,1,0,0.00019709148386843944,1.0,0.9244401894753933,10.0,8.215925458274061e-05,2841,0
211,0,0,5,4,5,4,0.0006090277973915108,0.9610797050941272,0.11538939000905765,1.2,0.0008109688050464904,201,0
135,0,0,3,4,3,4,0.0004117508903839303,0.9878939390484051,0.09794927566797758,1.0,0.0008516192881101594,193,0
2127,0,0,2,2,2,2,0.0002830406176965041,0.9893315862920903,0.09845735153023821,1.0,0.00010199694482954989,2268,0
203,0,0,1,3,1,3,0.0001976622857917648,0.9458247513799481,0.09625020023113189,1.0,0.0007515850385099238,217,0
2767,0,0,1,0,1,0,0.0001955385348499993,1.0,0.09812530915563578,1.0,7.937879011849086e-05,3132,0
2766,0,0,1,0,1,0,0.00021817662413477714,1.0,0.0964325607333037,1.0,8.838851548243165e-05,2597,0
219,0,0,5,6,5,6,0.0005967336190142318,0.9826744931241094,0.1353091648519594,1.4,0.0007724530801689307,213,0
1478,0,0,3,3,3,3,0.00038155956489974564,0.9286642692667181,0.12901591034116475,1.3333333333333333,0.0001300491373589613,1717,0
2686,0,0,1,0,1,0,0.00020067652702153855,1.0,0.09826744931038806,1.0,7.598915829428308e-05,3348,0
1135,0,0,1,0,1,0,0.00021817662413477714,1.0,0.4821628036665184,5.0,0.00011672881416169317,1953,0
7387,0,0,1,2,1,2,0.00023567118610063508,0.9751168315172973,0.09641961238558527,1.0,0.0001953815462420619,1127,0
1725,0,0,1,0,1,0,0.0001976622857917648,1.0,0.28875060069339564,3.0,7.470507536922629e-05,3427,0
2769,0,0,1,1,1,1,0.000402797168510514,0.9987942669441912,0.09714546555083498,1.0,0.00016002197760449534,1384,0
1726,0,0,3,2,3,2,0.0006742739144223319,0.9714546555077908,0.0975885338883823,1.0,0.0002565237992293869,832,0
98,0,0,3,3,3,3,0.00036503030688664426,0.9852264104668655,0.12801763738192987,1.3333333333333333,0.0007471737899437199,219,0
1283,0,0,4,4,4,4,0.0005109326199454609,0.9423488793965835,0.12140795779306549,1.25,0.00016645124820322915,1322,0
1136,0,0,4,4,4,4,0.000461431683609092,0.9691031116919709,0.09574539197150986,1.0,0.0002091785852682173,1049,0
1286,0,0,1,0,1,0,0.00021193765069124794,1.0,0.2825145035906468,3.0,0.0001302533693143302,1714,0
942,0,0,4,6,4,6,0.0005089877255178422,0.9803381367979496,0.1937135965897137,2.0,0.00015386148355918267,1436,0
2123,0,0,2,2,2,2,0.00028391168663170237,0.9758663178118577,0.09628162287178035,1.0,9.896591882315478e-05,2311,0
1022,0,0,3,3,3,3,0.00039235840885056797,0.9767468328955845,0.09756888966039369,1.0,0.00020163230955553904,1088,0
2124,0,0,1,0,1,0,0.0001976622857917648,1.0,0.09625020023113189,1.0,0.00010732065534455707,2133,0
2771,0,0,1,0,1,0,0.0001955385348499993,1.0,0.09812530915563578,1.0,7.937879011849086e-05,3131,0
2128,0,0,2,2,2,2,0.000244767920315906,0.9837676992091352,0.09470294739821188,1.0,9.528710254356596e-05,2402,0
683,0,0,7,7,7,7,0.0007651889174336003,0.9753260961052027,0.1642974715231341,1.7142857142857142,0.00023061317525309395,933,0
943,0,0,3,3,3,3,0.0004009308377763815,0.9601864515158136,0.12772070465573615,1.3333333333333333,0.00022151615612961203,985,0
2770,0,0,1,1,1,1,0.0001976622857917648,0.9696170808550667,0.09625020023113189,1.0,7.470507536922629e-05,3424,0
1137,0,0,1,1,1,1,0.00021286591699798955,0.985523190142654,0.09696122643810345,1.0,0.00021185099191211625,1038,0
196,0,0,1,1,1,1,0.0001976622857917648,0.9696170808550667,0.09625020023113189,1.0,0.0007317322983493912,223,0
122,0,0,5,5,5,5,0.000633437317463711,0.9613527617687004,0.1930948347171074,2.0,0.0009517996631771653,165,0
2768,0,0,1,2,1,2,0.0001632470524496135,0.988039130822672,0.09315569456529187,1.0,7.03219942598762e-05,3569,0
2773,0,0,1,1,1,1,0.0002110325009652704,0.9535697598224644,0.09564587913609696,1.0,6.902008964035754e-05,3585,0
2129,0,0,2,2,2,2,0.000288441850133198,0.9825676348799275,0.09641555934019426,1.0,0.00010625731104488644,2160,0
2774,0,0,1,0,1,0,0.00022392317576456615,1.0,0.09613527617684817,1.0,7.282423542632189e-05,3488,0
2772,0,0,1,0,1,0,0.0001955385348499993,1.0,0.09812530915563578,1.0,7.937879011849086e-05,3130,0
7563,0,0,1,2,1,2,0.00020686906449062528,0.9624983464648533,0.09664721907002816,1.0,0.00016576098299782402,1328,0
2776,0,0,1,1,1,1,0.00019691403633311983,0.9956841125522328,0.08784612805564906,1.0,7.875755571991447e-05,3181,0
2778,0,0,1,1,1,1,0.00020904473320867105,0.9854467350096633,0.09470580952475274,1.0,7.661848801193212e-05,3302,0
2777,0,0,1,1,1,1,0.0001976622857917648,0.9303829191449333,0.09625020023113189,1.0,7.470507536922629e-05,3419,0
346,0,0,9,8,9,8,0.0009334318170729435,0.9725486919322496,0.11868029407648303,1.2222222222222223,0.0004773122135886326,398,0
2775,0,0,1,0,1,0,0.0001955385348499993,1.0,0.09812530915563578,1.0,7.937879011849086e-05,3129,0
871,0,0,3,3,3,3,0.0003870916683637462,0.9665855802089641,0.2238752962097629,2.3333333333333335,0.000245987802845272,863,0
7565,0,0,7,11,7,11,0.0008794966449918648,0.9524294941306601,0.24731118694848747,2.5714285714285716,0.001424407660267391,96,0
944,0,0,4,4,4,4,0.0004661702171770431,0.9638578313205615,0.19430439210557288,2.0,0.00017104355138785853,1287,0
1727,0,0,2,2,2,2,0.00035158506726969715,0.9937925238021725,0.13245545748589868,1.5,0.0001061779915512734,2162,0
1287,0,0,1,1,1,1,0.0001976622857917648,0.9696170808550667,0.09625020023113189,1.0,0.00015404816467312168,1435,0
795,0,0,1,0,1,0,0.00021028589807047372,1.0,0.9931231187793235,10.0,8.633334536271262e-05,2648,0
305,0,0,8,9,8,9,0.0009117140001453883,0.9811635011630611,0.13377323178341133,1.375,0.0005820698566554312,298,0
2779,0,0,1,1,1,1,0.0001955385348499993,0.9796885347501917,0.09812530915563578,1.0,7.937879011849086e-05,3064,0
1729,0,0,1,1,1,1,0.00021986386490155648,0.9775858895826994,0.28594400480694554,3.0,7.926034631563846e-05,3156,0
872,0,0,2,1,2,1,0.00031492979467012114,0.9681672473155823,0.28762447492910254,3.0,0.000154228317804201,1432,0
2690,0,0,1,1,1,1,0.00021289458846081636,0.9535825961248223,0.09576327782498029,1.0,8.69478291101554e-05,2633,0
2780,0,0,1,1,1,1,0.0001955385348499993,0.9796885347501917,0.09812530915563578,1.0,7.937879011849086e-05,3063,0
2781,0,0,1,1,1,1,0.0001976622857917648,0.9696170808550667,0.09625020023113189,1.0,7.470507536922629e-05,3423,0
1138,0,0,1,0,1,0,0.0002110325009652704,1.0,0.09564587913609696,1.0,0.00015093520686362155,1476,0
67,0,0,8,7,8,7,0.0011506094837737465,0.9897862719453082,0.10929666113731984,1.125,0.0018159565462051342,68,0
2783,0,0,1,0,1,0,0.0001955385348499993,1.0,0.09812530915563578,1.0,7.937879011849086e-05,3128,0
587,0,0,4,3,4,3,0.00047827536485074734,0.960776796948708,0.09690539173510122,1.0,0.00045983976471103514,418,0
232,0,0,2,2,2,2,0.00033766861582577645,0.8359154948510327,0.19741306606008718,2.0,0.0004911717194595217,387,0
2784,0,0,1,1,1,1,0.0001955385348499993,0.9796885347501917,0.09812530915563578,1.0,7.937879011849086e-05,3062,0
1281,0,0,1,1,1,1,0.0003246858743317962,0.8782146282790594,0.46669704060057565,5.0,0.0001344770638162285,1656,0
256,0,0,6,4,6,4,0.0008833563927681753,0.9894428462249876,0.09815253984283528,1.0,0.0010931452350225067,139,0
2786,0,0,1,0,1,0,0.0001955385348499993,1.0,0.09812530915563578,1.0,7.937879011849086e-05,3127,0
2785,0,0,1,0,1,0,0.00020225364645040146,1.0,0.09811635011633575,1.0,8.066416306232836e-05,2943,0
2130,0,0,1,1,1,1,0.00020880828980547768,0.9608169386185272,0.19650513190109886,2.0,7.783581213204076e-05,3217,0
409,0,0,4,6,4,6,0.00065409211267769,0.9825256595055893,0.12163387723705443,1.25,0.0006264371988762514,265,0
2790,0,0,1,2,1,2,0.0003039311743415469,0.9995262922673294,0.09894428462260954,1.0,8.067946417740301e-05,2942,0
2789,0,0,1,0,1,0,0.00020714290144746152,1.0,0.09772599908458376,1.0,9.100258895076603e-05,2487,0
7455,0,0,1,1,1,1,0.00022482261116903954,0.3445092839567201,-0.9500977340680588,-10.0,8.859310831739684e-05,2580,0
4888,0,0,0,1,0,1,0.0001161414179254723,0.9909742503949047,0.0,0.0,4.9739967085536536e-05,3767,0
1728,0,0,1,1,1,1,0.00021817662413477714,0.9818327526844177,0.1928651214666074,2.0,0.00011160884319359461,2046,0
2788,0,0,1,0,1,0,0.0002453307583229944,1.0,0.09995262922648218,1.0,8.406712125788792e-05,2774,0
14,0,0,12,14,12,14,0.001922403329976937,0.9841568697045462,0.13794762589903187,1.4166666666666667,0.0035589459835260735,19,1
1730,0,0,1,1,1,1,0.00025572067498773587,0.9953516694313401,0.09897862719452508,1.0,0.00010723339293220363,2136,0
1023,0,0,3,3,3,3,0.00036055921991452777,0.9501562509322375,0.2229722286261138,2.3333333333333335,0.0001221101832412924,1854,0
2791,0,0,1,0,1,0,0.00020686906449062528,1.0,0.09664721907002816,1.0,7.566092888036999e-05,3378,0
2792,0,0,1,1,1,1,0.0003039311743415469,0.9990762699214176,0.09894428462260954,1.0,8.067946417740301e-05,2941,0
1479,0,0,3,2,3,2,0.0006945223820079008,0.9830891992613457,0.12973762680833298,1.3333333333333333,0.0002546360412870007,834,0
2132,0,0,1,1,1,1,0.00018414726900843717,0.9263444065257562,0.0952429494129729,1.0,0.00010176718351110077,2275,0
2498,0,0,1,1,1,1,0.0001955385348499993,0.9796885347501917,0.09812530915563578,1.0,7.937879011849086e-05,3061,0
360,0,0,1,1,1,1,0.0002093574624210985,0.9833714703443976,0.09656272183810688,1.0,0.000593962715588257,286,0
1731,0,0,1,1,1,1,0.00023265502064462215,0.981026187050484,0.09841568697046711,1.0,0.0001284616760492687,1741,0
51,0,0,4,6,4,6,0.0006336032505167359,0.9937806472133681,0.09782636683687959,1.0,0.0022682057226275838,45,1
588,0,0,1,1,1,1,0.0002059216604238971,0.9989131834184398,0.0993780647216413,1.0,0.00041732240356153876,476,0
2135,0,0,1,1,1,1,0.00023265502064462215,0.981026187050484,0.09841568697046711,1.0,0.00010860977981463118,2105,0
2134,0,0,1,0,1,0,0.00023265502064462215,1.0,0.09841568697046711,1.0,0.00010625777816918643,2159,0
2796,0,0,1,1,1,1,0.00023265502064462215,0.981026187050484,0.09841568697046711,1.0,8.23555470608673e-05,2838,0
2131,0,0,1,1,1,1,0.0004113371676289026,0.9648688134041665,0.1966178398519979,2.0,0.00015859961876018783,1397,0
2133,0,0,1,0,1,0,0.0002059216604238971,1.0,0.1987561294432826,2.0,7.474999108639223e-05,3414,0
1288,0,0,3,3,3,3,0.0004516313946314126,0.9813380057103492,0.098506541106876,1.0,0.000197604187206005,1105,0
2793,0,0,1,0,1,0,0.0001955385348499993,1.0,0.09812530915563578,1.0,7.937879011849086e-05,3126,0
1139,0,0,3,3,3,3,0.0003974296355167438,0.9750964217785255,0.09738853506777025,1.0,0.00020398697899015218,1076,0
2797,0,0,1,0,1,0,0.0002093574624210985,1.0,0.09656272183810688,1.0,7.650678394904648e-05,3314,0
2138,0,0,2,1,2,1,0.0003253218925246275,0.981026187050484,0.09833412646050826,1.0,0.00011045139210737155,2069,0
2136,0,0,1,1,1,1,0.00023265502064462215,0.981026187050484,0.09841568697046711,1.0,0.00011199437009382164,2039,0
2799,0,0,1,1,1,1,0.00016156861902023433,0.98910551854128,0.0979720000710744,1.0,6.71951214369285e-05,3608,0
2137,0,0,1,1,1,1,0.00021817662413477714,0.9681672473155823,0.1928651214666074,2.0,8.838851548243165e-05,2590,0
1289,0,0,1,0,1,0,0.00023265502064462215,1.0,0.19683137394093422,2.0,0.0001635969874824764,1350,0
2798,0,0,1,1,1,1,0.0002059216604238971,0.9989131834184398,0.0993780647216413,1.0,7.474999108639223e-05,3413,0
4910,0,0,2,0,2,0,0.00039791219134711404,1.0,-0.31098143208655993,0.0,0.00015089555844777016,1477,0
2795,0,0,1,1,1,1,0.0001955385348499993,0.9796885347501917,0.09812530915563578,1.0,7.937879011849086e-05,3060,0
1290,0,0,4,5,4,5,0.0005569622408203189,0.9799627019092368,0.1214197595541398,1.25,0.00016419693245490693,1340,0
2800,0,0,1,1,1,1,0.00025572067498773587,0.9953516694313401,0.09897862719452508,1.0,7.461781295687285e-05,3434,0
1970,0,0,1,1,1,1,0.00020880828980547768,0.9891830613814728,0.09825256595054943,1.0,0.00010877530922390725,2100,0
2802,0,0,1,1,1,1,0.0002059216604238971,0.9785730668927577,0.0993780647216413,1.0,7.474999108639223e-05,3410,0
7526,0,0,1,1,1,1,0.0002017661021607282,0.92345814356663,0.09300471730083834,1.0,0.00013171353060909552,1693,0
945,0,0,1,1,1,1,0.00016156861902023433,0.9851311865958335,0.0979720000710744,1.0,0.00027522350970015497,772,0
