node,deg15_in,deg15_out,deg30_in,deg30_out,growth_in,growth_out,pagerank30,fairness30,goodness30,avg_rating30,final_pagerank,final_rank,is_top50_final
6,11,11,20,22,9,11,0.0012921335357119468,0.9451752900415029,0.3105460647616258,3.35,0.0007741085917228506,174,0
2,35,31,35,32,0,1,0.0025531768424174937,0.9270255103347596,0.27536508715004165,3.0,0.0009774710321327727,127,0
5,3,3,3,3,0,0,0.00027040429143275745,0.9669485374756621,0.21928924938187702,2.3333333333333335,9.298616272940449e-05,2324,0
1,94,102,147,150,53,48,0.01207373528283921,0.9347385395263321,0.309308501471665,3.3945578231292517,0.005029048679852529,8,1
15,9,6,11,12,2,6,0.000863176786657644,0.9585383667034351,0.15694062760903724,1.6363636363636365,0.00032293239289585003,546,0
4,25,29,39,47,14,18,0.002788481888822989,0.9035265751247723,0.27477354319236097,2.948717948717949,0.0012898358110030761,92,0
3,11,0,13,0,2,0,0.0008011993546895389,1.0,0.38324714412845223,4.230769230769231,0.00038277895200766233,439,0
13,41,43,82,86,41,43,0.006536050371554616,0.9586143376588672,0.14541682809219128,1.524390243902439,0.004285772484391748,11,1
16,1,0,1,0,0,0,0.00015049765417436055,1.0,0.7668914701272972,8.0,5.235060037934621e-05,4695,0
10,3,7,4,8,1,1,0.000355619211167696,0.7626436870643836,0.6297061312283946,6.75,0.00013403416569389068,1571,0
7,156,158,190,204,34,46,0.015878086900734393,0.9493727432917475,0.2784542089127362,2.963157894736842,0.005912435786337965,5,1
21,23,21,23,21,0,0,0.001777669799213942,0.8937780381804346,0.3101008281001159,3.391304347826087,0.0006441925866757662,217,0
20,8,0,8,0,0,0,0.000627025523336069,1.0,0.296157352161311,3.25,0.00023465574128920115,827,0
8,3,1,3,1,0,0,0.00026408496197704944,0.9953457492641675,0.5116605269121702,5.666666666666667,9.40420469756542e-05,2293,0
17,9,14,12,15,3,1,0.000858823959127758,0.9345955708968178,0.2960960628735265,3.1666666666666665,0.00042442425832789685,373,0
23,15,17,19,17,4,0,0.0016165576063267837,0.9408449811113304,0.27863676476118454,3.0,0.0006896469811648333,195,0
25,11,0,31,0,20,0,0.0019381789224500764,1.0,0.3618628270187189,3.967741935483871,0.002060798656742606,43,1
26,5,5,9,9,4,4,0.000977608659786097,0.9795563196950047,0.15915590309389036,1.6666666666666667,0.00037046843223554905,465,0
28,8,5,9,5,1,0,0.0006835220492790509,0.9590619015929048,0.15880424612452002,1.6666666666666667,0.00033990550841227836,514,0
29,27,33,29,33,2,0,0.00228509002309908,0.9773726587734111,0.1684781664645539,1.793103448275862,0.0009314643278654528,135,0
31,2,2,2,2,0,0,0.00020477348591091223,0.9789794888339935,0.13865018270884336,1.5,7.229960098291021e-05,3136,0
32,3,3,4,4,1,1,0.0003297531129864864,0.8923625748944005,0.09217695986514277,1.0,0.00016496088457537,1236,0
34,3,3,3,3,0,0,0.0002850579108322214,0.9278034102539012,0.09475752068175343,1.0,9.384064646831807e-05,2299,0
35,26,32,162,210,136,178,0.01483081492678288,0.9838962408812804,0.14493312839827224,1.5308641975308641,0.015107372805455366,1,1
36,12,12,31,31,19,19,0.002690848705535879,0.971653373675174,0.1695742613135579,1.8064516129032258,0.000981221707925812,126,0
37,9,10,11,12,2,2,0.0008539980301302154,0.9580130841581611,0.1304294403566192,1.3636363636363635,0.0003435503830252744,505,0
44,2,2,3,2,1,0,0.00025091062967093087,0.9515431633724778,-0.24504445863871596,-2.6666666666666665,0.00010756711558909126,1994,0
39,20,22,22,24,2,2,0.0016614520893059998,0.8989174290787605,0.2633979061534697,2.8181818181818183,0.0006532796404355695,213,0
45,11,11,11,11,0,0,0.0008416254267108844,0.9387989438471313,0.2521468982193083,2.8181818181818183,0.00029124956823957946,634,0
19,9,8,9,10,0,2,0.0007010767718037505,0.9102025093627757,0.2602714448130973,2.7777777777777777,0.000266867730032477,704,0
46,1,1,1,1,0,0,0.0001596575468782625,0.965212869343221,0.09716533732080154,1.0,5.879979399223194e-05,3924,0
47,2,2,2,2,0,0,0.00022047661221825918,0.9280593224038998,0.18767941809224908,2.0,7.652365224703115e-05,2925,0
51,6,6,6,6,0,0,0.0005602769857986035,0.9073332694814618,0.279613551048558,3.1666666666666665,0.0006733880437096258,200,0
52,1,1,1,1,0,0,0.00014475365113828764,0.965760916767723,0.09773726587741582,1.0,5.8958731280655836e-05,3919,0
53,2,2,2,2,0,0,0.00021704683774141046,0.9565768276733569,0.2837544430382116,3.0,7.909477715256184e-05,2815,0
54,7,7,7,7,0,0,0.0007284646911020241,0.9366404115723416,0.20340286995641652,2.142857142857143,0.0002680042966339648,699,0
41,34,32,66,69,32,37,0.005256047158720385,0.9564841164342017,0.16352906731168712,1.7424242424242424,0.0024072028948341185,31,1
55,1,1,1,1,0,0,0.00015205902153783503,0.9107728955436319,0.0949372743267731,1.0,5.6657874394049445e-05,4159,0
57,10,9,23,17,13,8,0.0017925798149613329,0.9445488929453384,0.19701763006036752,2.0869565217391304,0.0014877126880743592,71,0
61,5,5,6,5,1,0,0.0004387388649928005,0.8413021184420756,0.25086437209969625,2.6666666666666665,0.00018701478471082182,1079,0
65,1,1,1,1,0,0,0.00014590745290978387,0.9724665641991361,0.0983896240810822,1.0,5.1802936512387635e-05,4785,0
56,5,6,6,7,1,1,0.00048188132507775234,0.9675090687312767,0.1747027421146765,1.8333333333333333,0.00015882655472100856,1296,0
66,1,1,1,1,0,0,0.0001363558952304881,0.9626132284038196,0.18070531502507334,2.0,5.243382312992852e-05,4682,0
69,7,7,8,7,1,0,0.0008471266528696394,0.953093537923229,0.1422979563444939,1.5,0.00035799245437048114,480,0
70,5,5,5,6,0,1,0.0004262908810780512,0.9684901413887358,0.17315461688120265,1.8,0.00015216821690310555,1366,0
71,1,1,1,1,0,0,0.0001543339462408225,0.7546542507358325,0.09347385395257503,1.0,5.4899384011041e-05,4365,0
72,5,5,9,9,4,4,0.0007247516562224234,0.9591416262467919,0.20881948949842344,2.2222222222222223,0.00029499769833993023,626,0
74,1,1,1,1,0,0,0.0001543339462408225,0.8953457492641675,0.09347385395257503,1.0,5.4899384011041e-05,4366,0
75,7,7,7,7,0,0,0.0010748485818468415,0.9692260355923068,0.13801931953757476,1.4285714285714286,0.0004439854279166903,346,0
68,5,5,5,5,0,0,0.00044265573559462506,0.9634836642017697,0.15163272581449924,1.6,0.0001543999619347831,1344,0
64,56,64,60,71,4,7,0.0042308998742114756,0.9265111004204735,0.16885726129086434,1.8333333333333333,0.0016522065530414696,59,0
76,3,3,3,3,0,0,0.00029828957706488825,0.9241039544293703,0.15689149334154454,1.6666666666666667,0.00010097322404432398,2142,0
77,13,20,13,20,0,0,0.00103595889891893,0.9681161197402066,0.1997252958539294,2.1538461538461537,0.00037565261078751196,454,0
78,8,8,9,8,1,0,0.0006886659942512787,0.9412897862930417,0.16860660001219363,1.7777777777777777,0.00025216415703852734,763,0
60,65,63,66,63,1,0,0.005354499933987348,0.947111709031788,0.29017092923628546,3.106060606060606,0.0019248146549521372,48,1
79,1,1,1,1,0,0,0.00014590745290978387,0.9775334358008638,0.0983896240810822,1.0,5.1802936512387635e-05,4786,0
80,9,11,16,17,7,6,0.0014404089722677416,0.9357648634014694,0.1873564276873292,2.0,0.00041962613535801346,378,0
81,8,6,8,6,0,0,0.0006756458368238544,0.9505556179026289,0.2479436418077257,2.625,0.0002471355425347237,778,0
62,24,14,26,14,2,0,0.002054985435825153,0.9743231953357975,0.2516869460443225,2.6923076923076925,0.0011417685908384021,103,0
83,1,1,1,1,0,0,0.00015064682105697793,0.9682354663441565,0.09564841164349283,1.0,5.546856019747053e-05,4302,0
104,32,29,39,41,7,12,0.0031443438674066963,0.9416571842264385,0.24211392583179575,2.58974358974359,0.0013342219541252985,82,0
86,1,1,1,1,0,0,0.00015064682105697793,0.9682354663441565,0.09564841164349283,1.0,5.546856019747053e-05,4303,0
87,2,2,2,2,0,0,0.00020853297283474875,0.9087638818928384,0.09253191420791324,1.0,7.829834814050503e-05,2851,0
89,2,2,2,2,0,0,0.00021678948703441462,0.9645041809438941,0.14276148014851953,1.5,7.709282843346068e-05,2896,0
94,1,1,1,1,0,0,0.0001365625033007801,0.9655713693545678,0.09265111005110765,1.0,5.3032530485545306e-05,4608,0
95,4,3,6,6,2,3,0.0005596939098922715,0.9590534609033746,0.17167100801735377,1.8333333333333333,0.00021122738799502747,934,0
96,6,6,8,8,2,2,0.0007085468201393968,0.9605505791348324,0.14364695329462854,1.5,0.000777563196254722,170,0
97,4,4,4,4,0,0,0.0005037195291602582,0.9810457649243918,0.14501431899535017,1.5,0.00018758535130474806,1078,0
99,1,1,1,1,0,0,0.00018882839850494268,0.9788510218277531,0.38123741516911736,4.0,7.853465829056613e-05,2835,0
88,5,5,6,7,1,2,0.000509991733184165,0.9233293338768401,0.25492525703966545,2.6666666666666665,0.00018168166818080438,1116,0
101,5,5,6,5,1,0,0.0005473556213212926,0.9023700731490789,0.2336534226512886,2.5,0.0003161191538139355,570,0
100,7,9,7,9,0,0,0.0005608414485823649,0.9520022039151989,0.12082763806957134,1.2857142857142858,0.0002147974698846865,917,0
103,1,0,1,0,0,0,0.00017888982576251853,1.0,0.09023700731504666,1.0,8.895381463031197e-05,2448,0
105,2,1,2,1,0,0,0.00016055098826034384,0.9682354663441565,0.3196547560864754,3.5,5.935359758930142e-05,3888,0
106,1,1,1,1,0,0,0.0001611551505628022,0.9781765233526858,0.09605505791356322,1.0,5.080378386445325e-05,5211,0
107,2,2,2,2,0,0,0.00025682456685173765,0.9728976487755886,0.19111061970390691,2.0,8.572929976922052e-05,2560,0
108,6,4,6,4,0,0,0.0005545562747959762,0.9138280214072497,0.0956358610112687,1.0,0.00018354980589444807,1106,0
109,6,5,6,5,0,0,0.000502035032557898,0.941684078241795,0.21773008036319652,2.5,0.00018677704617933402,1081,0
110,14,12,15,12,1,0,0.0010987130888838006,0.9439474889622337,0.13238643696062277,1.4,0.00034544960676038966,501,0
111,5,5,5,5,0,0,0.0004000649293528079,0.8760275177470264,0.3323770174048626,3.6,0.00013931405033119085,1509,0
112,4,4,11,19,7,15,0.0007319947844128371,0.9463789109197476,0.15547228304213986,1.6363636363636365,0.0003333537825639252,528,0
115,2,1,2,1,0,0,0.00016269998572086012,0.9498626479269647,0.23985530905328262,2.5,0.00048814584738411204,309,0
114,8,5,8,5,0,0,0.0006169003287460309,0.945121486478618,0.11722529885994593,1.25,0.00024955042905906163,770,0
119,3,3,3,3,0,0,0.0003365319689460121,0.7309531226914632,0.36983416645164696,4.333333333333333,0.00012306490689067338,1735,0
122,1,2,1,2,0,0,0.00015205902153783503,0.9382347977687675,0.0949372743267731,1.0,5.6657874394049445e-05,4160,0
127,3,2,3,2,0,0,0.0003182358865582998,0.8269579600339402,0.33827306169583315,4.333333333333333,0.0001173590728498191,1814,0
129,3,2,6,2,3,0,0.0004375628641872725,0.9590746667290629,0.2223978421068078,2.3333333333333335,0.00015071311582773506,1379,0
116,1,1,1,1,0,0,0.00015205902153783503,0.9607728955436319,0.1898745486535462,2.0,5.6657874394049445e-05,4161,0
131,1,0,1,0,0,0,0.00012994039264256207,1.0,0.09681161197405096,1.0,5.026654166687185e-05,5265,0
132,31,30,31,30,0,0,0.002554621839995577,0.9473608216410155,0.1620023263158863,1.7096774193548387,0.0009527704471333834,132,0
133,1,1,1,1,0,0,0.00015205902153783503,0.9107728955436319,0.0949372743267731,1.0,7.205591779861005e-05,3149,0
113,21,23,28,31,7,8,0.0021089209119596504,0.9484139436703092,0.1766308131261096,1.8571428571428572,0.0009127566739445623,139,0
125,5,6,6,7,1,1,0.0004894514733280906,0.9809869900417822,0.15757993352437805,1.6666666666666667,0.00020725870943056007,956,0
135,13,16,33,32,20,16,0.0024553812215506944,0.9559068892886728,0.1110666993688211,1.0303030303030303,0.00174934066304151,54,0
134,11,9,12,11,1,2,0.0009534662248726497,0.9482795781340202,0.23404304115324,2.5,0.0003412774970267013,510,0
137,2,2,2,2,0,0,0.00021678948703441462,0.9395041809438942,0.09529284298513296,1.0,7.709282843346068e-05,2897,0
138,2,2,2,2,0,0,0.00022667840326353805,0.9321722930531122,0.09410496805827287,1.0,8.012370057031468e-05,2771,0
140,1,1,1,1,0,0,0.00015064682105697793,0.9682354663441565,0.09564841164349283,1.0,5.546856019747053e-05,4304,0
141,14,14,15,14,1,0,0.0012433220030256477,0.9488841090138012,0.1706563627610572,1.8,0.0005400121798338584,281,0
139,3,4,3,4,0,0,0.0002913336425554229,0.9636139689619759,0.12535922937901808,1.3333333333333333,0.00010247575345810037,2102,0
142,11,11,11,11,0,0,0.0008624318271068276,0.9471165817293731,0.15175941773787216,1.6363636363636365,0.00029735926827900987,617,0
143,17,20,17,20,0,0,0.0015628804299619551,0.9611688620216506,0.140517423348328,1.4705882352941178,0.0005256942328961433,289,0
144,39,42,40,43,1,1,0.0030462976232706724,0.9456045019915099,0.17297153216847871,1.825,0.0011005123192682454,110,0
145,1,1,1,1,0,0,0.0001543339462408225,0.8953457492641675,0.09347385395257503,1.0,5.4899384011041e-05,4367,0
146,2,3,2,3,0,0,0.00026383743032662275,0.9564671689963031,0.09432056363876225,1.0,0.0004335485233952911,361,0
147,3,2,3,2,0,0,0.000538602496986082,0.9491197498379432,0.09644003346499191,1.0,0.00019304571574420805,1042,0
148,4,5,5,5,1,0,0.00064779751875444,0.9838330822740075,0.11617728116660339,1.2,0.0002450080310152038,789,0
93,5,5,9,8,4,3,0.0006760951721686572,0.9441087395967444,0.2389618662556688,2.5555555555555554,0.0003312020688104864,533,0
149,16,19,25,32,9,13,0.001894868312836992,0.9352573211945774,0.1602984631273317,1.72,0.0007326969301397398,191,0
150,3,5,3,5,0,0,0.0002724571291046404,0.9748883026577618,0.0948408009383691,1.0,0.00010484079965440052,2053,0
152,8,3,9,3,1,0,0.0009710844811305242,0.9902009512912864,0.11780280115331353,1.2222222222222223,0.0003854671271702876,436,0
153,6,4,6,4,0,0,0.0004761736031234921,0.9504763088988436,0.17393188972276974,1.8333333333333333,0.00016302785069132738,1253,0
154,1,1,1,1,0,0,0.0003609716852989291,0.9589014005766567,0.09902009512908125,1.0,0.00014385809843316092,1449,0
155,2,2,2,2,0,0,0.00022987198638446413,0.9365169429880283,0.2370719231017238,2.5,8.110744619134229e-05,2738,0
156,6,7,6,7,0,0,0.0004858000881424369,0.9264231834066098,0.15829683785370582,1.6666666666666667,0.000177655041380323,1148,0
157,2,2,2,2,0,0,0.0002229912780796935,0.9746183147510498,0.14256028798571713,1.5,8.069287675674422e-05,2752,0
158,3,1,3,1,0,0,0.0002812484669219833,0.9883154065630548,0.09561077327949717,1.0,0.0001014364563403965,2128,0
160,3,3,3,3,0,0,0.00028290200139988295,0.9603230195842181,0.09623754047011712,1.0,0.000178709874450008,1132,0
161,3,3,3,3,0,0,0.00027555504873423044,0.9772924697040003,0.15856010445403787,1.6666666666666667,9.709473764036967e-05,2224,0
162,2,2,2,2,0,0,0.0002229912780796935,0.9686171515931067,0.09519224690373178,1.0,8.069287675674422e-05,2753,0
163,6,7,8,9,2,2,0.0005622047895615574,0.9774396253584677,0.10696344857386832,1.125,0.00019911677914366175,1008,0
165,1,1,2,1,1,0,0.00022632898790258738,0.8953457492641675,0.32746638599715305,3.5,7.584529868276112e-05,2957,0
166,12,13,12,13,0,0,0.0011148681901977547,0.9759702740342305,0.11979506784378835,1.25,0.00039261111307561166,424,0
167,6,10,8,10,2,0,0.0005683206163816372,0.8963215654890055,0.24319607844293298,2.625,0.000248360208948132,775,0
168,1,1,1,1,0,0,0.00015064682105697793,0.9682354663441565,0.09564841164349283,1.0,5.546856019747053e-05,4305,0
169,1,1,1,1,0,0,0.0001582608125831139,0.9810011631579432,0.18947216432794145,2.0,8.316011171381318e-05,2654,0
170,1,1,1,1,0,0,0.00015254602747098706,0.9741202911310639,0.09471165817293674,1.0,5.798309423743931e-05,3981,0
171,28,28,28,28,0,0,0.00202764485409859,0.9634705910879229,0.13995347413112866,1.4642857142857142,0.0010650651547010194,115,0
172,1,1,1,1,0,0,0.000158093433164659,0.9049145353818573,0.09471117090328982,1.0,6.089813116863581e-05,3754,0
173,4,3,4,3,0,0,0.00031038148620991443,0.9704255500663718,0.16571949851716405,1.75,0.00010748905326898596,1997,0
174,1,2,4,4,3,2,0.00033244150243677344,0.9411950724803964,0.14326428489373108,1.5,0.00011388416276282386,1864,0
175,1,1,1,1,0,0,0.00015205902153783503,0.9607728955436319,0.1898745486535462,2.0,5.6657874394049445e-05,4162,0
176,3,4,3,4,0,0,0.00026457796025964664,0.959187390337871,0.15663006587045308,1.6666666666666667,9.773258912040245e-05,2208,0
177,7,7,8,8,1,1,0.000596054680040423,0.9630804018268398,0.14172785852025593,1.5,0.00022092094875665147,887,0
178,14,14,25,27,11,13,0.0020821933193192373,0.955751525070764,0.20028620923357335,2.2,0.0008794166583350645,145,0
179,7,2,7,2,0,0,0.0007434554553902182,0.9896051784818543,-0.03999193333654014,-0.42857142857142855,0.00026419697587199906,721,0
180,4,4,4,4,0,0,0.0004786423141199741,0.9670863967127139,0.14099241118941225,1.5,0.0002779795775039202,672,0
181,6,5,6,5,0,0,0.00046877646951175756,0.9783277356405397,0.12588044047495042,1.3333333333333333,0.0001618467960682549,1264,0
159,21,22,21,22,0,0,0.0019945259176383534,0.9816081947083831,0.18433126945289896,2.1904761904761907,0.0007775419706635058,171,0
182,1,1,1,1,0,0,0.0001961078832381751,0.9919113594166983,0.09838330822747178,1.0,7.664707637619252e-05,2915,0
183,3,3,3,3,0,0,0.0002982053723347064,0.9773621939091225,0.12960412349215591,1.3333333333333333,0.00010737006294139797,1999,0
184,4,3,15,18,11,15,0.0011061290240283552,0.9274746410478617,0.18561875268979525,2.066666666666667,0.0004287319599769436,366,0
185,2,2,2,2,0,0,0.00020471129272589146,0.9542193258765651,0.09528588868744867,1.0,8.220201538596276e-05,2683,0
186,9,9,11,11,2,2,0.0008567269796715224,0.9702993714596239,0.12118985367188741,1.2727272727272727,0.00031793958621464914,562,0
187,1,1,1,1,0,0,0.00015112660089937026,0.9944666503155895,0.09559068892888527,1.0,5.118550244232733e-05,5147,0
33,6,6,6,6,0,0,0.0005706031847938759,0.938959276724215,0.22005781341231723,2.3333333333333335,0.0006405796494185481,219,0
188,1,1,1,1,0,0,0.00015205902153783503,0.9107728955436319,0.0949372743267731,1.0,7.917897056485908e-05,2809,0
189,1,1,2,1,1,0,0.00020175490768609047,0.9789430370841021,0.23314238349903654,2.5,9.07082743621953e-05,2406,0
190,1,1,1,1,0,0,0.00015110875994570871,0.9289430370841021,0.09416571842237507,1.0,5.530913306284005e-05,4314,0
191,2,1,3,2,1,1,0.0003524479122357545,0.8792551995294573,0.18271016769489748,2.0,0.00013290398500775217,1587,0
192,1,1,4,1,3,0,0.00032317064590133894,0.979741288325836,0.09547165619510312,1.0,0.00027784628539315653,673,0
193,2,2,2,2,0,0,0.00022423609914209568,0.8720708199191127,0.18976149694180455,2.0,8.252239940462597e-05,2674,0
194,3,3,3,3,0,0,0.00040980173083450186,0.9200178837176402,0.09647511798123436,1.0,0.00014923113671345755,1391,0
195,1,1,1,1,0,0,0.00015205902153783503,0.9107728955436319,0.0949372743267731,1.0,5.6657874394049445e-05,4163,0
196,1,1,1,1,0,0,0.00021064178987008356,0.9241565269778388,0.097432319533592,1.0,0.00010429437701541352,2066,0
198,48,45,48,45,0,0,0.0038310259558019576,0.9517570656286016,0.15484951323057328,1.6875,0.0015087621376726093,69,0
199,3,5,3,5,0,0,0.0003096506129352037,0.9563450304828673,0.09533151241899651,1.0,0.00018072133184945921,1122,0
200,6,8,6,8,0,0,0.00048251199965538053,0.9355869810142673,0.23626306012293974,2.8333333333333335,0.00016876570425180209,1202,0
201,4,2,4,2,0,0,0.00043838725033604816,0.9913903053317593,0.28943555922430053,3.25,0.00016085088432765273,1275,0
202,78,83,89,97,11,14,0.007379692197694991,0.9439389806791709,0.21613881741304697,2.3146067415730336,0.003342619522839635,15,1
203,9,10,9,10,0,0,0.0006069953442413994,0.9822433851964577,0.1273224998781333,1.3333333333333333,0.0002240635143646121,879,0
204,10,9,19,16,9,7,0.0018066643109995418,0.9602871274859295,0.13406924439244566,1.4210526315789473,0.0008108995176461371,156,0
205,1,0,1,0,0,0,0.000158093433164659,1.0,0.09471117090328982,1.0,6.089813116863581e-05,3755,0
206,14,15,14,15,0,0,0.0016238377138733542,0.9674990172314399,0.13091389665419728,1.3571428571428572,0.000579902884181319,259,0
207,5,4,7,6,2,2,0.0005133646802583427,0.9669246428236745,0.12317997577986035,1.2857142857142858,0.00018096013805035132,1120,0
209,17,15,26,23,9,8,0.0022313658211778795,0.9748897624645765,0.1599752756031442,1.6923076923076923,0.0008617025023795964,148,0
210,1,1,1,1,0,0,0.00015205902153783503,0.9107728955436319,0.0949372743267731,1.0,5.6657874394049445e-05,4164,0
120,2,2,4,2,2,0,0.0005246685672668916,0.9217548139854768,0.2611660254059715,2.75,0.0001984718443786796,1013,0
211,2,1,2,1,0,0,0.00019888864251937195,0.9419305912934766,0.0920130273084081,1.0,7.851763666969442e-05,2836,0
212,6,6,6,6,0,0,0.0005140845337886239,0.9504268445439098,0.14318616463075237,1.5,0.00018849146749124902,1071,0
213,1,1,1,1,0,0,0.000158093433164659,0.9549145353818573,0.18942234180657963,2.0,6.089813116863581e-05,3756,0
214,11,9,12,10,1,1,0.0008836557525444268,0.9618444589837978,0.18752212662568088,2.0,0.0003497568901131384,495,0
215,16,16,18,18,2,2,0.0015050868662199674,0.9608367043430616,0.13244713372058137,1.3888888888888888,0.0012989121404717843,90,0
216,6,6,6,6,0,0,0.0005095519850683612,0.9661959652074923,0.04895233313533667,0.5,0.00024295980483576558,794,0
217,3,3,3,3,0,0,0.0002183297649050787,0.9554629586274725,0.2453329970113111,2.6666666666666665,8.206919100546164e-05,2690,0
218,2,1,2,1,0,0,0.0001679976003680249,0.9049145353818573,0.27388104400558577,3.0,6.47831685604667e-05,3526,0
219,16,18,16,18,0,0,0.0010384811409570106,0.9385661638937807,0.1541339006985028,1.625,0.00037982615901967573,443,0
220,1,0,1,0,0,0,0.00014213923788653065,1.0,0.09591873903382636,1.0,5.5794057675577796e-05,4258,0
223,4,0,5,0,1,0,0.00036641093145411605,1.0,0.5696248521478474,6.2,0.00021196477874785532,929,0
224,6,7,6,7,0,0,0.0004852326793731612,0.966227358144343,0.20214525894078506,2.1666666666666665,0.0002669286313171642,703,0
225,2,4,3,6,1,2,0.000323183432968948,0.9554850508702623,0.09608906854453185,1.0,0.00012794643394417634,1662,0
227,5,5,6,6,1,1,0.0004793188945105253,0.9609272626822317,0.11203182435434339,1.1666666666666667,0.00017337182563809865,1177,0
228,8,10,10,12,2,2,0.0008078337827324141,0.9505521126777551,0.1502216452786876,1.6,0.00037607198379385173,452,0
230,7,5,7,5,0,0,0.00059741333124224,0.9521222644486244,0.25877597694718274,2.7142857142857144,0.0008091906553310785,158,0
231,4,4,4,4,0,0,0.0005480254156680146,0.9169625446616165,0.09544296097258011,1.0,0.00015541503353867566,1330,0
232,1,1,1,1,0,0,0.00015205902153783503,0.9607728955436319,0.28481182298031926,3.0,5.6657874394049445e-05,4165,0
233,3,1,3,1,0,0,0.00030904820864838516,0.9845430516729013,0.16087706360724804,1.6666666666666667,0.00011054975594900969,1933,0
208,2,2,2,2,0,0,0.0002828188674743442,0.9596209957979908,0.1907829161217307,2.0,0.00013015890202599002,1629,0
234,3,2,3,2,0,0,0.00025626092885553493,0.9399444004685344,0.21442489092787334,2.3333333333333335,9.165909338077223e-05,2371,0
235,8,9,11,9,3,0,0.0009612046454907231,0.9456911394836407,0.21267738455781354,2.272727272727273,0.00040420412672176136,404,0
222,10,10,13,12,3,2,0.0011930918423397332,0.9681355526449248,0.1614979727589077,1.6923076923076923,0.00043090232398873004,364,0
236,2,3,2,3,0,0,0.0002228827036367764,0.9771030639451148,0.09623216640115867,1.0,8.55594452936709e-05,2566,0
237,1,1,1,1,0,0,0.00015057159485228316,0.6080694087065235,0.09439389806793341,1.0,5.738565904584498e-05,4066,0
238,4,4,4,5,0,1,0.00034648943597765335,0.9357749659106679,0.11835477039982131,1.25,0.0001598017710276195,1285,0
239,3,6,7,10,4,4,0.0005169786696262063,0.9651351077546935,0.2306856302523956,2.4285714285714284,0.00020206616657638012,989,0
240,4,3,4,3,0,0,0.0003186412434444323,0.9655382146923144,0.2321157909051145,2.5,0.00011576963665156635,1838,0
241,4,2,4,2,0,0,0.0004534649155463105,0.9706998471649774,0.5070207218124763,5.5,0.0001699684169135937,1194,0
242,3,3,3,3,0,0,0.00024338555523479972,0.9200783543759232,0.372068784476331,4.0,0.00038171210582875676,441,0
244,5,4,5,4,0,0,0.00046126605527027197,0.9662672234663092,0.24266635366314784,2.6,0.00018612085081940144,1084,0
164,3,4,4,5,1,1,0.0004081230667961638,0.9643760322355638,0.21479587536339206,2.25,0.0001529979142175547,1360,0
245,7,4,7,4,0,0,0.0008067962444222995,0.961004375797998,0.2858351710471857,3.142857142857143,0.00038554159481192437,435,0
246,2,1,2,1,0,0,0.00015581162011314974,0.9775334358008638,0.27572027059448195,3.0,0.0001032389050606619,2088,0
247,1,1,1,1,0,0,0.0001543339462408225,0.8953457492641675,0.09347385395257503,1.0,5.4899384011041e-05,4368,0
248,2,3,2,3,0,0,0.00022024205630073935,0.9330905675282881,0.1469415089058475,1.5,8.37169309597121e-05,2632,0
250,3,2,3,2,0,0,0.0003388155443120582,0.951083939547275,0.27776162246586683,3.0,0.00014536646770647648,1441,0
251,7,6,7,6,0,0,0.000590716767211642,0.9211106762616744,0.18763745506685023,2.0,0.0002555033449207357,749,0
249,18,19,19,20,1,1,0.0021224837458086996,0.9647305182004798,0.12796791512909964,1.368421052631579,0.0008719883471543009,146,0
243,6,7,8,12,2,5,0.0006495510583904546,0.9548433305787649,0.21420876900570784,2.25,0.00023553567581690747,825,0
252,1,1,1,1,0,0,0.000158093433164659,0.9049145353818573,0.09471117090328982,1.0,6.089813116863581e-05,3757,0
253,0,1,0,1,0,0,8.591635556039835e-05,0.9641644959913231,0.0,0.0,3.5033606158059295e-05,5859,0
255,1,1,1,1,0,0,0.000158093433164659,0.9049145353818573,0.09471117090328982,1.0,6.089813116863581e-05,3758,0
256,23,22,25,24,2,2,0.0019111304974791298,0.9713242416519661,0.14869158253241122,1.56,0.0008202997080758274,155,0
257,15,93,16,93,1,0,0.0010838023675881527,0.9061018342164634,0.3454822516489784,3.6875,0.00042506071055551975,372,0
258,2,2,2,2,0,0,0.00023577417403045412,0.9459195552995154,0.14451837639448156,1.5,7.560052062935078e-05,2963,0
259,2,2,2,2,0,0,0.00023510094491674383,0.9725961189239947,0.09422428595968749,1.0,8.503342939705117e-05,2591,0
260,2,0,3,0,1,0,0.00023676580826320534,1.0,-0.12260465678726618,-1.6666666666666667,8.31405237633695e-05,2655,0
261,7,6,8,7,1,1,0.0006096922772353075,0.9589564943416738,0.18569221480617354,2.0,0.00023637720883571862,820,0
262,6,6,6,6,0,0,0.0005211103529178538,0.9882021403684934,0.12932950388536749,1.3333333333333333,0.00019354986717339334,1039,0
263,2,1,2,2,0,1,0.0003346326449443104,0.962737653357677,0.14164432411369832,1.5,0.0001346834596439934,1565,0
264,2,0,2,0,0,0,0.0001679976003680249,1.0,0.4159478003605205,4.5,6.47831685604667e-05,3527,0
265,3,2,3,2,0,0,0.0002327280658646045,0.9566604654811496,0.2789779429809858,3.0,0.00011731641991741883,1817,0
266,15,16,17,18,2,2,0.0014060356066036331,0.9729223290578182,0.17562768319211072,1.9411764705882353,0.00047136996309627435,324,0
267,1,1,1,1,0,0,0.00014590745290978387,0.9775334358008638,0.0983896240810822,1.0,5.1802936512387635e-05,4787,0
268,5,5,5,5,0,0,0.00037320843675204857,0.9215221589776418,0.3008709856450878,3.2,0.00014538143162233473,1439,0
229,4,3,4,3,0,0,0.0003475925585472335,0.9601103538178296,0.20869079379851546,2.25,0.0001244878339603544,1711,0
221,8,8,8,8,0,0,0.0006722559695876788,0.9599018248016474,0.14309067615039703,1.5,0.00022816408589153045,859,0
269,5,4,5,4,0,0,0.00037169801611452525,0.9270497280600377,0.18654988382199758,2.0,0.0001351363499947169,1559,0
271,2,2,2,2,0,0,0.0002189891855327073,0.918638170278822,0.09393387601025421,1.0,7.725143689882667e-05,2889,0
272,7,7,11,9,4,2,0.0007561479248359979,0.9772818078768761,0.17636011178339997,1.9090909090909092,0.00027980319037941174,665,0
273,24,27,24,27,0,0,0.0018453104054165469,0.9662304879256156,0.1735464994690189,1.8333333333333333,0.0006539868092165704,212,0
274,11,7,12,7,1,0,0.0010288952907191392,0.9781780529960494,0.19904444021968928,2.1666666666666665,0.0005236420558594227,292,0
275,2,1,2,1,0,0,0.00017120847763053907,0.9646718186194714,0.2286645722938389,2.5,6.068818100572491e-05,3819,0
276,6,5,6,5,0,0,0.00045300133566286076,0.972434251246075,0.17246142094899652,1.8333333333333333,0.0001644554690825487,1237,0
270,20,25,30,34,10,9,0.0025190315026691152,0.9488978803345026,0.14105404038116612,1.5,0.000965875257612185,129,0
277,2,1,2,1,0,0,0.00015879158823134284,0.9794729798094169,0.2739703525707743,3.0,5.640316899392483e-05,4209,0
279,2,1,2,1,0,0,0.0001679976003680249,0.7450854646181427,0.2759315377464425,3.0,6.47831685604667e-05,3528,0
278,4,3,4,3,0,0,0.00032902453688670743,0.9671711434998665,0.3738425058293142,4.25,0.000128939126469417,1647,0
280,5,6,22,22,17,16,0.0015347135202928885,0.9682118122742349,0.1562008542034081,1.6363636363636365,0.0013879665864348204,76,0
281,1,0,1,0,0,0,0.00014523419864638642,1.0,0.09682118122734418,1.0,5.5020037459557156e-05,4343,0
282,6,5,6,5,0,0,0.0007480518894220075,0.9817694926516277,0.11055563582879434,1.1666666666666667,0.00028166716185198053,660,0
283,13,11,15,13,2,2,0.0011261403428250677,0.9152066001145829,0.22998293532141081,2.466666666666667,0.00040595538395259617,398,0
284,7,9,7,9,0,0,0.0005207358227933565,0.9186007582254456,0.2760340476621867,3.0,0.0002043535332222363,973,0
285,6,6,6,6,0,0,0.0006571999250740314,0.9525071335779252,0.14142232287017922,1.5,0.0002671584430745973,702,0
286,2,2,2,2,0,0,0.00022256663651404804,0.949126188724906,0.09398519220411097,1.0,7.83315737175651e-05,2848,0
287,1,1,1,1,0,0,0.00015357262581158413,0.9756542087337944,0.09713242416522766,1.0,5.676017384424834e-05,4149,0
288,6,7,6,7,0,0,0.0004917475435576987,0.9734163203340335,0.09551583690980216,1.0,0.000177174780988659,1151,0
290,1,1,1,1,0,0,0.00015699096466481008,0.9837764331397093,0.09608367043432169,1.0,5.547708920528367e-05,4299,0
291,1,1,1,1,0,0,0.00025673429950443167,0.9070824144764071,0.09610043757984935,1.0,0.00011561690530406907,1843,0
292,1,1,2,1,1,0,0.00020591133102865436,0.9419305912934766,0.1390179754266765,1.5,7.775987862868923e-05,2871,0
293,5,4,5,4,0,0,0.0004951592322943632,0.9548406575548831,0.15376922403996793,1.6,0.00020023473181658393,1000,0
294,1,1,1,1,0,0,0.00015205902153783503,0.9107728955436319,0.0949372743267731,1.0,5.6657874394049445e-05,4166,0
295,21,24,21,24,0,0,0.0016650425799518162,0.9246217576499121,0.19555006544364079,2.0952380952380953,0.000592507163891426,241,0
296,6,1,6,1,0,0,0.0004969068975318519,0.8892271044563681,0.29956176769992465,3.1666666666666665,0.00017866270913305724,1136,0
297,3,2,3,2,0,0,0.0002555124150626422,0.9620624584526305,0.21671981413615582,2.3333333333333335,9.260130399074034e-05,2335,0
298,10,8,10,8,0,0,0.001025044191462257,0.9649679182259305,0.16326469988975117,1.8,0.000394971677756163,420,0
299,2,2,2,2,0,0,0.00026700031711014623,0.9817265573366336,0.14295956681456495,1.5,0.00010269750073883272,2097,0
301,4,4,4,4,0,0,0.0005350543711299638,0.9614133939978872,0.16568592857737727,1.75,0.00019590593499887906,1028,0
302,1,0,1,0,0,0,0.00014475365113828764,1.0,0.09773726587741582,1.0,5.8958731280655836e-05,3920,0
303,1,1,1,1,0,0,0.00015112660089937026,0.9944666503155895,0.09559068892888527,1.0,5.118550244232733e-05,5148,0
304,14,16,33,34,19,18,0.002295855209391125,0.9593637572651895,0.16555148150286447,1.7575757575757576,0.0022000016896431556,39,1
254,4,5,4,5,0,0,0.00028278834876190105,0.9480774979603175,0.2313953153085948,2.5,0.00010026252699735955,2156,0
305,1,1,1,1,0,0,0.00021292882208007814,0.9947221820856028,0.09817694926565683,1.0,8.260045575475073e-05,2668,0
306,1,1,1,1,0,0,0.00021292882208007814,0.9947221820856028,0.09817694926565683,1.0,8.260045575475073e-05,2669,0
307,2,1,2,1,0,0,0.00023764109127679306,0.9845430516729013,0.09704576687833397,1.0,8.939350583781036e-05,2432,0
308,5,6,5,6,0,0,0.0003906006002542305,0.9773481393476711,0.20126732927817997,2.2,0.0002775666881137741,677,0
309,7,8,27,45,20,37,0.001673980203847903,0.8911697311187653,0.08083348755181952,0.8148148148148148,0.0006846472410233583,196,0
310,7,4,7,4,0,0,0.000457983539065892,0.923737116081522,-0.48472440572935327,-5.142857142857143,0.00015682453794967421,1314,0
311,1,1,1,1,0,0,0.0001543339462408225,0.8953457492641675,0.09347385395257503,1.0,5.4899384011041e-05,4369,0
312,6,6,6,6,0,0,0.0005034331351445759,0.9526791573866308,0.18704601355605951,2.0,0.0002883926377577165,641,0
314,2,2,2,2,0,0,0.00016196318874120094,0.9559841151404287,0.2761576411699258,3.0,6.054291178588035e-05,3825,0
313,1,2,1,2,0,0,0.00015090417176397378,0.8102700497126218,0.09387989438466544,1.0,7.363478460990074e-05,3072,0
315,2,0,2,0,0,0,0.00024387764196609393,1.0,-0.40424508938290055,-4.5,0.00011139071738882436,1917,0
316,2,2,2,2,0,0,0.00019294495627767653,0.9580245746223616,0.09346792259337416,1.0,7.595340358712956e-05,2953,0
317,3,3,4,4,1,1,0.00033407433001418987,0.9605438968478914,0.09448317405141227,1.0,0.00012025005518855961,1779,0
318,3,3,3,3,0,0,0.0002785628639753507,0.9700419815398025,0.09644328732422713,1.0,0.00010639239974419348,2018,0
319,6,6,8,8,2,2,0.0007431097387754725,0.9588030759806115,0.13975603904640335,1.5,0.00029800907229226355,616,0
320,5,5,5,5,0,0,0.0003666654600827066,0.9092672779662554,0.22090621772946073,2.4,0.00013335900676675862,1578,0
322,8,9,8,10,0,1,0.0006523898784800531,0.9496205592206618,0.17757489733808757,1.875,0.00023305251279624528,836,0
323,1,1,1,1,0,0,0.000175963382771019,0.9860160424354502,0.09647305182003403,1.0,7.170884208818088e-05,3167,0
324,5,5,5,5,0,0,0.0004820492629817549,0.960206981215783,0.09557147880446666,1.0,0.0001621076995292753,1263,0
325,9,10,11,12,2,2,0.0010888511789246028,0.9474324416842641,0.0952155287769712,1.0,0.00035992355150695334,474,0
326,1,1,1,1,0,0,0.00015205902153783503,0.9107728955436319,0.0949372743267731,1.0,5.6657874394049445e-05,4167,0
321,6,5,6,5,0,0,0.0005010307466616689,0.9787253487421232,0.2196114104103153,2.3333333333333335,0.0001563063148364417,1321,0
327,1,1,1,1,0,0,0.00021082531184507072,0.9504777798901554,0.09781780529965511,1.0,6.125775680044825e-05,3716,0
328,2,1,2,1,0,0,0.00015465781834165355,0.965760916767723,0.2300889997818606,2.5,8.862479154145687e-05,2456,0
329,1,1,1,1,0,0,0.00014139006122025564,0.9612125513309562,0.09496205592207785,1.0,5.308796437307443e-05,4604,0
334,1,0,1,0,0,0,9.582052276376424e-05,1.0,0.271830550264729,3.0,3.891864354989019e-05,5749,0
338,1,0,1,0,0,0,9.582052276376424e-05,1.0,0.4530509171078817,5.0,3.891864354989019e-05,5750,0
345,4,4,4,4,0,0,0.00036186286321394044,0.9545172178594854,0.1441742190233334,1.5,0.0001253465222789174,1697,0
346,19,21,21,23,2,2,0.0018077680466696674,0.9706254056364216,0.1419959391358909,1.5238095238095237,0.0006304275420116646,226,0
289,1,1,1,1,0,0,0.00015057159485228316,0.9919305912934765,0.18878779613586683,2.0,5.738565904584498e-05,4067,0
347,6,4,7,4,1,0,0.0005115288449695529,0.9600616738254802,0.15114683707205864,1.5714285714285714,0.00021629188083670858,909,0
349,1,1,1,1,0,0,0.000175963382771019,0.8139839575645498,0.09647305182003403,1.0,7.170884208818088e-05,3168,0
340,3,1,4,4,1,3,0.0003483554634399343,0.8498256884817414,0.25660777136704543,2.75,0.0001498249174083996,1383,0
336,1,0,1,0,0,0,9.582052276376424e-05,1.0,0.271830550264729,3.0,3.891864354989019e-05,5751,0
350,17,17,27,27,10,10,0.001967359655322889,0.9591098304465988,0.15199727364762003,1.5925925925925926,0.0006806036922883046,199,0
352,1,2,1,2,0,0,0.0001363558952304881,0.9314161722769286,0.18070531502507334,2.0,5.243382312992852e-05,4683,0
353,23,22,41,41,18,19,0.0027073338626310796,0.9214138453307,0.15077387529345027,1.5853658536585367,0.0017650157601439972,53,0
354,1,1,1,1,0,0,0.00015205902153783503,0.9107728955436319,0.0949372743267731,1.0,5.6657874394049445e-05,4168,0
355,1,1,1,1,0,0,0.00015112660089937026,0.9944666503155895,0.09559068892888527,1.0,5.118550244232733e-05,5149,0
356,4,4,4,4,0,0,0.00043588428730344686,0.9534732601624759,0.1420654092068333,1.5,0.00015530329039156908,1331,0
357,3,3,3,3,0,0,0.00029111360234611273,0.9785472574842875,0.12840785996068568,1.3333333333333333,0.00013090204439502283,1614,0
359,5,6,7,11,2,5,0.0005326499591781222,0.9243603651967219,0.19717199052581583,2.142857142857143,0.00026416459011102336,722,0
339,2,3,2,3,0,0,0.00017015512615471977,0.9849689003072292,0.22977225166791798,2.5,7.083263799721464e-05,3217,0
360,2,1,2,1,0,0,0.00018895261817586105,0.9207111614350896,0.3240964368799237,3.5,7.676473600239937e-05,2909,0
366,2,4,2,4,0,0,0.0002129260801996068,0.929250250387891,0.09581149538160508,1.0,0.0001535349274331652,1350,0
367,1,1,1,1,0,0,0.000175963382771019,0.9860160424354502,0.09647305182003403,1.0,7.170884208818088e-05,3169,0
368,1,1,1,1,0,0,0.00015205902153783503,0.9107728955436319,0.0949372743267731,1.0,5.6657874394049445e-05,4169,0
358,2,2,2,2,0,0,0.00021671426082971984,0.9736482565814458,0.28399675859205975,3.0,7.900992728183511e-05,2822,0
370,1,1,1,1,0,0,0.00017852562148204802,0.9789672953965833,0.0953473260163149,1.0,6.802349971289953e-05,3362,0
371,1,2,1,2,0,0,0.000175963382771019,0.9792413033172932,0.09647305182003403,1.0,7.170884208818088e-05,3170,0
372,6,6,6,6,0,0,0.0006003635479477071,0.9724655052739158,0.17096854682390936,1.8333333333333333,0.00022523651575409898,873,0
363,5,6,16,15,11,9,0.0012524854444251922,0.9435488602927652,0.20198623748094058,2.125,0.0008928066528507406,143,0
375,3,2,3,2,0,0,0.00022573094342786442,0.9661877814413541,0.2209717039747654,2.3333333333333335,8.237495534968351e-05,2679,0
377,3,2,3,2,0,0,0.00022615050727890922,0.9652443648992679,0.18460623332525938,2.0,8.552047620623644e-05,2567,0
374,9,10,9,10,0,0,0.000827861478076156,0.9731958248779656,0.10666536615940356,1.1111111111111112,0.0002965027866289358,619,0
378,9,8,9,8,0,0,0.0007154974698476049,0.9755339412107754,0.11756433233289572,1.2222222222222223,0.0002626383678432102,728,0
379,1,1,1,1,0,0,0.00014139006122025564,0.9612125513309562,0.09496205592207785,1.0,5.308796437307443e-05,4605,0
380,3,3,4,3,1,0,0.0003635649837111528,0.9778873626926459,0.09719574948917681,1.0,0.0001284817843729655,1654,0
382,1,1,1,1,0,0,0.00011754355093457792,0.9904167437759097,0.08911697311543498,1.0,4.7973170379303496e-05,5417,0
383,16,16,16,16,0,0,0.0014011795484032254,0.9710376964925417,0.1258397790418887,1.3125,0.0006049365546014531,236,0
384,9,9,12,11,3,2,0.0009629230837522617,0.9470935573129352,0.18041958188736232,1.9166666666666667,0.00032718670850766734,540,0
385,1,1,1,1,0,0,0.00017095892046514147,0.9645157265880453,0.09724655052745593,1.0,6.684806209790778e-05,3436,0
386,10,10,10,10,0,0,0.0007730687031719993,0.9698406822143812,0.12288372298988129,1.3,0.0002863323131956433,646,0
348,4,3,4,3,0,0,0.00032653222179064036,0.9730998522350695,0.14012187552107502,1.5,0.000133156767599589,1581,0
387,13,14,16,17,3,3,0.0012560817200771527,0.9568804410143276,0.1148163528536301,1.1875,0.00046937095329718933,326,0
388,1,0,1,1,0,1,0.0001961078832381751,0.9919113594166983,0.09838330822747178,1.0,7.664707637619252e-05,2916,0
389,2,2,2,2,0,0,0.0002471618211307918,0.9453658542964081,0.09499529953355232,1.0,9.355723846777967e-05,2304,0
390,8,9,9,10,1,1,0.0007977637763352352,0.9614824942397162,0.18358250647927346,1.8888888888888888,0.0002876888422529868,643,0
391,1,1,1,1,0,0,0.00015378054351121678,0.9582087467603633,0.09614824942394529,1.0,5.964889853310444e-05,3873,0
392,3,2,3,2,0,0,0.00027247041621532623,0.979838008922599,0.21419894871587516,2.3333333333333335,0.00010957939687246618,1950,0
330,3,3,4,3,1,0,0.0003590715971323019,0.8367766916384398,0.3077463262853023,3.25,0.00019938377302864554,1006,0
351,3,2,3,2,0,0,0.00022837320397283605,0.9844841963911021,0.2477898142896134,2.6666666666666665,8.084749574429945e-05,2745,0
393,11,12,11,12,0,0,0.000885085307474342,0.9587126154758162,0.130528058012129,1.3636363636363635,0.00032606428076649435,542,0
342,7,6,8,7,1,1,0.0005587946650956944,0.9206384498681481,0.30337943351773233,3.375,0.0003045669189121736,601,0
395,1,1,3,3,2,2,0.0002688130254577257,0.8277864715132772,0.37060916080894457,4.0,0.0002309456575243153,849,0
396,11,11,11,11,0,0,0.0008550493243165782,0.9698616142320138,0.1471658517003183,1.5454545454545454,0.0003221515151145628,547,0
397,1,4,1,5,0,1,9.582052276376424e-05,0.8410369216181429,0.4530509171078817,5.0,3.891864354989019e-05,5752,0
399,18,16,18,16,0,0,0.0014154633525936793,0.9627444492617283,0.11707381751558486,1.2222222222222223,0.0004965444462294127,307,0
400,1,1,1,1,0,0,9.582052276376424e-05,0.9227411258244892,0.4530509171078817,5.0,3.891864354989019e-05,5753,0
401,8,8,8,8,0,0,0.000670883398287037,0.949086824846318,0.16631110832433807,1.75,0.0003398304714541015,515,0
402,8,8,8,8,0,0,0.0006808297897369235,0.9807043473425691,0.09656000223704965,1.0,0.0002655790092630151,714,0
403,1,1,1,1,0,0,0.00015791139722216323,0.9563217861563353,0.09357648634028852,1.0,5.5979520829779424e-05,4247,0
404,6,6,6,6,0,0,0.0004952853244157284,0.9662981687157493,0.11259328709390044,1.1666666666666667,0.00016814748399958724,1210,0
405,17,19,17,19,0,0,0.001521690624844089,0.9672383136042849,0.12483700761860247,1.2941176470588236,0.0005876795518627533,249,0
406,3,3,3,3,0,0,0.00032616378661079535,0.9396257315480177,0.18854080149536476,2.0,0.00012913202522654601,1643,0
407,2,0,2,0,0,0,0.0001982576819904636,1.0,0.09446781020242692,1.0,7.30170833493494e-05,3097,0
408,12,10,12,10,0,0,0.0008897781234135732,0.9777907610150297,0.14226333769618585,1.5,0.000340365694958692,511,0
409,3,3,3,3,0,0,0.0003235673367759821,0.9743338049973145,0.09526420283310362,1.0,0.00011449781590836809,1857,0
410,5,4,5,4,0,0,0.0003743038440679902,0.8733421351589498,-0.5544147389388863,-6.0,0.00014166781333278312,1480,0
411,3,3,3,3,0,0,0.00027131078848303914,0.9285197984246378,0.0955509654536454,1.0,0.0001077150662209161,1991,0
412,8,8,8,8,0,0,0.0010417527087196172,0.9255976761619089,0.13348211260928594,1.375,0.00043463568507214924,358,0
414,1,1,1,1,0,0,9.582052276376424e-05,0.8950854646181428,0.36244073368630536,4.0,3.891864354989019e-05,5754,0
415,3,1,9,8,6,7,0.0006919666379019375,0.9025259692522011,0.26273793227299536,2.888888888888889,0.000553389581421379,272,0
418,13,13,13,13,0,0,0.0011197705264539993,0.9392386203507704,0.202511525052678,2.1538461538461537,0.0004126370247455738,389,0
300,3,3,3,3,0,0,0.00035979687354144036,0.986054350611338,0.38450398957477194,5.0,0.00014234424745478464,1472,0
421,5,6,5,6,0,0,0.0004434184749498415,0.930477465814155,0.11442980034437485,1.2,0.00015797948565345838,1303,0
423,6,6,7,6,1,0,0.0005839412678665671,0.9710117331537023,-0.021553395927501755,-0.2857142857142857,0.0002252528295995,872,0
333,1,1,1,1,0,0,9.582052276376424e-05,0.9727411258244891,0.4530509171078817,5.0,3.891864354989019e-05,5755,0
341,1,0,1,0,0,0,9.582052276376424e-05,1.0,0.36244073368630536,4.0,3.891864354989019e-05,5756,0
427,11,16,11,16,0,0,0.0008452413637974079,0.9177086338927015,0.15622513969707147,1.6363636363636365,0.0003158701272299623,571,0
428,2,2,4,2,2,0,0.00037587266060002626,0.9553313705365445,0.14287999982395572,1.5,0.00013917335711122,1512,0
429,1,1,1,1,0,0,0.00015205902153783503,0.9107728955436319,0.0949372743267731,1.0,5.6657874394049445e-05,4170,0
332,1,0,1,0,0,0,9.582052276376424e-05,1.0,0.271830550264729,3.0,6.48562423012571e-05,3518,0
394,12,11,12,11,0,0,0.0010372865393592696,0.9372065646644783,0.1899403047868137,2.0,0.00038477104762965196,437,0
430,1,1,1,1,0,0,0.0001660829991642507,0.9550298476065932,0.09372065646636829,1.0,6.473279420712624e-05,3529,0
432,2,3,2,3,0,0,0.0002064231678340135,0.8609895087554824,0.09455473546861112,1.0,7.863460072940184e-05,2833,0
433,5,5,5,5,0,0,0.00041754262006496847,0.9803462590456364,0.13318526957029692,1.4,0.00014733129562581932,1417,0
434,1,1,1,1,0,0,0.00015699096466481008,0.9837764331397093,0.09608367043432169,1.0,5.547708920528367e-05,4300,0
435,2,2,2,2,0,0,0.0002158024590221306,0.9488127832297923,0.09500986222072831,1.0,8.077943296943664e-05,2748,0
436,8,8,8,8,0,0,0.0007025300247331376,0.9770600505203033,0.12063776396800888,1.25,0.00034728619413323724,497,0
437,2,1,3,1,1,0,0.00032147219787265517,0.9671570357113114,0.12554496378246646,1.3333333333333333,0.00011537475739421093,1848,0
438,2,2,2,2,0,0,0.0002309949794547811,0.9427919341545987,0.09538873481460447,1.0,8.213229062633336e-05,2688,0
439,2,2,2,6,0,4,0.00017966411887835432,0.9523494239337106,0.09715929675414847,1.0,6.967809999531721e-05,3274,0
441,8,8,8,8,0,0,0.0005443681161099859,0.9594362600073405,0.17619930133482606,1.875,0.0001943739938417439,1033,0
442,1,1,1,1,0,0,0.0001543339462408225,0.8953457492641675,0.09347385395257503,1.0,5.4899384011041e-05,4370,0
443,12,16,12,16,0,0,0.0010592568671491936,0.9778233890224866,0.19832636704726267,2.0833333333333335,0.0004052277055889715,403,0
440,2,2,2,2,0,0,0.00023011520741389598,0.9798835361762562,0.14141100885594055,1.5,8.731298406683494e-05,2496,0
444,1,2,1,2,0,0,0.0001837272755035057,0.9294746905886324,0.09798835361776112,1.0,7.224384847693153e-05,3138,0
445,1,1,1,1,0,0,0.00018755981474514032,0.9204962055947061,0.09670863967136219,1.0,6.137019799377742e-05,3705,0
446,7,8,10,13,3,5,0.0007188726793441173,0.9453534268410119,0.22924665430399876,2.4,0.00043024317523468415,365,0
365,2,1,3,2,1,1,0.00036802340310852387,0.9542425105352306,0.18438623213549224,2.0,0.00014226045959890875,1473,0
448,1,1,1,1,0,0,0.00016048027233388305,0.9896811180159956,0.09770600505211752,1.0,0.00011241478430630314,1890,0
449,3,2,4,2,1,0,0.00029887145514286695,0.9542425105352306,0.1175739084152794,1.25,0.00010318975722627203,2090,0
431,2,1,2,1,0,0,0.0001642381134441884,0.8953457492641675,0.2279572938194402,2.5,5.878442140287189e-05,3932,0
450,1,1,1,1,0,0,0.00015690975946283442,0.9490068812595297,0.09435488602922759,1.0,5.674182544257835e-05,4151,0
451,2,2,2,2,0,0,0.00022181647008710868,0.8197992827016395,0.5021838243339843,5.5,7.493555743335101e-05,3002,0
452,11,13,18,21,7,8,0.0013959018827008978,0.9703437918671798,0.10041642024199994,1.0555555555555556,0.000517021311625915,295,0
453,2,2,3,3,1,1,0.00038315605265684986,0.964943082288441,0.09577578258631357,1.0,0.00013859217365066326,1519,0
454,3,3,3,3,0,0,0.0003628620159485069,0.9699765037064731,0.12742982258225333,1.3333333333333333,0.0001546183824609166,1340,0
455,7,5,7,5,0,0,0.0005162487427979105,0.9639275099478248,0.12044964826242156,1.2857142857142858,0.0002509562356885226,767,0
456,1,1,1,1,0,0,0.0001421424470481588,0.9991631835236313,0.1955646778043028,2.0,5.649275403967884e-05,4188,0
457,1,2,1,2,0,0,0.00015826042656214516,0.9638944561677703,0.09517570656289098,1.0,6.354341540330205e-05,3560,0
416,15,15,15,15,0,0,0.0011254417979194831,0.9637499574128692,0.16219838534018446,1.7333333333333334,0.00040963588770383724,393,0
458,2,2,2,2,0,0,0.0002127165251233513,0.9782677331164592,0.09772608232257363,1.0,7.330293903016208e-05,3087,0
459,2,4,2,4,0,0,0.0002228856140536835,0.958606839310048,0.09723525597322497,1.0,8.75914131717661e-05,2487,0
460,2,5,2,5,0,0,0.00024798577492167234,0.9609425498843085,0.1432466633990076,1.5,9.162697310284871e-05,2372,0
464,4,5,4,5,0,0,0.00045056922628110014,0.9730361567651202,0.11952376190994016,1.25,0.00015944332342540947,1289,0
465,2,2,14,11,12,9,0.0010264372335677015,0.9214997722021538,0.2016195514217276,2.142857142857143,0.0003564092896454617,482,0
466,2,2,2,2,0,0,0.0002170990622360128,0.9535277966843005,0.1902085883227161,2.0,8.353248226201576e-05,2638,0
467,4,3,4,3,0,0,0.0003502943096465246,0.9177082122469208,-0.3489739884052702,-3.75,0.0001308895560520551,1615,0
468,17,18,56,59,39,41,0.0041940575573763406,0.942655997175836,0.19316271910471514,2.0357142857142856,0.0015352506536104342,68,0
463,5,4,5,4,0,0,0.00040993590086838146,0.9492277479793431,-0.09048717931364444,-1.0,0.0001560189892311436,1324,0
469,9,9,11,11,2,2,0.0009555182567316952,0.9774017582207466,0.12251034206831837,1.2727272727272727,0.0003703143352905744,466,0
462,13,12,14,13,1,1,0.0012913008995643863,0.9773181930999597,0.16268161685119628,1.7142857142857142,0.0005065144313506932,300,0
470,1,1,2,2,1,1,0.00022190677905188798,0.9661434857997747,0.09602233790952044,1.0,8.233863004027104e-05,2680,0
471,1,1,1,1,0,0,0.00019652328548426344,0.983258943695357,0.09255976761658781,1.0,8.091372516021463e-05,2742,0
472,15,4,15,4,0,0,0.0010589288862513794,0.9761951885269384,-0.34069022878953004,-3.7333333333333334,0.0003828896902808532,438,0
473,1,1,1,1,0,0,0.00015205902153783503,0.9607728955436319,0.0949372743267731,1.0,5.6657874394049445e-05,4171,0
369,1,0,1,0,0,0,9.582052276376424e-05,1.0,0.36244073368630536,4.0,3.891864354989019e-05,5757,0
425,4,7,13,21,9,14,0.0008663613839432974,0.8377267776133911,0.3267229255064668,3.5384615384615383,0.00048029744212685143,314,0
417,3,3,5,8,2,5,0.0003484009256338347,0.95360757835617,0.2444855528331858,2.6,0.00016678305085478007,1216,0
475,9,9,9,9,0,0,0.0008534652290466772,0.9668817304435204,0.31111527007043704,3.3333333333333335,0.00032805045572391377,538,0
476,15,16,15,16,0,0,0.0010628130854686345,0.9428473513551742,0.14436994890244986,1.5333333333333334,0.0004349311311118864,356,0
197,2,0,2,0,0,0,0.00021682945273587644,1.0,0.42054994418665453,4.5,9.131299428408765e-05,2384,0
477,3,2,3,2,0,0,0.0002727260980862345,0.9809280092529893,0.09603280373204214,1.0,0.00010453552465485034,2059,0
478,3,2,3,2,0,0,0.00026732044603769607,0.9085156807669952,0.14698631393111738,1.6666666666666667,0.00010376184503429197,2081,0
424,2,2,2,2,0,0,0.00021170088089243655,0.9554133812284408,0.13859219845217377,1.5,8.246162965766118e-05,2676,0
479,5,6,5,6,0,0,0.0004811025390078149,0.9872346978420222,0.15145095536944053,1.6,0.00017931163662247146,1127,0
376,1,0,1,0,0,0,9.582052276376424e-05,1.0,0.543661100529458,6.0,3.891864354989019e-05,5758,0
373,1,0,1,0,0,0,9.582052276376424e-05,1.0,0.36244073368630536,4.0,3.891864354989019e-05,5759,0
420,1,0,1,0,0,0,9.582052276376424e-05,1.0,0.543661100529458,6.0,3.891864354989019e-05,5760,0
480,15,16,15,16,0,0,0.0012218955924472611,0.9613983005674072,0.1526019688615225,1.6,0.0004396087957307521,349,0
398,1,1,1,1,0,0,0.0001527254277739658,0.8209979695679455,0.48531270282032524,5.0,5.6533608675833744e-05,4185,0
481,1,2,1,2,0,0,0.00015205902153783503,0.9702138905744334,0.0949372743267731,1.0,0.0006429077260587729,218,0
482,1,1,1,1,0,0,0.00016025095895135386,0.9870801104790556,0.09710376964953059,1.0,6.694760060538374e-05,3418,0
483,1,0,1,0,0,0,0.0001703398176107282,1.0,0.1954636386205294,2.0,6.808939883507435e-05,3356,0
484,21,25,22,26,1,1,0.0017793089150577798,0.9204632018943699,0.1804811260503442,1.9090909090909092,0.0006561849659587952,211,0
485,1,1,1,1,0,0,0.0001433087058969647,0.9672242592485678,0.09593637572658965,1.0,5.30093721296974e-05,4611,0
486,1,1,1,1,0,0,0.0001543339462408225,0.6546542507358325,0.09347385395257503,1.0,0.000109612482485699,1949,0
487,2,0,2,0,0,0,0.0002108971066917356,1.0,0.09487743985031913,1.0,8.494652493286976e-05,2594,0
488,9,9,9,9,0,0,0.000698338768478634,0.974333357610609,0.09597788317707646,1.0,0.00024917994905460154,773,0
489,10,10,10,10,0,0,0.0007740206298949202,0.9310011858177107,0.24354096595151836,2.6,0.00028480805836544394,651,0
490,2,3,2,3,0,0,0.0002714618403867577,0.8691622026999063,0.5392143514255523,6.0,0.00010403302598192073,2075,0
492,20,19,26,26,6,7,0.0022257630132642807,0.9334826000633967,0.11079345193091647,1.1538461538461537,0.0013364096107893388,81,0
493,4,4,9,9,5,5,0.0006216026364643066,0.9761968148279958,0.1592099696766639,1.6666666666666667,0.00038623015052356523,431,0
494,8,9,8,9,0,0,0.000617747099462406,0.9143523934233846,0.1879100918987334,2.0,0.00021630521311981078,907,0
447,3,3,3,3,0,0,0.0003006652880436345,0.9236238028201258,0.4436902170785258,4.666666666666667,0.00011163764766727977,1910,0
495,10,12,11,13,1,1,0.0008053894163335015,0.9686570889563748,0.1223269162901159,1.2727272727272727,0.00027882796749979506,669,0
496,3,4,3,4,0,0,0.0003404047663710843,0.944209316351833,0.09613893946906615,1.0,0.0001352222458762557,1555,0
497,3,3,4,3,1,0,0.0005448296764029746,0.9837786658175982,0.18009276257644102,2.0,0.00021472918194205345,918,0
499,5,6,5,6,0,0,0.00043393914655087944,0.9081370107192557,0.3267516000924404,3.6,0.0001829069021432711,1108,0
500,2,3,2,3,0,0,0.0003065471440350882,0.9662762596929867,0.39811023359181685,5.5,0.00014378956596739064,1451,0
501,4,4,4,4,0,0,0.0003567947783254591,0.9637325215323138,0.145401876692645,1.5,0.00013357004531755888,1574,0
502,9,9,10,10,1,1,0.0008117808659869551,0.9544821555818053,0.21991931028187225,2.3,0.0003154408609385811,573,0
491,10,12,10,12,0,0,0.0007652653809516766,0.9373992392067824,0.1425098626861537,1.5,0.0004518807848242753,340,0
503,2,2,2,2,0,0,0.0001814431384046758,0.9687293997530161,0.09221098672018145,1.0,6.975397451702302e-05,3268,0
504,1,0,1,0,0,0,0.00012710195761878355,1.0,0.09243603652035448,1.0,5.5494414161382714e-05,4297,0
505,1,1,1,1,0,0,0.0001543339462408225,0.8953457492641675,0.09347385395257503,1.0,5.4899384011041e-05,4371,0
506,1,1,1,1,0,0,0.00015788985637673011,0.894949585949942,0.08937780381803563,1.0,8.643565869896605e-05,2537,0
498,1,1,1,1,0,0,0.00015205902153783503,0.9607728955436319,0.1898745486535462,2.0,8.365973580909682e-05,2636,0
507,2,4,2,4,0,0,0.00022889074596889195,0.919560311880618,0.13585598921684391,1.5,0.00010841988028270688,1972,0
331,2,1,2,1,0,0,0.00019244274692245783,0.9978675004056177,0.2739427430349119,3.0,7.198184362104727e-05,3156,0
508,4,4,4,4,0,0,0.00045479391595835744,0.9483456896182435,0.09573500081123544,1.0,0.00015574802541578256,1327,0
509,3,4,3,4,0,0,0.0005606914063590424,0.9511849722354832,0.09547262200055973,1.0,0.00022622628375094925,867,0
510,2,2,2,2,0,0,0.0003673209015597755,0.9328866927860319,0.09747951233389973,1.0,0.00014810880343098769,1409,0
511,1,1,1,1,0,0,0.0001543339462408225,0.8953457492641675,0.09347385395257503,1.0,5.4899384011041e-05,4372,0
512,4,3,4,3,0,0,0.000571993532759285,0.9984052744447265,-0.16392585085643235,-1.75,0.0002295592251090072,855,0
513,2,2,2,2,0,0,0.0003673209015597755,0.9328866927860319,0.09747951233389973,1.0,0.00014810880343098769,1410,0
514,5,5,5,5,0,0,0.0003934671072250614,0.9728200506057192,0.11230917552140122,1.2,0.0001413719316385406,1487,0
515,2,2,2,2,0,0,0.00021912225656326985,0.9627555520585038,0.09635378833621228,1.0,7.696285647872349e-05,2900,0
516,3,3,5,5,2,2,0.0004300526264929222,0.9582699944079496,0.15103279578967274,1.6,0.00014613525191172413,1435,0
517,3,3,3,3,0,0,0.000261514047032146,0.978927522059765,0.09438645605814217,1.0,0.00010658991773844574,2012,0
422,1,0,1,0,0,0,9.582052276376424e-05,1.0,0.4530509171078817,5.0,3.891864354989019e-05,5761,0
518,4,4,5,5,1,1,0.00045763071951541957,0.8993640173090514,0.24777698978467483,2.8,0.0001650733219479987,1233,0
337,1,0,1,0,0,0,9.582052276376424e-05,1.0,0.4530509171078817,5.0,3.891864354989019e-05,5762,0
519,1,1,1,1,0,0,9.582052276376424e-05,0.9450854646181427,0.36244073368630536,4.0,3.891864354989019e-05,5763,0
520,17,18,17,18,0,0,0.0013523681377275295,0.9582096413269153,0.10756691683435267,1.1176470588235294,0.0005355133411839153,284,0
381,1,0,1,0,0,0,9.582052276376424e-05,1.0,0.36244073368630536,4.0,3.891864354989019e-05,5764,0
521,6,6,9,9,3,3,0.0006235704342287267,0.9707020223947259,0.10651097524729186,1.1111111111111112,0.0002278023484803427,862,0
362,1,0,1,0,0,0,9.582052276376424e-05,1.0,0.36244073368630536,4.0,3.891864354989019e-05,5765,0
522,13,13,29,29,16,16,0.002186328051767994,0.9496323000130666,0.16426602029123216,1.7241379310344827,0.0007513090139089019,180,0
523,34,28,58,45,24,17,0.0046353843149353905,0.9516264125287811,0.1844935416611276,1.9482758620689655,0.0017100445382565793,57,0
524,1,1,1,1,0,0,0.00012710195761878355,0.951414004737092,0.09243603652035448,1.0,5.5494414161382714e-05,4298,0
364,1,0,1,0,0,0,9.582052276376424e-05,1.0,0.36244073368630536,4.0,3.891864354989019e-05,5766,0
413,1,0,1,0,0,0,9.582052276376424e-05,1.0,0.4530509171078817,5.0,3.891864354989019e-05,5767,0
525,2,2,2,2,0,0,0.00025170208747066615,0.9544790457764134,0.14531144830802648,1.5,9.794672122999504e-05,2204,0
361,4,4,5,5,1,1,0.00038736685814794766,0.9419925743127706,0.20528668787480558,2.2,0.0008959337263334715,142,0
526,4,4,4,4,0,0,0.0003392304201408347,0.9649126000453414,0.1654959746688628,1.75,0.0001296364824258351,1637,0
527,1,1,1,1,0,0,0.00016673067461725477,0.9606816176194077,0.18816899622224367,2.0,8.426699575791937e-05,2617,0
529,1,1,1,1,0,0,0.00018780247188328314,0.692251994787386,0.9860543506039802,10.0,7.521949188217e-05,2987,0
530,8,8,10,10,2,2,0.0007312970621438907,0.9685946510002261,0.1825862456525421,2.0,0.00026633406514650995,709,0
531,1,1,1,1,0,0,0.0001948232395058856,0.9683676500551244,0.0964967918225503,1.0,7.683297572825619e-05,2905,0
532,3,4,3,4,0,0,0.00027735555175496183,0.9844554041971795,0.097298690686848,1.0,0.00010236269646657138,2104,0
533,9,10,9,10,0,0,0.0007018988489999314,0.8730984825107602,0.19989226617350084,2.111111111111111,0.00030925598475817445,587,0
534,10,8,10,8,0,0,0.0008163489869802616,0.978579633377233,0.28984088548735115,3.1,0.00029870231630605744,612,0
535,12,13,19,14,7,1,0.00138329491264906,0.9571488965269798,0.2528502094050282,2.6842105263157894,0.0006156438592016419,231,0
536,3,4,4,4,1,0,0.0004110291508004862,0.9349198824909839,0.11819541726704887,1.25,0.0001569313028351545,1312,0
537,29,25,53,52,24,27,0.0037749326309435205,0.9628451035360732,0.16318929305938748,1.7358490566037736,0.0013178099580152458,87,0
538,5,4,7,6,2,2,0.0005140484747852609,0.9566214791795096,0.14689989093473965,1.5714285714285714,0.00022591390425769664,869,0
539,5,5,9,11,4,6,0.0007245489682375044,0.9638437015728798,0.09551332620662542,1.0,0.0004092221300794725,395,0
540,5,5,26,27,21,22,0.0018305419020835923,0.9027366656482477,0.192002210835576,2.0384615384615383,0.0009181624273420454,138,0
541,1,1,1,1,0,0,0.0001365625033007801,0.9655713693545678,0.09265111005110765,1.0,5.3032530485545306e-05,4609,0
419,6,7,7,7,1,0,0.0006469804567551025,0.9796750136734829,0.16377036160017383,1.7142857142857142,0.00024944620317090557,771,0
542,3,3,3,3,0,0,0.0002941855142396609,0.9554974760153655,0.22593268602468272,2.3333333333333335,0.00010415028759903234,2071,0
335,1,0,1,0,0,0,9.582052276376424e-05,1.0,0.4530509171078817,5.0,3.891864354989019e-05,5768,0
543,1,1,1,1,0,0,0.0001401294219034031,0.9787450686569231,0.0937399239206294,1.0,5.5280131853076796e-05,4318,0
544,2,2,2,2,0,0,0.00020524274456908085,0.978975958116357,0.14212319596547163,1.5,8.184877140772572e-05,2704,0
545,7,1,32,2,25,1,0.0022193165672808844,0.8839061567316517,0.15276050601037655,1.71875,0.001485027539139806,72,0
546,7,7,52,62,45,55,0.003742901301742144,0.9772091540469465,0.13872940247329135,1.4615384615384615,0.003166467567669499,17,1
547,10,10,10,10,0,0,0.0008025129823808628,0.9770137432576884,0.1633090697150859,1.7,0.0003903458658960457,427,0
548,5,3,5,3,0,0,0.0004688890976031427,0.9824162773843067,0.24232366364592997,3.2,0.00018550979019528392,1089,0
549,2,2,2,2,0,0,0.00026551231291354206,0.9968504763615352,0.09582405864601981,1.0,0.00010395354830258821,2077,0
426,1,0,1,0,0,0,9.582052276376424e-05,1.0,0.36244073368630536,4.0,3.891864354989019e-05,5769,0
550,7,9,14,15,7,6,0.0010715818340105861,0.9432114007970028,0.10135499679845539,1.0714285714285714,0.0008555460004495355,150,0
552,1,1,1,1,0,0,0.00016257738877435696,0.9597618809549701,0.09730361567663393,1.0,6.226651277335166e-05,3627,0
553,2,1,2,1,0,0,0.00031646550567853457,0.985049335771391,0.33528391014692327,3.5,7.831941840995536e-05,2849,0
554,7,7,7,7,0,0,0.0008408691454492174,0.9751433884723477,0.2118937995325046,2.7142857142857144,0.00039964434858569584,412,0
555,1,2,1,2,0,0,0.00014978089356583983,0.9846053048203938,0.09582096413274432,1.0,5.904496796416283e-05,3913,0
556,1,1,1,1,0,0,0.00014978089356583983,0.9962165415828237,0.09582096413274432,1.0,6.758559280679315e-05,3384,0
557,3,3,3,3,0,0,0.0003052170498263374,0.9471339466742522,0.25778206534313824,2.6666666666666665,0.00011563316803830383,1842,0
558,3,2,3,2,0,0,0.00025310819231875493,0.9858502775018994,0.18931459245286927,2.0,9.649977004698099e-05,2233,0
559,3,3,3,3,0,0,0.0003420616079025682,0.9709615201334857,0.12625376177672848,1.3333333333333333,0.00012499244411780182,1704,0
560,2,2,2,2,0,0,0.0003105544894343172,0.975984917925217,0.14541443000922533,1.5,0.00012259126041421563,1740,0
561,6,6,8,8,2,2,0.0009851598241074674,0.9951155138551422,0.12145831022053041,1.25,0.0003914744384681087,425,0
562,2,2,2,2,0,0,0.0002256148339420431,0.9916620948229272,0.09812677489907862,1.0,8.580030806866301e-05,2558,0
563,4,4,4,4,0,0,0.0005989392250045952,0.9453028476199827,0.09628237198232414,1.0,0.00031691847034534694,566,0
564,5,5,5,5,0,0,0.0009110021300621546,0.9887583886289047,0.13471888098752755,1.4,0.0003212905631626131,552,0
565,1,1,1,1,0,0,0.00016826236746470528,0.9436875020561823,0.0980490155554619,1.0,6.495017047945849e-05,3514,0
566,4,4,9,8,5,4,0.0007746990151159576,0.9804901555459357,-0.01262499588763528,-0.2222222222222222,0.000280716140083052,663,0
551,2,0,2,0,0,0,0.0002027051692782168,1.0,0.14126282935232692,1.5,7.465679872153546e-05,3014,0
567,3,3,3,3,0,0,0.00038218441819060566,0.9521008554860483,0.09538139462375748,1.0,0.00012240508197774972,1747,0
569,2,3,2,3,0,0,0.00021269069391870567,0.9266697019370481,0.09245454664767654,1.0,7.536228810567793e-05,2981,0
570,15,16,17,18,2,2,0.003025489820401267,0.948781065802434,0.2379209364653621,2.5294117647058822,0.001184398368687213,98,0
571,4,5,5,5,1,0,0.0008623223973733217,0.8842254806262736,0.3029001742354663,3.2,0.0003592422006345217,475,0
572,2,2,2,2,0,0,0.00027241855807417695,0.9582715315932561,0.09496882228049351,1.0,0.00010558632187520142,2035,0
573,3,3,5,5,2,2,0.0008843293068811344,0.9334081392035308,0.2564450770529538,2.8,0.00033964774863187486,517,0
575,1,1,1,1,0,0,0.0001421424470481588,0.8991631835236313,0.1955646778043028,2.0,5.649275403967884e-05,4189,0
474,1,1,1,1,0,0,0.0001703398176107282,0.9813408084255981,0.1954636386205294,2.0,6.808939883507435e-05,3357,0
577,5,6,7,7,2,1,0.0006011319507629907,0.9465428272201014,0.09439904064739765,1.0,0.0002319611845710323,845,0
578,9,9,9,9,0,0,0.0008047060283085294,0.9629719751281354,0.1399791749857849,1.4444444444444444,0.00030511121170473306,598,0
528,0,1,1,1,1,0,0.00014590745290978387,0.9224665641991361,0.1967792481621644,2.0,5.1802936512387635e-05,4788,0
580,1,1,1,1,0,0,0.00016291465064451782,0.9921656347264495,0.09816081947097044,1.0,6.247252790291498e-05,3614,0
581,1,2,1,2,0,0,0.00016291465064451782,0.7845142062023857,0.09816081947097044,1.0,6.247252790291498e-05,3615,0
582,2,1,2,1,0,0,0.000215825494283235,0.9858182132750445,0.0968718867656429,1.0,8.229490353331111e-05,2682,0
583,3,2,3,2,0,0,0.0003525727723370203,0.9670533418143716,0.14627444464335623,1.6666666666666667,0.00014942299186900698,1389,0
584,1,1,1,1,0,0,0.00015205902153783503,0.9107728955436319,0.0949372743267731,1.0,5.6657874394049445e-05,4172,0
585,6,6,6,6,0,0,0.0006246275034654016,0.9743593173202566,0.12917017355733354,1.3333333333333333,0.00029887244345453535,611,0
586,4,4,4,4,0,0,0.0003867786444263523,0.976395438621791,0.09619210980509625,1.0,0.00014269546337143562,1466,0
587,4,4,5,5,1,1,0.0004264207106431675,0.9721596805561191,0.2563992227882179,3.0,0.0001490299143808885,1393,0
589,1,1,2,2,1,1,0.00021585496574690874,0.9817900665072544,0.09631740720258229,1.0,8.257189484872066e-05,2671,0
590,1,1,1,1,0,0,0.00014481920366072164,0.9489273705296075,0.0966227358145224,1.0,0.0001488786541394728,1395,0
592,15,15,41,41,26,26,0.002684182169000285,0.9650457953254817,0.1437757960708273,1.5121951219512195,0.0011203564358429703,107,0
579,7,7,13,13,6,6,0.000954647719593541,0.9619045083389279,0.12479034160872096,1.3076923076923077,0.0003173573133241144,563,0
343,1,0,1,0,0,0,9.582052276376424e-05,1.0,0.36244073368630536,4.0,3.891864354989019e-05,5770,0
594,4,2,4,2,0,0,0.0003483973885512197,0.987449675171195,-0.20630076636624026,-2.25,0.00011755881563102565,1811,0
595,1,1,1,1,0,0,0.00013079699066429406,0.9718874301514643,0.09177086338925525,1.0,5.477074715915896e-05,4383,0
596,1,1,1,1,0,0,0.00016030101334981757,0.9597902090563188,0.09470935573178257,1.0,5.820948358465665e-05,3965,0
597,2,2,2,2,0,0,0.0004940461498063686,0.9794633942111657,0.09916813670853501,1.0,0.00021250147342195415,927,0
588,2,2,2,2,0,0,0.00022573341216868724,0.8113244175968958,0.43830472285725325,4.5,8.611422006864452e-05,2549,0
598,8,8,8,8,0,0,0.0013953275763098271,0.9790168853360899,0.15562890011558303,1.625,0.0005027020897594707,302,0
599,1,1,1,1,0,0,0.000233408322284367,0.9721855499422085,0.09790168853360319,1.0,8.759571682108734e-05,2484,0
600,1,1,1,1,0,0,0.00016291465064451782,0.9578343652735505,0.09816081947097044,1.0,6.247252790291498e-05,3616,0
601,1,1,1,1,0,0,0.00016291465064451782,0.9578343652735505,0.09816081947097044,1.0,6.247252790291498e-05,3617,0
602,1,1,1,1,0,0,0.00016291465064451782,0.5921656347264495,0.09816081947097044,1.0,6.247252790291498e-05,3618,0
603,1,1,1,1,0,0,0.00014405641832117806,0.990240563025172,0.1840926403788008,2.0,5.642643827805861e-05,4205,0
604,1,1,1,1,0,0,0.00024146799781829355,0.9826405595062362,0.09887583886288892,1.0,9.057200695617064e-05,2411,0
591,1,1,2,2,1,1,0.0002011438019147423,0.9691398917003318,0.14218698879146596,1.5,0.00011141018641330281,1916,0
605,4,4,4,4,0,0,0.0003211504057388339,0.9624208741340418,0.2602175416421033,2.75,0.00011084865797370961,1928,0
606,11,12,11,12,0,0,0.0009142955879322657,0.9381456819765882,0.2053101974686393,2.272727272727273,0.0004115514504892534,390,0
607,1,1,1,1,0,0,0.00017661870597305884,0.9063386922789067,0.3782764557940045,4.0,7.310795599187311e-05,3093,0
608,5,5,8,8,3,3,0.0008133190714125358,0.9733613393630689,0.11911950413221581,1.25,0.0002711716280527118,690,0
609,1,1,1,1,0,0,0.000233408322284367,0.9721855499422085,0.09790168853360319,1.0,8.759571682108734e-05,2485,0
610,6,6,6,6,0,0,0.000499115461692633,0.9860633918356462,0.1975906477144408,2.6666666666666665,0.00017801292096131482,1146,0
611,1,1,1,1,0,0,0.00016291465064451782,0.9578343652735505,0.09816081947097044,1.0,6.247252790291498e-05,3619,0
612,1,1,1,1,0,0,0.00015049765417436055,0.9772915859539044,0.09586143376591215,1.0,5.235060037934621e-05,4696,0
613,1,1,1,1,0,0,0.0001948232395058856,0.8316323499448756,0.4824839591127515,5.0,7.683297572825619e-05,2906,0
614,2,2,2,2,0,0,0.0003993658445047609,0.96659051187598,0.09603619896126722,1.0,0.0001520357376662593,1368,0
615,1,1,1,1,0,0,0.0001433087058969647,0.9672242592485678,0.09593637572658965,1.0,5.30093721296974e-05,4612,0
617,3,4,3,4,0,0,0.0003519917221584557,0.9366149829813024,0.15279415031466173,1.6666666666666667,0.00013487038817149122,1562,0
618,1,1,1,1,0,0,0.00015788985637673011,0.894949585949942,0.08937780381803563,1.0,5.995392909783751e-05,3867,0
619,2,2,2,2,0,0,0.00024087433279716295,0.9877771616652133,0.0968723948651716,1.0,8.334746534717227e-05,2644,0
620,3,3,3,3,0,0,0.0003189967030541046,0.978833559643374,0.09652547475304457,1.0,0.00010936048816032244,1953,0
621,3,3,9,9,6,6,0.000805556442192251,0.9699147635259185,0.1287301111993964,1.3333333333333333,0.0002829748772948983,655,0
622,1,1,1,1,0,0,0.00016291465064451782,0.9578343652735505,0.09816081947097044,1.0,6.247252790291498e-05,3620,0
623,3,2,3,3,0,1,0.0002840338950555253,0.76336863315882,0.5883072434121176,6.333333333333333,9.92467278987036e-05,2174,0
616,4,5,6,7,2,2,0.0005575604185592748,0.9643243945258587,0.12926960375501492,1.3333333333333333,0.00017089939742292713,1193,0
593,2,3,3,4,1,1,0.00027478038291257694,0.9573387001596986,0.49731172224430686,5.333333333333333,9.53677007353357e-05,2260,0
624,1,1,1,1,0,0,0.00016673897423342884,0.9399710932938414,0.0938959276726644,1.0,5.204414083796325e-05,4774,0
625,1,0,1,1,0,1,0.00014888742102797694,0.9340341896773121,0.09488978803366689,1.0,0.0003260332434744369,543,0
626,4,7,5,8,1,1,0.0005211029536196805,0.8934321268137577,0.27547203489377725,3.0,0.00021416698034767284,919,0
628,7,8,14,14,7,6,0.0010601104599807457,0.9448163040166005,0.057416878526216845,0.42857142857142855,0.0003859960214016567,433,0
629,2,2,2,2,0,0,0.00023807758706394984,0.9724526111771703,0.096972989714961,1.0,8.732730513105314e-05,2495,0
630,26,26,26,26,0,0,0.0018283964326706692,0.9684490882085381,0.15780078922354493,1.6538461538461537,0.0006579553295238212,210,0
631,1,1,1,1,0,0,0.00017346243048563565,0.9922467708305638,0.1903252825066898,2.0,6.727115079960547e-05,3399,0
627,4,4,4,4,0,0,0.0005004834193468904,0.9735810568198817,0.14198326023230912,1.5,0.00018600675974845708,1085,0
632,21,21,21,21,0,0,0.001774014793661043,0.9712072473878816,0.1283635734499111,1.3333333333333333,0.0006580352180444325,209,0
633,7,7,7,7,0,0,0.0006485717876716222,0.9764324067563844,0.1104565273268423,1.1428571428571428,0.00024512345537688814,788,0
634,25,28,30,34,5,6,0.0025598165311003698,0.9598838165077008,0.13328453677586263,1.4,0.0009267413875750499,136,0
635,5,5,17,19,12,14,0.0014521582096314336,0.9681173908450001,0.18889844759936528,2.2941176470588234,0.0007812281696038223,169,0
636,1,1,1,1,0,0,0.00015088230435856748,0.5944492237996826,0.09681173908472036,1.0,5.643903251657753e-05,4201,0
637,1,2,1,2,0,0,0.00015841076024272315,0.9763240135886322,0.2916479041673398,3.0,6.0420830128020395e-05,3830,0
638,2,2,2,2,0,0,0.0002557015571939524,0.9585017298978212,0.14171440229748303,1.5,0.00011851422234879385,1801,0
639,2,2,2,2,0,0,0.00021247056260342777,0.9463228724520053,0.23700734851234068,2.5,7.768011222006586e-05,2875,0
344,1,0,1,0,0,0,9.582052276376424e-05,1.0,0.4530509171078817,5.0,3.891864354989019e-05,5771,0
642,7,8,8,8,1,0,0.0008260540744450909,0.9882712491487472,0.09776204931254709,1.0,0.00032183379007145866,549,0
643,4,2,4,2,0,0,0.0003268411902042726,0.9618278675509001,0.14225045582652393,1.5,0.00012044048645896483,1774,0
644,8,10,8,10,0,0,0.0006385682737862011,0.9289610673246309,0.09668556646908985,1.0,0.00029053520472254195,636,0
647,25,22,28,26,3,4,0.002091485404754641,0.9736472895951188,0.11995327826825637,1.25,0.000766051509741369,175,0
648,1,1,1,1,0,0,0.00015433472971205977,0.9900233608658718,0.09736472895967607,1.0,5.91798596323764e-05,3905,0
649,2,2,2,2,0,0,0.00023331272521981926,0.9540775820294884,0.09670785846289806,1.0,9.17884488957345e-05,2365,0
650,9,10,9,10,0,0,0.0007024071898596462,0.9338842851406781,0.23192273254066428,2.4444444444444446,0.0002552174765070744,751,0
651,10,9,10,9,0,0,0.0008266897612873985,0.9415568143371918,0.20697145774050668,2.2,0.000306217004305015,594,0
652,3,3,3,3,0,0,0.0003114108585759414,0.9429614957878472,0.24387468587995897,2.6666666666666665,0.00012135936127808036,1763,0
653,4,4,4,4,0,0,0.0005781886967302141,0.9145948674559836,0.17642558060625124,2.0,0.0002076511469161106,955,0
654,14,14,14,14,0,0,0.0011787878026802473,0.9508884779895942,0.1617142134866065,1.7142857142857142,0.00042190413438141216,375,0
655,2,2,2,3,0,1,0.0002261240779910371,0.9486407090472158,0.28577019808790716,3.0,8.546684505381497e-05,2570,0
656,3,3,3,3,0,0,0.00027770538932929184,0.9518452809144698,0.09657902692275133,1.0,0.00010208300203442045,2115,0
658,5,6,5,6,0,0,0.0003853792815944325,0.9590802414629515,0.1096204949780099,1.2,0.0001392812842035689,1511,0
660,1,1,1,2,0,1,0.00016048027233388305,0.9931207454033035,0.09770600505211752,1.0,5.769456377932133e-05,4001,0
661,3,4,3,4,0,0,0.0003507339412984165,0.9489204353631995,0.12866689671670967,1.3333333333333333,0.00013058302374631398,1622,0
662,1,1,1,1,0,0,0.0001604511682984415,0.9856665516416452,0.09489204353620063,1.0,6.280599715725101e-05,3584,0
663,1,1,2,2,1,1,0.00027686532022977195,0.9555890930399835,0.14507451774349117,1.5,0.00010564064449562844,2034,0
664,6,6,21,24,15,18,0.0014464527793308793,0.9607884121229958,0.13082979727177688,1.380952380952381,0.0008094210193584205,157,0
574,1,1,1,1,0,0,0.00022747802534230725,0.9689604682326811,0.2846343197406883,3.0,0.00010204234849192481,2116,0
659,1,2,1,2,0,0,0.00015088230435856748,0.9877197820154476,0.09681173908472036,1.0,5.643903251657753e-05,4202,0
665,1,1,2,2,1,1,0.00026855428003319634,0.9599410800687129,0.23802510270703506,2.5,0.00010224856084926667,2110,0
666,2,2,4,4,2,2,0.0003174169119629887,0.9921082531162899,0.16359348191264036,1.75,0.00011813989761462885,1806,0
667,4,5,8,8,4,3,0.0006566453018118511,0.9643660438215692,0.13952428080854318,1.5,0.0002394985762735206,809,0
668,1,1,1,1,0,0,0.000152294927740459,0.7378138415960553,0.09729223290579761,1.0,5.7240129931698106e-05,4103,0
670,2,2,2,2,0,0,0.00022893784514559727,0.9811274953112072,0.14290338380032322,1.5,8.540130521122374e-05,2573,0
671,1,1,1,1,0,0,0.00016481163918942888,0.9801219804767983,0.0958803075977791,1.0,6.658137518143372e-05,3451,0
672,3,1,3,1,0,0,0.00033972861323494207,0.8382127903031256,-0.42985737376851324,-4.666666666666667,0.00012205735914688659,1755,0
674,2,2,2,2,0,0,0.00022071330189212045,0.9761047596349083,0.09732848093273684,1.0,8.138638340601521e-05,2730,0
675,1,1,1,1,0,0,0.0001703398176107282,0.9686591915744018,0.0977318193102647,1.0,6.808939883507435e-05,3358,0
676,2,2,2,2,0,0,0.000249475266893613,0.9744855315014942,0.09635801768726851,1.0,9.51306542645131e-05,2265,0
677,2,2,2,2,0,0,0.0002206949496305365,0.9468303808610481,0.0961941513670857,1.0,8.112220859651596e-05,2736,0
678,7,7,7,8,0,1,0.0007136812240216982,0.981365703254275,0.291547394357035,3.4285714285714284,0.00025989812785292,734,0
679,1,1,1,1,0,0,0.0001924228068394674,0.9790083698838454,0.09735810568208687,1.0,7.453609878030272e-05,3022,0
680,8,8,8,8,0,0,0.0006696140462740664,0.9608199955057289,0.14308411322475947,1.5,0.00023787898178981065,814,0
681,3,3,3,3,0,0,0.00028442965846903586,0.9773245348927274,0.0953223391609384,1.0,0.00010126415244552768,2136,0
682,1,0,1,0,0,0,0.00013079699066429406,1.0,0.2753125901677657,3.0,5.175505018953702e-05,5102,0
669,1,0,2,0,1,0,0.0002915266895952071,1.0,0.2846062483898572,3.0,0.00011081933442637098,1929,0
684,1,1,1,1,0,0,0.00017439435992005152,0.9854149132213332,0.09743593173209174,1.0,6.049040177897424e-05,3826,0
685,2,3,2,3,0,0,0.00023433506911177312,0.9891444878159841,0.09663002491585745,1.0,9.266553222922782e-05,2334,0
686,2,2,2,2,0,0,0.0002264169730448512,0.9473601256745378,0.140778712368165,1.5,8.918045067990409e-05,2439,0
687,32,32,37,34,5,2,0.0031211721956418306,0.9596499574066366,0.13181192096868932,1.3783783783783783,0.0013570472665523578,79,0
688,3,4,5,6,2,2,0.0004751119298916493,0.9416196401249521,0.2113737066499432,2.2,0.0001710693783789245,1191,0
689,6,6,6,6,0,0,0.0006930775038667536,0.9856865354135775,0.14929451936521912,1.6666666666666667,0.00026115903252071714,732,0
690,1,1,1,1,0,0,0.00016481163918942888,0.9801219804767983,0.0958803075977791,1.0,8.243149286664758e-05,2677,0
691,5,7,5,7,0,0,0.00045670614962651384,0.9260186317222292,0.09554776502577492,1.0,0.00015982855350592378,1284,0
692,2,0,2,0,0,0,0.00018621982075964634,1.0,0.09419021989525261,1.0,7.078649330203402e-05,3220,0
693,1,1,1,1,0,0,0.0001570797461036738,0.9784579433876203,0.0960819995505325,1.0,6.026824632955475e-05,3839,0
694,1,0,1,0,0,0,0.00016257738877435696,1.0,0.2919108470299017,3.0,6.226651277335166e-05,3628,0
695,2,1,2,1,0,0,0.000562181126418601,1.0,0.09669454940454932,1.0,0.00020079137196041112,999,0
696,2,2,2,2,0,0,0.0010283293438562615,0.9991524485652682,0.1,1.0,0.0003857766032010766,434,0
683,1,1,1,1,0,0,0.00022747802534230725,0.9689604682326811,0.2846343197406883,3.0,8.66443050873642e-05,2522,0
646,1,1,1,1,0,0,0.00022747802534230725,0.981039531767319,0.1897562131604589,2.0,8.66443050873642e-05,2523,0
698,1,1,1,1,0,0,0.00014128764855604457,0.9122639825531114,0.17868642536268795,2.0,5.51663532684943e-05,4335,0
697,4,4,4,4,0,0,0.00038435577028524863,0.9424053137645162,0.23675901264120072,2.5,0.0001331496359639467,1582,0
699,2,2,2,2,0,0,0.0002474351231168517,0.9820823525327701,0.09647879288987399,1.0,8.770136082743349e-05,2479,0
700,3,3,3,3,0,0,0.0006478161733754455,0.9619046414030589,0.12990132845721797,1.3333333333333333,0.0004003674357216261,411,0
701,5,6,5,6,0,0,0.0004359957170191217,0.9771943382165585,0.1310432646381694,1.4,0.00015928673969272677,1291,0
702,2,2,2,2,0,0,0.00024580650148738243,0.9651642362770748,0.09516917390811794,1.0,9.578096004484823e-05,2249,0
703,2,2,2,2,0,0,0.00030514450865544625,0.9596392080554635,0.09778888083717895,1.0,0.00013620462375269038,1549,0
641,2,2,5,6,3,4,0.0008470279999315117,0.9432759010024003,0.24963454883177794,2.6,0.00030227505347724375,604,0
705,3,3,12,12,9,9,0.0009043773642033041,0.9550551602698084,0.14260192377737205,1.5,0.0003524132042896825,488,0
706,1,1,1,1,0,0,0.00017347719263169315,0.9988810246562736,0.09882712491543756,1.0,6.88126608734304e-05,3325,0
708,1,1,3,3,2,2,0.0003391080895524984,0.87186386337989,0.435556730789678,4.666666666666667,0.00010510632167571796,2043,0
707,6,6,6,6,0,0,0.0011695604976753784,0.9417070938945006,0.278009052380497,3.0,0.00045690333679104615,336,0
704,1,1,1,1,0,0,0.00015057159485228316,0.9919305912934765,0.18878779613586683,2.0,5.738565904584498e-05,4068,0
709,3,3,3,3,0,0,0.0002452323419043393,0.9377070399959051,0.1883482106127047,2.0,9.3831676236595e-05,2300,0
710,6,8,6,9,0,1,0.0005945475393235609,0.8951129321084644,0.1508179982786477,0.8333333333333334,0.0005918103227715942,243,0
711,1,1,1,1,0,0,0.00015976561550115815,0.9887448289658408,0.0977401758222926,1.0,5.597839426459515e-05,4248,0
712,1,1,1,1,0,0,0.00015110875994570871,0.9789430370841021,0.3766628736895003,4.0,5.530913306284005e-05,4315,0
714,14,14,16,17,2,3,0.0013342466285153256,0.9651055129336118,0.13631561090493782,1.4375,0.0004620961367409299,333,0
717,1,1,1,1,0,0,0.00016187395702753783,0.6957736971785174,0.8832291329286194,9.0,6.278897151517992e-05,3588,0
718,2,3,3,4,1,1,0.0002943429426376354,0.9136623382911968,0.1593093036513434,1.6666666666666667,0.00010854898158010198,1969,0
719,1,1,1,1,0,0,0.00029451116245128497,0.9995840683542675,0.09794633942110398,1.0,0.00012367078119234731,1728,0
720,2,2,2,2,0,0,0.0001983756325868051,0.7781618051303292,0.5110175456251786,5.5,7.260681663769528e-05,3118,0
721,1,1,1,1,0,0,0.0001365625033007801,0.5844286306454322,0.09265111005110765,1.0,5.3032530485545306e-05,4610,0
722,2,2,5,7,3,5,0.00044918064064623233,0.9857701174516332,0.11613613006448184,1.2,0.0001895826454999413,1063,0
723,1,1,1,1,0,0,0.00014051983927955213,0.9919319349677591,0.0985770117453791,1.0,5.814544057680341e-05,3970,0
724,2,3,2,3,0,0,0.00022264143086870298,0.9773886602814604,0.1456494358003782,1.5,8.447761011504014e-05,2607,0
725,21,21,25,25,4,4,0.002009129603970528,0.9696707132027771,0.14747453301640615,1.56,0.0007457329743226216,182,0
726,6,6,7,6,1,0,0.0007208499564044567,0.9728775637318577,-0.15974658043746165,-1.7142857142857142,0.00025824709113887,742,0
727,2,2,2,2,0,0,0.00025726376129736085,0.9834568934120693,0.09793119064935106,1.0,9.746628362240202e-05,2218,0
640,1,1,1,1,0,0,0.00016291465064451782,0.9607728955436319,0.19632163894194088,2.0,0.00017844822068614763,1138,0
728,2,2,2,2,0,0,0.00025800996269002743,0.9957787094489302,0.09701686670766474,1.0,9.97386969635204e-05,2164,0
730,3,0,3,0,0,0,0.0002840999052570123,1.0,0.24743636721804832,2.6666666666666665,0.00010615009074528239,2025,0
729,4,4,27,29,23,25,0.001977901880679644,0.9401644071944246,0.195854467518642,2.074074074074074,0.0011455022607042386,102,0
715,2,2,3,2,1,0,0.0006965168074490531,0.9943612954821945,0.2533348444375808,2.6666666666666665,0.00026812662649951827,698,0
731,1,1,1,1,0,0,0.00015976561550115815,0.9612551710341591,0.0977401758222926,1.0,5.597839426459515e-05,4249,0
732,21,21,24,23,3,2,0.002131205555646473,0.9268867175654315,0.21586015885838628,2.5416666666666665,0.0010276132502704555,120,0
733,7,7,7,8,0,1,0.0006440612763407109,0.9203616180944458,0.2586172151952174,2.857142857142857,0.00025550906273288026,748,0
734,3,3,3,3,0,0,0.0004719943052634829,0.9967609291822603,0.29091091060809626,3.0,0.00017941510694977997,1126,0
735,7,6,8,7,1,1,0.0006264225373063068,0.9192212620675635,0.16487301291843728,1.75,0.00023037568837989622,851,0
736,1,1,1,1,0,0,0.00014761153425008188,0.9684053534703063,0.09628451035374619,1.0,5.50181590218634e-05,4350,0
737,1,1,1,1,0,0,0.00017915315934957193,0.8630787470853429,0.0967171143498669,1.0,7.165299517531409e-05,3177,0
738,1,1,1,1,0,0,0.0001574608352814394,0.9691428932566968,0.09508884779828564,1.0,6.0618875929211645e-05,3822,0
673,4,4,5,4,1,0,0.000837500739927736,0.969843292055205,0.21896832370039937,2.4,0.0003061508792099185,595,0
716,3,3,3,3,0,0,0.0005632885048948845,0.9303079755394952,0.22053002911365452,2.3333333333333335,0.00026282740387833375,727,0
739,1,1,1,1,0,0,0.00022032148585432473,0.9954554553040481,0.0996760929186066,1.0,8.682290647711295e-05,2517,0
740,1,1,1,1,0,0,0.00024146799781829355,0.9826405595062362,0.09887583886288892,1.0,9.057200695617064e-05,2412,0
741,2,2,2,2,0,0,0.00023805849124565538,0.988086305305089,0.09734427934067486,1.0,8.612965509471731e-05,2548,0
742,15,16,15,16,0,0,0.0014783491716699466,0.9677299998462555,0.1264835555085026,1.3333333333333333,0.000550487482799561,275,0
743,3,3,3,3,0,0,0.00029323119112710863,0.9822486414218572,0.12705030180938803,1.3333333333333333,0.00011257440342399835,1883,0
744,4,3,4,3,0,0,0.00035279025301053013,0.9631336107526278,0.09539083993168283,1.0,0.00011663909273792127,1826,0
745,1,1,1,1,0,0,0.00016465544310794415,0.9947717363365789,0.09764324067567588,1.0,6.483402827124428e-05,3520,0
746,1,1,1,1,0,0,0.0001639060260216627,0.9840940395156553,0.09596499574075741,1.0,6.003737485638036e-05,3852,0
747,1,1,1,1,0,0,0.0001645920935399163,0.6079300794291931,0.18537734351403895,2.0,5.921684514332735e-05,3895,0
748,2,2,2,2,0,0,0.0002455539377501152,0.9464884740507824,0.23393371049851724,2.5,8.760001327120322e-05,2483,0
749,1,1,1,1,0,0,0.0001645920935399163,0.7579300794291932,0.6488207022991362,7.0,5.921684514332735e-05,3896,0
750,1,0,1,0,0,0,0.0001639060260216627,1.0,0.09596499574075741,1.0,6.003737485638036e-05,3853,0
751,2,2,2,2,0,0,0.00020699952125294134,0.9885416879164522,0.09644790647621676,1.0,7.321288423758429e-05,3090,0
576,5,6,5,6,0,0,0.0004864095308392554,0.8790816449981628,0.24613502474054996,2.6,0.00021565818975482283,912,0
752,1,1,1,1,0,0,0.00026838357266999375,0.985049335771391,0.09619046414030115,1.0,6.126042162666008e-05,3714,0
753,3,4,3,4,0,0,0.0003006652880436345,0.9664246087612754,0.317650560901668,3.3333333333333335,0.00011163764766727977,1911,0
754,1,1,1,1,0,0,0.00016187395702753783,0.9542263028214826,0.1962731406508043,2.0,6.278897151517992e-05,3589,0
755,7,7,7,7,0,0,0.0009985774825438045,0.9628148469519223,0.1967496410333414,2.0,0.000392722186070979,423,0
756,1,0,1,0,0,0,0.00013326893433991178,1.0,0.09586068393097921,1.0,7.30557991787961e-05,3095,0
757,9,9,10,10,1,1,0.0011304453972988298,0.9887752859024487,0.1619474458083907,1.7,0.00042831936651380463,368,0
758,1,1,1,1,0,0,0.0001537174168567228,0.9123174564249792,0.09270255103354041,1.0,5.345604596007521e-05,4544,0
759,1,1,1,1,0,0,0.00015057159485228316,0.9419305912934766,0.09439389806793341,1.0,5.738565904584498e-05,4069,0
761,1,1,1,1,0,0,0.00022747802534230725,0.9310395317673189,0.09487810658022945,1.0,8.66443050873642e-05,2524,0
763,3,1,3,1,0,0,0.0002764019059505005,0.9833577316120687,0.09488253075187851,1.0,0.00010582193732899039,2032,0
657,1,1,1,1,0,0,0.00022747802534230725,0.981039531767319,0.1897562131604589,2.0,8.66443050873642e-05,2525,0
764,2,2,2,2,0,0,0.00024438175692268046,0.988019701650661,0.09691889038985504,1.0,9.585509556249799e-05,2248,0
765,1,1,1,1,0,0,0.00015049765417436055,0.9772915859539044,0.09586143376591215,1.0,5.235060037934621e-05,4697,0
766,1,1,1,1,0,0,0.00019652328548426344,0.983258943695357,-0.9255976761658781,-10.0,8.091372516021463e-05,2743,0
767,10,10,10,10,0,0,0.0008383476304633323,0.9608267121405406,0.14414749985616043,1.5,0.00035496095751123,485,0
768,6,6,6,6,0,0,0.0007418480703967265,0.9464100845571018,0.24985426299566824,2.8333333333333335,0.0004236142166015798,374,0
769,4,4,4,4,0,0,0.000436713183860275,0.8501166477905004,0.32189515578396544,3.5,0.0001560716586048367,1323,0
770,21,22,21,23,0,1,0.0015676189810480568,0.939353623274286,0.23125348367120607,2.4761904761904763,0.0006106254708349057,233,0
772,1,1,1,1,0,0,0.000175963382771019,0.9639839575645498,0.19294610364006806,2.0,7.170884208818088e-05,3171,0
773,2,2,2,2,0,0,0.0002195441915797944,0.9449061997898784,0.09453227144073015,1.0,7.105128029530903e-05,3205,0
774,2,1,2,1,0,0,0.0002423733980026541,0.9860160424354502,0.09629496901112483,1.0,9.201342604659998e-05,2354,0
775,22,23,54,58,32,35,0.004892681347331046,0.961771838768829,0.17930986844051036,1.8888888888888888,0.001814451812976511,51,0
776,3,3,3,3,0,0,0.0003670850064874686,0.986160340495359,0.09790778619588415,1.0,0.00014218275102436157,1475,0
777,5,4,14,9,9,5,0.001063661409580649,0.947177705888917,0.18957266209834595,2.0714285714285716,0.0004343200691367531,360,0
760,8,7,8,7,0,0,0.0008075459428951716,0.9005354204625972,0.39691485967217516,4.25,0.0003472257597064543,498,0
778,2,2,2,2,0,0,0.00023296804926742113,0.7936193435134009,0.23106916944798103,2.5,8.624854754601923e-05,2543,0
779,10,12,10,12,0,0,0.0007615178768995936,0.939269424507361,0.17105326252571582,1.8,0.00026814029218455703,697,0
780,8,8,12,12,4,4,0.0009891475493421556,0.9573548541287155,0.20066723993895796,2.4166666666666665,0.00040390777966060047,406,0
781,7,6,11,9,4,3,0.0008573823635736353,0.971127339686554,0.07009373734474335,0.7272727272727273,0.00030068799182703424,609,0
782,2,2,2,2,0,0,0.0002116857427172221,0.9887639694878767,0.09664864491544857,1.0,7.89110240354226e-05,2825,0
783,1,1,1,1,0,0,0.00014888742102797694,0.9794729798094169,0.09488978803366689,1.0,5.251813160209394e-05,4657,0
784,3,4,3,4,0,0,0.00029552372570134484,0.9840750179707105,0.09610991833267274,1.0,0.00011642523389637747,1831,0
785,1,1,1,1,0,0,0.00015057159485228316,0.9419305912934766,0.09439389806793341,1.0,5.738565904584498e-05,4070,0
786,2,2,7,8,5,6,0.000544084806921018,0.9237466781234337,0.12213983886280182,1.2857142857142858,0.00021070800938843986,938,0
787,2,3,3,3,1,0,0.0002598478387570931,0.9717463052734644,-0.636324819176744,-7.0,0.00010029412491210183,2155,0
788,3,2,3,4,0,2,0.00028634561323154825,0.9171609217143544,0.09719017132516593,1.0,0.00011295885447982209,1877,0
789,1,1,1,1,0,0,0.00014405641832117806,0.9597594369748279,0.0920463201894004,1.0,5.642643827805861e-05,4206,0
790,2,2,2,2,0,0,0.0002259827917498638,0.9787725881885306,0.09403350915556846,1.0,8.393675198245449e-05,2626,0
791,2,2,3,3,1,1,0.0003036801710251676,0.9785173465331453,0.1288865302619057,1.3333333333333333,0.00013944943659305157,1506,0
792,2,2,2,2,0,0,0.00021671426082971984,0.9263517434185542,0.09466558619735325,1.0,7.900992728183511e-05,2823,0
793,3,3,3,3,0,0,0.0002721559127577656,0.9632591710569941,0.09580280826359966,1.0,0.00010288939560983524,2094,0
794,2,2,3,3,1,1,0.00032647435492374804,0.9827323687380658,0.09745992012476702,1.0,0.00012474991595782332,1708,0
795,5,5,5,5,0,0,0.0004510778058597946,0.9668173313022111,0.09682419680774132,1.0,0.0001564960440604133,1317,0
796,1,1,1,1,0,0,0.00015004256151656678,0.982133010145616,0.09496323000143367,1.0,5.385353618784931e-05,4511,0
797,1,1,1,1,0,0,0.00018124369831775143,0.9809737229041954,0.09887752859088857,1.0,7.047069642687531e-05,3234,0
798,2,3,2,3,0,0,0.0002423386379638623,0.9490872762469013,0.14700387187116684,1.5,9.439561229352324e-05,2282,0
799,3,4,3,4,0,0,0.00032676205945516884,0.9332242778641722,0.24859036344982166,2.6666666666666665,0.00012525275941004343,1699,0
800,1,1,1,1,0,0,0.00018124369831775143,0.9690262770958047,0.09887752859088857,1.0,7.047069642687531e-05,3235,0
801,5,6,8,9,3,3,0.0009153304320638383,0.9339106875284789,0.32442258113534644,3.5,0.000374577447952138,455,0
802,6,6,7,7,1,1,0.000689976944716078,0.955337496748774,0.17575843849482672,1.8571428571428572,0.00025355120574235265,756,0
803,1,1,1,1,0,0,0.00014991411328041626,0.9833577316120687,0.09598838165086263,1.0,5.819435723034068e-05,3967,0
804,5,7,5,7,0,0,0.0005148739052320799,0.9194005777863279,0.002151173793225436,-1.0,0.00021492413432130665,915,0
805,4,2,4,2,0,0,0.00030745315875988063,0.9734359827639146,-0.4107161387128227,-4.5,0.00011840935647127509,1803,0
806,1,0,1,0,0,0,0.00016438233935350046,1.0,0.09796750136767969,1.0,6.507028392848202e-05,3505,0
808,1,1,1,1,0,0,0.000175963382771019,0.9860160424354502,0.09647305182003403,1.0,7.170884208818088e-05,3172,0
762,3,3,3,3,0,0,0.0004169981430105392,0.9204047149175612,0.22108164709133135,2.3333333333333335,0.0001626955069375297,1256,0
809,1,1,1,1,0,0,0.0001645920935399163,0.8579300794291931,0.3707546870280779,4.0,5.921684514332735e-05,3897,0
810,1,1,1,1,0,0,0.0001644245664007152,0.9867582222457487,0.09677299998424929,1.0,6.419250396692537e-05,3542,0
811,3,3,3,3,0,0,0.0002859918798038215,0.9819628330376604,0.12852166608533963,1.3333333333333333,0.0001123803137026769,1891,0
812,4,4,4,4,0,0,0.00040909963839398796,0.9883084304964711,0.0976795676170564,1.0,0.0001531817422866626,1358,0
813,1,1,1,1,0,0,0.00014888742102797694,0.9794729798094169,0.09488978803366689,1.0,5.251813160209394e-05,4658,0
814,1,1,1,1,0,0,0.00015599931336165507,0.600333619969479,0.9573548541283753,10.0,6.369782455177988e-05,3556,0
815,2,2,2,2,0,0,0.0002417838937883363,0.9875718790740352,0.09789709811798886,1.0,9.411041135609413e-05,2290,0
816,1,1,1,1,0,0,0.00022747802534230725,0.9310395317673189,0.09487810658022945,1.0,8.66443050873642e-05,2526,0
817,2,2,2,2,0,0,0.00038977349522630424,0.9815302346485005,0.14533956275125434,1.5,0.00015911186985204185,1294,0
818,3,3,3,3,0,0,0.0003351463691545905,0.9544968613903,0.09613816501982649,1.0,0.00014321089201560847,1462,0
819,1,0,1,0,0,0,0.0001421424470481588,1.0,0.1955646778043028,2.0,0.00028203832461018517,658,0
820,7,5,7,5,0,0,0.0005879110750377587,0.9418739549558707,0.15993398316757995,1.7142857142857142,0.00021692167352482976,905,0
821,1,1,1,1,0,0,0.0001639060260216627,0.9840940395156553,0.09596499574075741,1.0,6.003737485638036e-05,3854,0
823,1,1,13,16,12,15,0.0009899684620171174,0.9230964767352147,0.14000721406597244,1.4615384615384615,0.0004252867293685992,371,0
9,1,1,1,1,0,0,0.0001543339462408225,0.6546542507358325,0.18694770790515006,2.0,5.4899384011041e-05,4373,0
824,4,8,8,8,4,0,0.0008139284395149867,0.918767011437326,-0.3453037356284357,-3.75,0.0003018036066531124,607,0
826,2,2,2,2,0,0,0.00028057422389336724,0.8537966924885831,0.0904694973242388,1.0,0.00010628059327908927,2023,0
827,6,5,8,6,2,1,0.0007633888727703464,0.8906229350706238,0.23950949441723196,2.625,0.00027646431719021303,681,0
828,1,2,1,2,0,0,0.00015433472971205977,0.9818215539303418,0.09736472895967607,1.0,5.91798596323764e-05,3906,0
829,2,0,2,0,0,0,0.00020587433983839106,1.0,0.09845869811913904,1.0,8.340579889537546e-05,2641,0
830,2,2,3,3,1,1,0.00033340132526083215,0.9814127102250594,0.15978735674637928,1.6666666666666667,0.0001277376444114546,1672,0
831,1,0,1,0,0,0,0.00014136024998820786,1.0,0.09260186317231729,1.0,5.440345768236847e-05,4451,0
833,2,2,2,2,0,0,0.00023430932858516492,0.9103005947877045,0.0977886985798577,1.0,8.906583203098449e-05,2442,0
834,3,0,3,0,0,0,0.0003337456257676497,1.0,0.24507607488747685,2.6666666666666665,0.0001281806318919375,1658,0
835,4,3,4,4,0,1,0.00038637361971570786,0.9718752728820097,0.18374265853594457,2.0,0.00014636671881901387,1430,0
836,1,1,1,1,0,0,0.00014590745290978387,0.9775334358008638,0.0983896240810822,1.0,5.1802936512387635e-05,4789,0
837,2,2,2,2,0,0,0.00028811255378618594,0.9871533167076663,0.09859234379560783,1.0,0.0001123477402503832,1893,0
838,7,9,7,9,0,0,0.0005828038803739128,0.9411824440561131,0.18773022337886827,2.0,0.00020709172600128154,958,0
839,2,2,2,2,0,0,0.00033837517717039557,0.9855410177606416,0.19387997648768168,2.0,0.0001339655230617428,1573,0
840,1,0,1,0,0,0,0.00014980294683221142,1.0,0.7731396870109586,8.0,5.8762987322081965e-05,3936,0
832,75,77,91,77,16,0,0.008084569367036174,0.8838727592045115,-0.02716802736627081,-0.27472527472527475,0.0029045093314839987,21,1
841,1,1,1,1,0,0,0.00017505226372091943,0.8364159863168645,0.2651618277607659,3.0,9.225954233207447e-05,2348,0
842,3,4,3,4,0,0,0.00032145839669432447,0.948708929266342,0.09517399672571426,1.0,0.00012025350809332528,1778,0
843,1,1,1,1,0,0,0.00016832122812323778,0.9700123621984279,0.09748897624663405,1.0,6.20977758488555e-05,3641,0
844,1,2,1,2,0,0,0.0001575962785771571,0.9796088976680645,0.19235436773545456,2.0,6.15239212358722e-05,3678,0
845,2,2,2,2,0,0,0.0002422322467120685,0.9675560886461092,0.09530748686550873,1.0,9.33948598260309e-05,2311,0
846,2,2,6,6,4,4,0.0005279955069478649,0.964506203794728,0.12625185462411415,1.3333333333333333,0.000204151381809496,974,0
847,5,5,5,5,0,0,0.00045978715891533675,0.9235860459681617,0.24666399574384804,2.8,0.00016600744552549307,1224,0
848,1,1,1,1,0,0,0.00017505226372091943,0.8364159863168645,0.2651618277607659,3.0,6.689479603964315e-05,3423,0
849,2,2,2,2,0,0,0.00021428496622231927,0.9432915587766643,0.09676667430661663,1.0,8.166360992603781e-05,2713,0
850,2,1,2,1,0,0,0.00020675133725187392,0.9748891773606562,0.14598813611592767,1.5,8.28646583874832e-05,2665,0
851,4,5,4,5,0,0,0.00036874489942868654,0.9740101889698267,0.0943953876598052,1.0,0.00013009386734205347,1631,0
852,1,1,1,1,0,0,0.0001582608125831139,0.9810011631579432,0.18947216432794145,2.0,6.025792271733299e-05,3840,0
853,6,7,7,8,1,1,0.0007071673416485437,0.9579560628358047,0.16498468884545603,1.7142857142857142,0.0002631564467819148,725,0
854,2,1,2,1,0,0,0.00023960034687544902,0.9892708448897348,0.09568581360419603,1.0,9.365845287536621e-05,2302,0
855,1,1,1,1,0,0,0.0001639060260216627,0.9840940395156553,0.09596499574075741,1.0,6.003737485638036e-05,3855,0
856,2,3,2,3,0,0,0.0002709801837968847,0.9742275225791146,0.14135841520698889,1.5,0.0003163490851957274,569,0
857,2,2,2,2,0,0,0.0002517870656819384,0.907868389356685,0.1812922900091767,2.0,8.613952394986274e-05,2546,0
858,1,0,1,0,0,0,0.00016265115752141736,1.0,0.194845504515175,2.0,5.4278334068278883e-05,4460,0
859,1,1,1,1,0,0,0.00015064682105697793,0.9682354663441565,0.09564841164349283,1.0,5.546856019747053e-05,4306,0
860,1,1,1,1,0,0,0.0001448892146210901,0.9977750327218204,0.2773865272935019,3.0,5.598493712916688e-05,4244,0
861,2,2,7,4,5,2,0.0005055364139033301,0.9377625882696152,0.135181896336575,1.4285714285714286,0.00021928418686862234,895,0
862,10,10,10,10,0,0,0.0008620145277563994,0.9755801545784459,0.1053586169617097,1.1,0.0003219807147586013,548,0
863,2,2,2,2,0,0,0.00021159593821940939,0.990360666904118,0.1423355833301302,1.5,7.954548536239594e-05,2802,0
864,3,3,3,3,0,0,0.00043438467963194014,0.9320508375844627,0.21948775031213064,2.3333333333333335,0.00019336383941897056,1040,0
771,1,0,1,0,0,0,0.0001438026280409643,1.0,0.0939353623271319,1.0,5.750016568799505e-05,4062,0
865,2,1,2,1,0,0,0.00022287888508235444,0.9840940395156553,0.18667576151712964,2.0,8.098870582748795e-05,2741,0
866,4,4,4,4,0,0,0.0004919319444530658,0.9483356621844121,0.21129545691468424,2.25,0.0001841918835514237,1099,0
867,3,2,3,2,0,0,0.000314925630035822,0.9690944194390886,0.15790610167602334,1.6666666666666667,0.00011669793055918843,1823,0
868,1,1,1,1,0,0,0.00017505226372091943,0.8364159863168645,0.2651618277607659,3.0,6.689479603964315e-05,3424,0
869,1,1,1,1,0,0,0.00015923652377163407,0.9973206915191452,0.09755801545799735,1.0,7.669218693297618e-05,2913,0
870,2,2,2,2,0,0,0.00029620420896734137,0.94248690147152,0.09281221460645973,1.0,0.00014893945505323514,1394,0
871,1,1,1,1,0,0,0.00020923276130836537,0.9902561248439347,0.18641016751140163,2.0,0.00011173612702382566,1908,0
872,2,1,2,1,0,0,0.0002369945938786631,0.8364159863168645,0.27788813844727434,3.0,0.00012748332406489323,1676,0
873,1,1,2,2,1,1,0.00023504336107030491,0.9069747110588642,0.18177572592092406,2.0,8.366412639397149e-05,2634,0
874,2,2,2,2,0,0,0.00024262471576135715,0.9622263887359446,0.14483677180074062,1.5,9.490286841412568e-05,2270,0
875,4,4,5,5,1,1,0.0004819766836041177,0.9762509910302378,0.13306288536164562,1.4,0.00018970668880725585,1062,0
876,1,2,1,2,0,0,0.00015923652377163407,0.98596687693621,0.09755801545799735,1.0,6.245797980690777e-05,3622,0
877,2,2,2,2,0,0,0.00021052337646684335,0.9889779951412497,0.0976394654312735,1.0,7.855314805065766e-05,2834,0
878,1,1,1,1,0,0,0.00015205902153783503,0.9607728955436319,0.1898745486535462,2.0,5.6657874394049445e-05,4173,0
879,2,2,2,2,0,0,0.00027828604469460597,0.976052750356047,0.14241488684359868,1.5,0.00010684276176926382,2006,0
880,2,2,2,2,0,0,0.00028178849890567344,0.8032713480490669,0.27851254844016504,3.0,0.00010677128846553471,2009,0
883,1,1,1,1,0,0,0.000493763535738177,1.0,0.0999152448565236,1.0,0.00018092559410742942,1121,0
882,9,9,50,50,41,41,0.0037158852025622443,0.9286093569498008,0.24276319500731322,2.66,0.001461720767434914,73,0
884,1,1,1,1,0,0,0.00014907197235975337,0.9786184024963434,0.18572187139065566,2.0,5.717155827890028e-05,4110,0
886,2,2,2,2,0,0,0.0002588240989930216,0.9492683835347256,0.18034778871726712,2.0,9.764947162414142e-05,2213,0
887,1,1,1,1,0,0,0.00015049765417436055,0.9772915859539044,0.09586143376591215,1.0,5.235060037934621e-05,4698,0
888,1,1,1,1,0,0,0.00015913693387387866,0.948744237473661,0.09392386203505015,1.0,6.201870183408968e-05,3653,0
890,1,0,1,0,0,0,0.00014761153425008188,1.0,0.19256902070749238,2.0,5.50181590218634e-05,4351,0
891,2,2,2,2,0,0,0.00021908825452924313,0.9764205136233893,0.09742051776347321,1.0,9.08727257279803e-05,2399,0
892,1,1,1,1,0,0,0.00015205902153783503,0.8892271044563681,0.28481182298031926,3.0,0.00017496628453959296,1167,0
893,1,1,1,1,0,0,0.00019271886569980292,0.9774928405023249,0.19620915298485292,2.0,7.447603747891403e-05,3026,0
822,1,0,3,0,2,0,0.00035116595144677354,1.0,0.062187778138538354,0.6666666666666666,0.00014476410990017663,1445,0
894,6,7,11,12,5,5,0.0008536967801046616,0.966352177465934,0.2196580684812723,2.4545454545454546,0.000325736485923561,544,0
895,1,0,1,0,0,0,0.0001645920935399163,1.0,-0.09268867175701948,-1.0,5.921684514332735e-05,3898,0
896,3,0,5,0,2,0,0.00040628398992389536,1.0,0.0963512556224793,1.0,0.0001592120865420662,1292,0
897,1,2,1,2,0,0,0.00017257933458937464,0.8856727737230948,0.09785796333800947,1.0,6.657730846275155e-05,3452,0
898,2,2,2,2,0,0,0.00028322570985233236,0.9030853667627403,0.2661743541389665,3.0,0.00010603139301963886,2027,0
899,2,2,3,4,1,2,0.00028674047000888973,0.9683594614088696,0.15934698700075342,1.6666666666666667,0.00010406027619301317,2073,0
900,3,3,3,3,0,0,0.00028456761477838445,0.9333959934907226,0.22199777421497036,2.3333333333333335,0.0003521540263262529,489,0
901,1,1,1,1,0,0,0.0001696881908325005,0.9878792192474134,0.09553374967376833,1.0,6.578828174255755e-05,3485,0
902,4,2,4,2,0,0,0.0004489677168195318,0.9842879354350224,0.2125731559220574,2.25,0.0001542140813826911,1345,0
903,4,4,5,5,1,1,0.0008447204982687707,0.962307923881796,0.13636470275140805,1.4,0.00029944893873002043,610,0
904,3,6,6,8,3,2,0.0007034875995037569,0.9573265483419519,0.15806892494999772,1.6666666666666667,0.00026678349008073786,706,0
906,9,7,9,7,0,0,0.0006675049655418533,0.936962394601897,-0.7163355756878027,-7.666666666666667,0.00023398930450075345,831,0
907,6,7,6,7,0,0,0.000517173811165977,0.9528456888832103,0.20467329590472516,2.1666666666666665,0.00018944391478433454,1064,0
908,46,34,52,43,6,9,0.004387125755531007,0.9442389299634413,0.2918104012749565,3.230769230769231,0.00172853856231957,55,0
910,2,1,2,1,0,0,0.00022297874631726117,0.9904402479338921,0.09499362199347451,1.0,9.915514240142681e-05,2178,0
911,1,3,2,4,1,1,0.0002996843002927692,0.6438522910775055,0.3962826042163571,5.5,0.00011954246496316243,1789,0
912,2,3,2,3,0,0,0.0002507543513615316,0.9544322379343793,0.3142875468837798,3.5,9.198876123108157e-05,2356,0
913,2,2,4,4,2,2,0.0003574090557740846,0.9627355709818358,0.1184599172563717,1.25,0.00012075460433955708,1768,0
909,1,1,1,1,0,0,0.00017257463699704332,0.9959052006374782,0.18884778592331633,2.0,6.8218808321935e-05,3347,0
914,1,1,1,1,0,0,0.00019036965668960332,0.9892708448897348,0.09951155138520784,1.0,7.619395947822638e-05,2945,0
915,3,3,3,3,0,0,0.0003039927168609688,0.8863955005314526,0.372706465346071,4.0,0.00011537490181805525,1847,0
916,1,1,1,1,0,0,0.00015081464281855515,0.9736990155692388,0.09613983005679118,1.0,5.834253021092424e-05,3951,0
917,6,8,9,10,3,2,0.0008890952456860834,0.9778692653811263,0.155490975358444,1.6666666666666667,0.00037276865170447396,461,0
918,1,1,1,1,0,0,0.00015004256151656678,0.9678669898543839,0.09496323000143367,1.0,5.385353618784931e-05,4512,0
919,1,1,1,1,0,0,0.00017257463699704332,0.9040947993625218,0.09442389296165817,1.0,6.8218808321935e-05,3348,0
920,8,8,9,9,1,1,0.0008023477309937735,0.913779116407055,0.34029763911558514,3.6666666666666665,0.0003067692492256711,593,0
921,1,1,12,12,11,11,0.0009923762561484467,0.9377820878347906,0.2931275230860918,3.1666666666666665,0.00032699134562130306,541,0
922,7,7,9,8,2,1,0.0007371073094352533,0.8310722576241261,0.2170856748088751,2.6666666666666665,0.00027046345071201825,692,0
924,1,1,1,1,0,0,0.00014532085148743975,0.971210033237811,0.09809869900439726,1.0,5.703830470329606e-05,4122,0
925,13,14,20,21,7,7,0.0015132281795710168,0.950910681025896,0.1415616657002871,1.5,0.0005590826919870245,268,0
926,3,3,3,3,0,0,0.0002689802613081437,0.9626212652565365,0.2201308406607755,2.3333333333333335,0.00010813589942902862,1976,0
927,2,2,3,3,1,1,0.0002934564931118673,0.9200900831332379,0.18273681668697503,2.0,0.00010663827688720707,2011,0
928,7,5,7,5,0,0,0.00070315851265915,0.9067643672760102,0.15746774638223546,1.7142857142857142,0.00024693281654825615,781,0
929,4,3,9,9,5,6,0.0008593902551822679,0.9706312295928982,0.09672491581443882,1.0,0.00042785026835274743,369,0
930,2,1,2,1,0,0,0.00023019111453336208,0.948744237473661,0.3302528788814093,3.5,8.8032248082566e-05,2470,0
931,5,5,5,5,0,0,0.0004236659257008669,0.9272935579425265,0.20897429684591526,2.2,0.00015462743701306062,1339,0
933,1,1,1,1,0,0,0.00015715615460424703,0.9779262500719198,0.09608267121413647,1.0,6.018387966132733e-05,3845,0
934,2,2,2,2,0,0,0.0002657546141335799,0.790038647018979,0.1798654708546335,2.0,0.00010496914587345698,2047,0
936,1,0,1,0,0,0,0.0001421424470481588,1.0,0.1955646778043028,2.0,5.649275403967884e-05,4190,0
937,9,8,33,32,24,24,0.002570192657669729,0.9643679239336619,0.13900636553978896,1.4545454545454546,0.0013545071632722835,80,0
885,6,6,6,6,0,0,0.000670025216930489,0.9774241911066303,0.20931084460613633,2.1666666666666665,0.0002465370215336911,783,0
938,1,1,1,1,0,0,0.00015725429685098548,0.9336288680997795,0.09645543759044335,1.0,7.572284522665646e-05,2961,0
923,20,22,29,31,9,9,0.0026013385871824324,0.9645543759023226,0.23274226380044089,3.0689655172413794,0.0009971420614421865,123,0
939,1,1,2,2,1,1,0.00025373844623950286,0.9384141682749655,0.09631183770415347,1.0,9.824888954242443e-05,2195,0
940,2,2,2,2,0,0,0.00023196296980418287,0.9784167367883112,0.14501521360915995,1.5,8.639883999010123e-05,2538,0
942,1,0,2,1,1,1,0.00023517889864680175,0.9829287526258732,0.09586887683284052,1.0,8.761615184302652e-05,2481,0
943,6,7,6,7,0,0,0.000757966929553927,0.9734342393246577,0.1915879711615579,2.0,0.00027842425300684257,671,0
944,1,1,1,1,0,0,0.00017811111672700792,0.945793985580779,0.29203027179739394,3.0,6.89745694980837e-05,3317,0
946,2,2,2,2,0,0,0.00026557063472621296,0.9701317858834212,0.1926857186163107,2.0,0.0001038592850597851,2078,0
947,1,1,1,1,0,0,0.00017224299880767851,0.9377887094323267,0.1867821375047174,2.0,6.666832628778753e-05,3445,0
889,1,2,1,2,0,0,0.0001421424470481588,0.9488103066798594,0.0977823389021514,1.0,5.649275403967884e-05,4191,0
941,2,2,2,3,0,1,0.00024297397889735736,0.9483379596059759,0.23738887369202516,2.5,9.827133053570305e-05,2194,0
948,2,2,4,4,2,2,0.0005682643615832374,0.9743956544309098,0.1695443280842666,1.75,0.00021868687783367053,898,0
949,1,0,1,0,0,0,0.0001556452058672171,1.0,0.18664485556880742,2.0,6.206818211245695e-05,3646,0
950,4,4,4,4,0,0,0.00042435633565721315,0.9297516362069331,0.12284380262977618,1.25,0.00015479741646428992,1335,0
951,1,1,1,1,0,0,0.0001599814120136004,0.9571538925969132,0.09589564943436098,1.0,6.38425768178248e-05,3550,0
952,1,1,1,1,0,0,0.0001614848495913763,0.977745487679222,0.1955738530765605,2.0,6.667642427526607e-05,3441,0
954,2,2,2,2,0,0,0.0002679019797543964,0.9615605382291632,0.14386265725710246,1.5,0.00011195548020966163,1904,0
932,1,2,1,2,0,0,0.00017257463699704332,0.9335856637231803,0.28327167888497445,3.0,6.8218808321935e-05,3349,0
955,1,1,1,1,0,0,0.00018409218395128878,0.8246472596826095,0.4928432677080853,5.0,7.200202770603157e-05,3152,0
956,1,1,1,1,0,0,0.00017505226372091943,0.8364159863168645,0.2651618277607659,3.0,6.689479603964315e-05,3425,0
957,3,2,3,2,0,0,0.0003441870135369061,0.6671375153391688,-0.551352353280279,-5.666666666666667,0.00012964434710213883,1636,0
959,3,2,3,2,0,0,0.0003218490679346037,0.7069203714660757,0.5483273247854927,6.0,0.0001239383701514063,1725,0
960,2,2,2,2,0,0,0.0002801892558168882,0.8942784709776957,0.22851442098968067,2.5,0.00010648359602985746,2013,0
961,2,2,4,4,2,2,0.0003581360242182702,0.9585420645305411,0.09538110873235811,1.0,0.00014408369364899876,1448,0
963,1,1,5,5,4,4,0.0005638886874824127,0.9426581037032292,0.14912721516143407,1.6,0.00021482321330676483,916,0
964,0,1,1,1,1,0,0.00015205902153783503,0.9607728955436319,0.28481182298031926,3.0,5.6657874394049445e-05,4174,0
966,1,1,1,1,0,0,0.00017811111672700792,0.954206014419221,0.09734342393246465,1.0,6.89745694980837e-05,3318,0
967,10,9,10,10,0,1,0.0008302506029863359,0.9550635319782933,0.12368660478533804,1.3,0.0003164137071425601,567,0
968,1,2,1,2,0,0,0.0001438026280409643,0.9918013036119833,0.1878707246542638,2.0,5.750016568799505e-05,4063,0
935,2,2,7,6,5,4,0.000684885110783888,0.9029680688911073,0.22659197703882,2.4285714285714284,0.0002180780958412392,902,0
965,1,0,1,0,0,0,0.0001438026280409643,1.0,0.3757414493085276,4.0,5.750016568799505e-05,4064,0
969,1,1,1,1,0,0,0.00017224299880767851,0.8877887094323268,0.0933910687523587,1.0,6.666832628778753e-05,3446,0
825,1,1,1,1,0,0,0.00015057159485228316,0.9580694087065235,0.2831816942038002,3.0,5.738565904584498e-05,4071,0
970,1,1,1,1,0,0,0.0001372032082556076,0.9806352987633543,0.09772091540454964,1.0,5.112877440180919e-05,5158,0
971,1,0,1,0,0,0,0.00015259236884171212,1.0,0.1930211025863485,2.0,5.8128185247406116e-05,3973,0
972,6,7,6,7,0,0,0.0005851835608177496,0.9504126926388122,0.18658488321325695,2.0,0.0002017986442432994,990,0
973,2,2,2,2,0,0,0.00031347650750739703,0.9932184496559665,0.1470134407574414,1.5,0.00012203993202062108,1756,0
974,1,1,1,1,0,0,0.00015422305671704154,0.973737266508203,0.1939341426410803,2.0,6.033135664072303e-05,3835,0
975,5,4,5,4,0,0,0.00040049194165109987,0.9309458790215477,0.11410790543923839,1.2,0.00014711711024340186,1419,0
976,1,1,1,1,0,0,0.00014590745290978387,0.9724665641991361,0.0983896240810822,1.0,5.1802936512387635e-05,4790,0
977,2,2,2,2,0,0,0.0002279783587171079,0.6075832278787204,0.09753088838703164,1.0,8.758345636918033e-05,2488,0
953,7,8,7,8,0,0,0.0006544572512134993,0.9563086612751145,0.21218532319669778,2.4285714285714284,0.0002453470981682706,786,0
978,12,10,16,14,4,4,0.0017330363204891772,0.9593350710876911,0.10428191127705382,0.9375,0.0006590203569673819,208,0
979,1,1,1,1,0,0,0.00019105334765636713,0.9521409556385269,0.1918670142185954,2.0,7.46224061482736e-05,3016,0
980,1,1,1,1,0,0,0.00014641349551521596,0.9946032740345417,0.19327043543234243,2.0,5.8152864005489355e-05,3968,0
981,2,2,2,2,0,0,0.0003516742591451044,0.9862694076533867,0.09935735413236876,1.0,0.00013745638271877133,1535,0
982,5,5,5,5,0,0,0.0007706873139474775,0.9939286329908308,0.0980641898561054,1.0,0.000285950675190666,649,0
983,1,1,1,1,0,0,0.00021794694343688567,0.9990320949280527,0.09939286329914514,1.0,8.494652257055264e-05,2595,0
984,5,5,5,5,0,0,0.0003800948415532431,0.9650514205847981,-0.9434810791677837,-10.0,0.00013747547893491212,1534,0
985,1,1,1,1,0,0,0.0001448892146210901,0.8477750327218204,0.46231087882250316,5.0,5.598493712916688e-05,4245,0
986,1,1,2,2,1,1,0.00021344911796265892,0.9479900523211651,0.09482365342345773,1.0,7.912493825515134e-05,2812,0
987,2,2,2,2,0,0,0.00022293175728717077,0.9075314622911939,0.3762827756931043,4.0,8.38893312716879e-05,2628,0
988,4,4,4,4,0,0,0.0004805849996374358,0.9932608848408923,0.12174029097797254,1.25,0.00041000228654929056,392,0
989,1,1,1,1,0,0,0.0002066873438278554,0.9983748205166707,0.19256296939037543,2.0,8.21629052174378e-05,2685,0
990,1,1,1,1,0,0,0.00015422305671704154,0.9762627334917969,0.09696707132054015,1.0,6.033135664072303e-05,3836,0
991,2,0,2,0,0,0,0.00021066883099120113,1.0,0.14519109440669953,1.5,8.15344073438758e-05,2719,0
993,1,1,1,1,0,0,0.0003804283703023535,0.9733325777812096,0.09943612954828138,1.0,0.00014832134742342128,1407,0
994,2,3,2,3,0,0,0.00019913485597505658,0.9854617912870803,0.09728569881419744,1.0,7.115348781862688e-05,3194,0
995,4,2,4,2,0,0,0.0005712063893849403,0.9851105320640903,0.09774545911276832,1.0,0.0002255320911691841,870,0
905,3,3,84,85,81,82,0.006052786093526904,0.9517789768328718,0.17896200983690405,1.8928571428571428,0.00537234003814549,6,1
996,1,1,1,1,0,0,0.0002066873438278554,0.9983748205166707,0.19256296939037543,2.0,8.21629052174378e-05,2686,0
997,1,1,2,2,1,1,0.00020615543937529143,0.8298652145318849,0.4292811776793075,4.5,8.200831789047979e-05,2693,0
999,1,1,1,1,0,0,0.00015771365734065557,0.9858182132750445,0.09712072473896474,1.0,6.169902583735329e-05,3667,0
1000,1,1,1,1,0,0,0.00018802857772555524,0.9940531002337477,0.19502867769461782,2.0,7.74354117247768e-05,2883,0
1001,5,5,6,5,1,0,0.0007641804901088531,0.9901338855371978,0.2229581657653117,2.3333333333333335,0.0003710854255910056,464,0
1002,1,1,1,1,0,0,0.00021555912122138434,0.9885209171173441,0.19802677710805583,2.0,6.648035176551696e-05,3458,0
1003,1,1,1,1,0,0,0.00021555912122138434,0.9885209171173441,0.19802677710805583,2.0,6.648035176551696e-05,3459,0
1004,2,1,2,1,0,0,0.00028070500691116697,0.8521409556385269,0.23901542339484563,2.5,0.0001112530271672581,1923,0
998,1,0,1,0,0,0,0.00014780820289320124,1.0,0.09636139689640592,1.0,5.678279520668494e-05,4147,0
1006,2,2,2,2,0,0,0.00024782598483244934,0.9209063561411615,0.09086776796349413,1.0,8.96034312208924e-05,2427,0
1007,1,1,1,1,0,0,0.0001644245664007152,0.9867582222457487,0.09677299998424929,1.0,6.419250396692537e-05,3543,0
1008,6,7,6,7,0,0,0.0009391941771106764,0.9767899721598592,0.19247181286660361,2.0,0.00037975309303281423,444,0
1009,3,3,3,3,0,0,0.00033006305910712296,0.9401646660300602,0.18773348668663428,2.0,0.00012244015171104789,1745,0
1010,4,4,5,4,1,0,0.0004508210091922003,0.9688675954543075,0.16709832235654112,1.8,0.00016153988162965487,1268,0
1011,1,1,3,3,2,2,0.0002558325932348736,0.9807911250492725,0.15840109632073862,1.6666666666666667,0.0001050173289359489,2046,0
1012,2,1,2,1,0,0,0.0002577596340434854,0.6059468997662523,0.14559872715094963,1.5,0.00010588458256570193,2030,0
1013,11,9,11,9,0,0,0.001093107423078408,0.888269428784477,0.3408337508378468,3.6363636363636362,0.0004157608114788151,385,0
1015,1,1,1,1,0,0,0.0001724007777619543,0.6273481321857821,0.3675068045710209,4.0,6.714399629909356e-05,3406,0
1016,1,1,1,1,0,0,0.00017257463699704332,0.9040947993625218,0.09442389296165817,1.0,6.8218808321935e-05,3350,0
1017,1,1,1,1,0,0,0.00017257463699704332,0.8959052006374782,0.09442389296165817,1.0,6.8218808321935e-05,3351,0
807,1,1,1,1,0,0,0.00015057159485228316,0.9919305912934765,0.18878779613586683,2.0,5.738565904584498e-05,4072,0
1018,4,5,7,9,3,4,0.000614748061053694,0.9609590822362043,0.1623396342476548,1.7142857142857142,0.004083886139251873,12,1
1019,3,6,3,6,0,0,0.0003024111839392074,0.973473059670171,0.12735480629539886,1.3333333333333333,0.00011194939267474969,1905,0
1020,4,4,4,4,0,0,0.00038446116879380413,0.986266788855186,0.2296740821993121,2.5,0.00015544795775316464,1329,0
1021,2,3,2,3,0,0,0.0002459375993769144,0.9616877660696925,0.09636511302195648,1.0,0.00010020449383360913,2159,0
1022,1,2,1,2,0,0,0.00016765805588591872,0.8694112859559598,0.09862667888556259,1.0,6.795821401759877e-05,3368,0
1023,2,1,2,1,0,0,0.0002151405693315514,0.6163711319002204,0.09519539995878762,1.0,8.481916489435226e-05,2600,0
1024,2,2,2,2,0,0,0.0002617105451575644,0.7411605934771714,0.18582947740261488,2.0,0.00010007999820351885,2161,0
1025,1,1,2,2,1,1,0.0002464246406520134,0.9322024690958192,0.14060511344996968,1.5,9.47551532587086e-05,2271,0
1026,9,9,9,9,0,0,0.0007906619585227237,0.911516168260703,0.07122610059454404,0.6666666666666666,0.00030498412621872813,599,0
1027,1,1,1,1,0,0,0.00017505226372091943,0.5364159863168646,0.2651618277607659,3.0,6.689479603964315e-05,3426,0
1028,6,6,11,10,5,4,0.0010038178533523445,0.979255118713031,0.10571764006314384,1.0909090909090908,0.00038703991493745625,429,0
1029,1,1,1,1,0,0,0.0001575962785771571,0.9603450657797448,0.09617718386772728,1.0,6.15239212358722e-05,3679,0
1030,1,2,1,2,0,0,0.0001575962785771571,0.9810607492096957,0.09617718386772728,1.0,6.15239212358722e-05,3680,0
1031,1,1,1,1,0,0,0.00025187387778079223,0.8890045261902485,0.47085354694465614,5.0,9.947362700323129e-05,2168,0
1032,1,1,1,1,0,0,0.00017505226372091943,0.8364159863168645,0.2651618277607659,3.0,6.689479603964315e-05,3427,0
1033,1,1,1,1,0,0,0.00017505226372091943,0.9364159863168646,0.0883872759202553,1.0,6.689479603964315e-05,3428,0
1034,1,0,8,8,7,8,0.000638952470197767,0.9024761717747218,0.19113446871004805,2.0,0.0002971404205806898,618,0
1035,1,0,1,0,0,0,0.00021293276703388472,1.0,0.09542425105365855,1.0,7.888526546416481e-05,2828,0
1036,2,3,2,3,0,0,0.0001843031994471286,0.971852184730269,0.09383562553202916,1.0,7.111260041884636e-05,3196,0
1037,1,1,5,4,4,3,0.000535317497440607,0.9648278299190398,0.273788530737937,3.4,0.0002038963394290219,978,0
1038,1,0,1,0,0,0,0.00014641349551521596,1.0,0.19327043543234243,2.0,5.8152864005489355e-05,3969,0
1039,1,1,1,1,0,0,0.00018847538514872413,0.8795831245810766,0.08882694287736209,1.0,7.387496947521542e-05,3060,0
1005,11,11,12,11,1,0,0.0011589793419824808,0.9429681836423156,0.22003067793441292,2.4166666666666665,0.00047396189815354927,321,0
1040,2,5,2,5,0,0,0.00024111764556688394,0.8905660353587889,0.14208439460609892,1.5,9.186690981151895e-05,2361,0
1041,1,0,1,0,0,0,0.00015205902153783503,1.0,0.1898745486535462,2.0,5.6657874394049445e-05,4175,0
1042,2,1,2,2,0,1,0.00022921143689301246,0.9025166894807463,0.09266208949427375,1.0,9.229697494702966e-05,2344,0
962,9,9,9,9,0,0,0.0007909641323902255,0.9445638627258524,0.19797505510979016,2.111111111111111,0.0003074131554653655,592,0
1044,1,1,5,6,4,5,0.0004550809756917797,0.9736943941277604,0.09535454836727274,1.0,0.00029154041162159284,633,0
1045,2,2,2,2,0,0,0.0003091610811240256,0.9681625240106089,0.250315668736495,3.0,0.0001266324713834909,1685,0
1046,1,2,1,3,0,1,0.0001420490048286268,0.9208525525051251,0.7371310762651363,8.0,5.246436960106696e-05,4669,0
1047,1,1,1,1,0,0,0.00017505226372091943,0.8864159863168646,0.1767745518405106,2.0,6.689479603964315e-05,3429,0
1048,4,4,4,4,0,0,0.00045402505538097286,0.9658632111732931,0.20872329828473965,2.25,0.00017228560156528524,1186,0
1049,1,1,1,1,0,0,0.0001514659863120841,0.9998568953832133,0.09557515250719688,1.0,5.523628879253444e-05,4321,0
1050,3,3,3,3,0,0,0.0003500445702478612,0.9291887617008243,0.18461113824093234,2.0,0.0001352120963838695,1556,0
1051,2,2,2,2,0,0,0.00022723427906058943,0.9148540379127104,0.09347653207345676,1.0,8.438804264626168e-05,2613,0
1052,1,2,1,2,0,0,0.0001514659863120841,0.9224711800006781,0.09557515250719688,1.0,0.00019099495664438615,1056,0
1053,3,4,40,41,37,37,0.002817520392258681,0.9666694486715386,0.17687932183137206,1.85,0.001050068520505111,118,0
1054,1,1,1,1,0,0,0.00016168464830890365,0.8798511804422074,0.09137791163971663,1.0,0.00014858850132362542,1403,0
1055,2,1,2,1,0,0,0.0002433402237182336,0.9537640935666982,0.09751315159140655,1.0,9.77225241389179e-05,2209,0
1056,2,2,2,2,0,0,0.00042980413334730736,0.9977858273141774,0.36197529084501445,4.0,0.00017663727545315776,1154,0
1057,0,1,2,2,2,1,0.0002256302525784903,0.9271601302510855,0.1402638806076735,1.5,8.938430776710839e-05,2433,0
1014,3,3,3,3,0,0,0.00033805697754041113,0.8402566353216439,0.379448669095928,4.0,0.0001372283089342482,1537,0
1043,11,13,14,16,3,3,0.001165115568456898,0.9687148304475568,0.12800217223407012,1.3571428571428572,0.0005359650856424619,283,0
1058,1,1,1,1,0,0,0.00014405641832117806,0.8402405630251721,0.0920463201894004,1.0,5.642643827805861e-05,4207,0
1059,1,1,1,1,0,0,0.0002004918661134899,0.9537640935666982,0.09767899721560994,1.0,8.18377606895038e-05,2705,0
1060,1,2,1,2,0,0,0.00017505226372091943,0.8561261619620592,0.4419363796012765,5.0,6.689479603964315e-05,3430,0
1061,1,1,1,1,0,0,0.00015418768607328203,0.9804968172301055,0.19287358478682465,2.0,5.55355548526953e-05,4290,0
1062,3,3,6,5,3,2,0.0009398694321800777,0.9948954691757815,0.11487979391545707,1.1666666666666667,0.0003735511744818546,459,0
1063,3,3,3,3,0,0,0.00029159302188182343,0.9688533221145561,0.18964001289419316,2.0,0.00011113007758505302,1926,0
958,4,4,4,4,0,0,0.0005778055169853248,0.8432172993106402,-0.03844381719350426,-0.5,0.00020899787909465093,945,0
1065,3,4,6,4,3,0,0.0006759920046855054,0.8856188864881986,0.2880564549780289,3.1666666666666665,0.00020901918435006363,944,0
1066,2,2,4,4,2,2,0.00032898743717919333,0.9800230339963637,0.0948398909222597,1.0,0.0001159848742005914,1835,0
992,1,0,1,0,0,0,0.00017257463699704332,1.0,0.18884778592331633,2.0,6.8218808321935e-05,3352,0
1068,4,2,4,2,0,0,0.0005628239223656502,0.9953918623134546,0.2894348758761631,3.25,0.00020369350349852886,980,0
1069,1,1,1,1,0,0,0.00013170010331422,0.9980445342722659,0.0955485050872759,1.0,6.65252000718877e-05,3455,0
1070,1,1,1,1,0,0,0.00016832122812323778,0.9299876378015721,0.09748897624663405,1.0,6.20977758488555e-05,3642,0
1071,1,1,1,1,0,0,0.0002447396641181974,0.9925601030422715,0.09948954691778676,1.0,9.699979332781259e-05,2225,0
1073,5,5,5,5,0,0,0.00045632983882455853,0.914301710542401,0.15068380821963198,1.6,0.00016673456045677567,1217,0
1074,1,4,4,4,3,0,0.00040881008445578396,0.910394438524984,-0.654436706825435,-7.0,0.00016108937580929246,1273,0
1075,1,1,1,1,0,0,0.00018390368001949546,0.9484574298360876,0.4502677102328344,5.0,7.760098514268445e-05,2877,0
1076,2,0,2,0,0,0,0.0002392749730151417,1.0,0.49493931657350637,5.5,9.773373225311945e-05,2207,0
1077,1,1,1,1,0,0,0.00017224299880767851,0.9377887094323267,0.1867821375047174,2.0,6.666832628778753e-05,3447,0
1078,11,11,11,11,0,0,0.0028171600757076845,0.9821907633446437,0.2058511092498434,2.090909090909091,0.0011709116877961234,100,0
1079,1,1,1,1,0,0,0.00028004025829873224,0.9970744453750783,0.19643815266884712,2.0,0.00010805374664383556,1978,0
1080,1,1,1,1,0,0,0.00028004025829873224,0.9970744453750783,0.19643815266884712,2.0,0.00010805374664383556,1979,0
1081,1,1,1,1,0,0,0.00028004025829873224,0.9970744453750783,0.19643815266884712,2.0,0.00010805374664383556,1980,0
1082,1,1,1,1,0,0,0.00028004025829873224,0.9970744453750783,0.19643815266884712,2.0,0.00010805374664383556,1981,0
1083,1,1,1,1,0,0,0.00028004025829873224,0.9970744453750783,0.19643815266884712,2.0,0.00010805374664383556,1982,0
1084,4,3,4,3,0,0,0.00047087981196463876,0.8126690382468535,0.4926807739768484,5.25,0.0001942416313602324,1034,0
1085,1,1,1,1,0,0,0.00028004025829873224,0.9970744453750783,0.09821907633442356,1.0,0.00010805374664383556,1983,0
1086,1,1,1,1,0,0,0.00028004025829873224,0.9529255546249217,0.19643815266884712,2.0,0.00010805374664383556,1984,0
1087,1,1,1,1,0,0,0.00028004025829873224,0.9970744453750783,0.19643815266884712,2.0,0.00010805374664383556,1985,0
1088,1,1,1,1,0,0,0.00028004025829873224,0.9529255546249217,0.19643815266884712,2.0,0.00010805374664383556,1986,0
1089,1,1,1,1,0,0,0.00028004025829873224,0.9970744453750783,0.09821907633442356,1.0,0.00010805374664383556,1987,0
1072,0,1,0,1,0,0,8.591635556039835e-05,0.9736197469948117,0.0,0.0,3.5033606158059295e-05,5860,0
1090,1,1,4,4,3,3,0.0005053222871079594,0.9918566005244297,0.12251221251933805,1.25,0.00019146123011808393,1053,0
1091,1,0,1,0,0,0,0.0001448892146210901,1.0,0.2773865272935019,3.0,5.598493712916688e-05,4246,0
1092,12,22,12,22,0,0,0.0009223928205013962,0.9238668217562093,0.24376394745123953,2.6666666666666665,0.0003430845209084486,507,0
1093,1,1,1,1,0,0,0.00012155774252769783,0.9040947993625218,0.09238668217520085,1.0,4.823235354197377e-05,5410,0
1094,3,4,27,31,24,27,0.0020356365932512124,0.9476095960841069,0.19673591410232447,2.074074074074074,0.0007349746145762219,189,0
1095,1,2,4,8,3,6,0.0002980773756203507,0.8966314935581693,0.09550834035569619,1.0,9.718309887048029e-05,2222,0
1096,3,3,3,3,0,0,0.00048728149684738073,0.9840565839885065,0.0981195885564486,1.0,0.00020080419323116765,998,0
1097,1,1,1,1,0,0,0.00022382136450379352,0.9990597942782243,0.09840565839882137,1.0,9.167146450899836e-05,2369,0
1100,10,10,12,12,2,2,0.0011928185311631154,0.9494329950540712,0.2287837010724514,2.5,0.00047302187070155655,322,0
1098,2,2,3,3,1,1,0.0002813346097279458,0.8648052067669421,0.25333542838463097,2.6666666666666665,0.00026552450863811644,716,0
881,1,1,1,1,0,0,0.00015205902153783503,0.9607728955436319,0.1898745486535462,2.0,5.6657874394049445e-05,4176,0
1099,2,2,2,2,0,0,0.00021861133577769423,0.9576444679526539,-0.9424590091153142,-10.0,8.322153558525175e-05,2649,0
1101,1,1,1,1,0,0,0.0001586900766719283,0.9946032740345417,0.09334826000673296,1.0,5.774224133930853e-05,3995,0
1102,1,1,1,1,0,0,0.00016025095895135386,0.9870801104790556,0.29131130894859175,3.0,6.694760060538374e-05,3419,0
1103,1,1,1,1,0,0,0.00015259236884171212,0.9818421945475311,0.09651055129317425,1.0,5.8128185247406116e-05,3974,0
1104,4,5,5,6,1,1,0.0004070843267200712,0.9349747379614423,0.11463294634990939,1.2,0.00015117698513345787,1374,0
1105,2,3,2,3,0,0,0.0002460408354309125,0.9690138774587632,0.14265476237158436,1.5,9.835231867976417e-05,2191,0
1106,2,2,2,2,0,0,0.0002082160239643428,0.916106412818451,0.0934052875684295,1.0,8.141755570584947e-05,2728,0
1107,5,5,6,7,1,2,0.0005784375188932705,0.9691785010601698,0.1434486081792413,1.5,0.00020099037962514427,996,0
1108,1,1,1,1,0,0,0.0001586900766719283,0.9946032740345417,0.09334826000673296,1.0,5.774224133930853e-05,3996,0
461,1,1,1,1,0,0,0.0001703398176107282,0.9813408084255981,0.1954636386205294,2.0,6.808939883507435e-05,3359,0
1109,1,1,1,1,0,0,0.00015725429685098548,0.6163711319002204,0.09645543759044335,1.0,6.235260536441649e-05,3624,0
1110,2,2,2,2,0,0,0.0002559411277190578,0.9987129799317893,0.09479469380262379,1.0,9.769093204513197e-05,2211,0
1111,1,1,1,1,0,0,0.00025236145201078757,0.9773302186243729,0.09815302346490258,1.0,0.00010410768711492786,2072,0
1112,2,3,2,3,0,0,0.0002154468163277247,0.9733697539669677,0.09701024510440862,1.0,7.78529138187391e-05,2866,0
1113,3,3,3,3,0,0,0.00025205905616726356,0.9637938667407029,0.09307747199279297,1.0,0.0001289577353687873,1646,0
1114,2,2,2,2,0,0,0.00019433146363922777,0.961360650154461,0.13906081217856733,1.5,7.094098872322299e-05,3210,0
1116,2,0,2,0,0,0,0.0002164176691999641,1.0,-0.4199925631354423,-4.5,7.926413956281495e-05,2807,0
1117,1,1,1,1,0,0,0.0001586900766719283,0.9946032740345417,0.09334826000673296,1.0,5.774224133930853e-05,3997,0
1118,1,1,1,1,0,0,0.000147858685718142,0.9859989138829649,0.09687148304459425,1.0,6.348759251681674e-05,3562,0
1119,6,4,6,5,0,1,0.0007436950542741913,0.9137146626151357,0.24202080584377964,2.6666666666666665,0.0002585598417948227,740,0
1120,1,1,1,1,0,0,0.00014405641832117806,0.9597594369748279,0.0920463201894004,1.0,5.642643827805861e-05,4208,0
1121,1,1,1,1,0,0,0.0001527254277739658,0.9790020304320546,0.09706254056406505,1.0,0.00010676990161864508,2010,0
1122,1,1,1,1,0,0,0.00016416516497326467,0.6085428374044375,0.8310722576188234,10.0,6.367191651265348e-05,3559,0
1123,1,0,1,0,0,0,0.00020228693851340394,1.0,0.09169625446621443,1.0,6.798680819343142e-05,3367,0
1124,1,1,1,1,0,0,0.0001575962785771571,0.9603450657797448,0.09617718386772728,1.0,6.15239212358722e-05,3681,0
1125,1,1,1,1,0,0,0.00014907197235975337,0.6213815975036566,0.18572187139065566,2.0,5.717155827890028e-05,4111,0
1126,1,1,1,1,0,0,0.00016832122812323778,0.9700123621984279,0.09748897624663405,1.0,6.20977758488555e-05,3643,0
1127,2,3,2,3,0,0,0.00020251958673789676,0.9309160065092762,0.0947497080720787,1.0,7.661552166984961e-05,2919,0
1128,1,1,5,5,4,4,0.00045276910421602557,0.9739293753749623,0.13487831563018432,1.4,0.00019561464676904236,1030,0
1129,3,3,3,3,0,0,0.00034094144547823046,0.948350900398864,0.18542283107598992,2.0,0.00013221710128701232,1596,0
1130,1,3,2,4,1,1,0.00022261652170842434,0.9873657726540439,0.09743368081633633,1.0,9.107872054504435e-05,2393,0
1132,2,2,2,2,0,0,0.00023206428403561995,0.966398602003266,0.19055720443532215,2.0,8.854622858020647e-05,2458,0
1133,3,4,3,4,0,0,0.00033108640341625176,0.8852312399112033,0.4229640266371099,4.666666666666667,0.00014593249112397112,1436,0
1134,2,2,3,3,1,1,0.00029609851327305357,0.8985612266846376,0.09324171958085692,1.0,0.00011176673139637612,1907,0
1136,1,0,1,0,0,0,0.00014590745290978387,1.0,0.0983896240810822,1.0,5.1802936512387635e-05,4791,0
1137,1,0,1,0,0,0,0.00014590745290978387,1.0,0.0983896240810822,1.0,5.1802936512387635e-05,4792,0
1138,1,0,1,0,0,0,0.00015422305671704154,1.0,0.09696707132054015,1.0,6.033135664072303e-05,3837,0
1139,5,5,6,5,1,0,0.0004429965367144592,0.6993985857854824,-0.2239577361915852,-2.8333333333333335,0.0001612042381608311,1270,0
1140,3,0,4,0,1,0,0.00030991464078328516,1.0,-0.1073249442822831,-1.0,0.00011570814199020018,1840,0
1141,1,0,2,0,1,0,0.00017862679458414198,1.0,-0.1880241288232827,-3.5,6.886732393726463e-05,3323,0
1142,1,0,2,0,1,0,0.00017862679458414198,1.0,-0.0831143413461028,-2.0,6.886732393726463e-05,3324,0
1143,4,4,6,4,2,0,0.00037959076629280565,0.6394676236323049,-0.4075200497590948,-5.0,0.0001360192990465512,1552,0
1144,1,0,2,0,1,0,0.00018400810112517525,1.0,-0.1650403920332393,-3.0,7.036120625380422e-05,3240,0
1145,5,2,6,2,1,0,0.0004378802595283014,0.4617577069820318,-0.4879359384344535,-5.166666666666667,0.00016155861389003818,1267,0
1146,1,1,1,1,0,0,0.00022747802534230725,0.9310395317673189,0.09487810658022945,1.0,8.66443050873642e-05,2527,0
1147,2,1,2,3,0,2,0.00029369492339305646,0.9874810023400198,0.09794275982096098,1.0,0.00011616486481698889,1833,0
1135,1,1,1,1,0,0,0.00016069001187286747,0.9989875275548951,0.18891277254380373,2.0,6.122002224460721e-05,3736,0
1148,1,0,1,0,0,0,0.0001421424470481588,1.0,0.1955646778043028,2.0,5.649275403967884e-05,4192,0
1149,1,1,1,1,0,0,0.00016910079014763194,0.9989713799104805,0.09874810023418783,1.0,6.795340520203035e-05,3369,0
1150,1,1,1,1,0,0,0.00015394893005244743,0.9875814961906988,0.09672383136066896,1.0,6.120982871971045e-05,3737,0
1151,1,0,1,0,0,0,0.00015394893005244743,1.0,0.09672383136066896,1.0,6.120982871971045e-05,3738,0
1152,1,1,1,1,0,0,0.00017124321725279097,0.9971411799684281,0.09792551187146074,1.0,6.492432975670168e-05,3515,0
1067,2,2,2,2,0,0,0.0002945105295810321,0.9659308878025704,0.19668419416632704,2.0,0.00010136960146830506,2131,0
1153,1,1,1,1,0,0,0.0003270167736046767,0.9988727295563842,0.0985110532063586,1.0,0.0001280619952970194,1659,0
945,1,0,2,2,1,2,0.00021205011888722052,0.8808468343277521,0.19160072353070073,2.0,7.342720474837778e-05,3078,0
1154,1,1,3,2,2,1,0.0002675904568647801,0.9774145483795688,0.09658441506287342,1.0,0.00033099834133480655,534,0
1155,1,0,1,0,0,0,0.00011754355093457792,1.0,0.08911697311543498,1.0,4.7973170379303496e-05,5418,0
1156,1,1,1,1,0,0,0.0001575962785771571,0.9603450657797448,0.09617718386772728,1.0,6.15239212358722e-05,3682,0
1157,1,1,1,1,0,0,0.00014761153425008188,0.9815946465296937,0.19256902070749238,2.0,5.50181590218634e-05,4352,0
1158,1,1,1,1,0,0,0.0002648308212008312,0.8594841618501997,0.09698432920551595,1.0,0.00010113890808403138,2138,0
1159,2,2,3,3,1,1,0.0004691125938671378,0.9211337711801229,0.2405626735547313,2.6666666666666665,0.00021759898011922853,903,0
1160,1,1,1,1,0,0,0.00021976299560925124,0.8702813367773656,0.09211337711784255,1.0,7.254038303166152e-05,3122,0
1161,1,1,1,1,0,0,0.00014978089356583983,0.9962165415828237,0.09582096413274432,1.0,5.904496796416283e-05,3914,0
1162,15,15,67,70,52,55,0.006164753765295737,0.9799587858801507,0.11797173697787677,1.2238805970149254,0.002287069235463667,36,1
1163,1,1,1,1,0,0,0.0003256605647353808,0.9052825620619185,0.09953918623169483,1.0,0.0001222949298709848,1748,0
1164,2,2,2,2,0,0,0.00027512373826264237,0.9712597608480515,0.14684906461574349,1.5,0.00010154020716971024,2124,0
1165,2,2,3,3,1,1,0.0003963592057901885,0.967153349110795,0.12821061995742908,1.3333333333333333,0.00015081316580940854,1377,0
1166,2,2,4,4,2,2,0.00042171472647957627,0.9588125721712722,0.2727624981163495,3.5,0.00015948070420107846,1288,0
1167,1,1,1,1,0,0,0.00017124321725279097,0.9971411799684281,0.09792551187146074,1.0,6.492432975670168e-05,3516,0
1168,3,3,3,3,0,0,0.0005740322217160267,0.9037308433994641,0.12120399102088902,1.3333333333333333,0.0002115692992306442,932,0
1170,1,1,2,1,1,0,0.00027712001266836034,0.9289895970781101,0.092882682164951,1.0,0.00010142295799386294,2129,0
1171,1,1,1,1,0,0,0.00026849446987273147,0.8809876454225072,0.5986714963901059,6.0,0.0001100682303069038,1941,0
1172,1,0,1,0,0,0,0.00014475365113828764,1.0,0.09773726587741582,1.0,5.8958731280655836e-05,3921,0
1173,1,0,1,0,0,0,0.00014167681498650082,1.0,0.09476095960847997,1.0,5.509386799823003e-05,4340,0
1174,1,0,3,3,2,3,0.00029267829674806036,0.8399501873751132,0.4430617865368747,4.666666666666667,0.00010257756394663888,2100,0
1175,1,1,1,1,0,0,0.0001614848495913763,0.972254512320778,0.09778692653828025,1.0,6.667642427526607e-05,3442,0
1176,1,1,3,4,2,3,0.0002994155625679502,0.9087501149730568,0.09660260365385398,1.0,0.00011295408568117922,1878,0
1177,1,1,1,1,0,0,0.0001440281925029778,0.9632267502654905,0.09662304879232106,1.0,5.562948385401712e-05,4284,0
1178,1,0,1,0,0,0,0.00014699340710455901,1.0,0.09733697539677598,1.0,5.715714555092894e-05,4116,0
1179,1,1,2,3,1,2,0.00031641958713495607,0.9852782614191128,0.14592195732662067,1.5,0.00012349010840562548,1730,0
1180,1,2,1,2,0,0,0.00022382136450379352,0.9677378902975444,0.09840565839882137,1.0,9.167146450899836e-05,2370,0
1181,2,2,2,2,0,0,0.0002527485263460507,0.9831321989158897,0.09610900873152195,1.0,9.460695901207771e-05,2274,0
1182,1,1,1,1,0,0,0.0001514659863120841,0.9498568953832134,0.09557515250719688,1.0,5.523628879253444e-05,4322,0
1169,1,1,1,1,0,0,0.00022747802534230725,0.981039531767319,0.1897562131604589,2.0,8.66443050873642e-05,2528,0
1184,1,0,1,0,0,0,0.00017125700283254026,1.0,0.09416840782478493,1.0,6.672028548330118e-05,3439,0
1185,1,0,15,20,14,20,0.001519880729459441,0.9297892697234469,0.30156570276300626,3.2666666666666666,0.0009660953900578698,128,0
1186,2,2,2,2,0,0,0.0003991659167623063,0.9295714476670117,0.09943147552008004,1.0,0.00015755927232890196,1305,0
1187,2,2,2,2,0,0,0.0005238232603425822,0.9998542244923379,0.14366165514034385,1.5,0.00021587479870125082,911,0
1188,1,1,1,1,0,0,0.00030383857400495323,0.9718308275701719,0.09998542244927151,1.0,0.00012212218206008595,1752,0
1189,1,1,1,1,0,0,0.00016393773191779564,0.9465142711297466,0.0941556814337293,1.0,6.386424777213018e-05,3549,0
1190,1,1,3,2,2,1,0.00032874320511246786,0.9961137013642483,0.09591402549489773,1.0,0.00012258362517486262,1742,0
1191,1,1,1,1,0,0,0.00017290711414363435,0.6990551167959085,0.9662762596911675,10.0,7.48886466771537e-05,3005,0
1192,2,3,3,4,1,1,0.0002832806822474689,0.9716326868123202,0.08881961488048373,1.0,0.00010417030557612254,2070,0
1193,1,1,1,2,0,1,0.0001461816113128944,0.7328506840885667,0.09716326867961272,1.0,5.729109114480346e-05,4087,0
1194,1,1,1,1,0,0,0.0001755680148151982,0.9399846610327935,0.09429681835250048,1.0,7.166422717704378e-05,3176,0
1195,1,1,1,1,0,0,0.00016067419155068067,0.9910141315110617,0.09799587858807841,1.0,6.26247341862869e-05,3593,0
1196,2,2,2,2,0,0,0.0004976640432407468,0.8358893787495312,0.42055027691225644,4.5,0.0002423106198213464,799,0
1197,1,1,2,1,1,0,0.0003602211159557235,0.8397248615438717,-0.006296747997543477,0.0,0.0001651323410457054,1232,0
1183,1,1,2,2,1,1,0.0002616917971819543,0.9086765662222246,0.1907131876357803,2.0,9.29664301416565e-05,2328,0
1199,1,1,2,2,1,1,0.00026536392675749335,0.9675701117061077,0.09365222450773229,1.0,9.492374443206078e-05,2269,0
1200,5,5,5,5,0,0,0.0005882466718021272,0.9671031355457408,0.09524466424432568,1.0,0.0002217629752050643,883,0
1201,2,2,31,38,29,36,0.001996813733848984,0.8663195839286293,0.3626080698503205,3.903225806451613,0.0012288559435259237,95,0
1202,2,2,2,2,0,0,0.00036600791023348766,0.9953918623134546,0.09897224542978772,1.0,0.00016546842653225146,1228,0
1204,1,1,6,7,5,6,0.0004957177761143574,0.9749715915835472,0.09633514858612663,1.0,0.0002961102550153587,621,0
1205,1,2,1,2,0,0,0.00016067419155068067,0.9942315962512144,0.09799587858807841,1.0,6.26247341862869e-05,3594,0
1206,2,1,2,1,0,0,0.0003170236371299128,0.9893980044895555,0.09489812198273415,1.0,0.00012215567372615599,1751,0
1207,5,5,11,12,6,7,0.0008373120454917908,0.9456609637633323,0.2136109593028232,2.272727272727273,0.0003205878435995711,555,0
1208,1,1,1,1,0,0,0.00016067419155068067,0.9910141315110617,0.09799587858807841,1.0,6.26247341862869e-05,3595,0
1209,1,2,1,2,0,0,0.0002293951367537739,0.9516845597061487,0.08856188864885442,1.0,7.932843193808915e-05,2806,0
1210,1,1,1,1,0,0,0.0001858776059294726,0.9976223321221629,0.096710313554774,1.0,7.265185587866208e-05,3113,0
1211,1,0,1,0,0,0,0.00019454570288104678,1.0,-0.998712980258091,-10.0,7.636662311046325e-05,2934,0
1212,1,1,1,1,0,0,0.0001858776059294726,0.9976223321221629,0.193420627109548,2.0,7.265185587866208e-05,3114,0
1213,1,0,1,1,0,1,0.00023229585456660082,0.9485499128822669,0.08842254806260307,1.0,0.0001101782120826894,1938,0
1214,1,2,1,2,0,0,0.00013289867356733407,0.9920307788945225,0.1890706853680523,2.0,5.3338962162482964e-05,4566,0
1215,1,1,1,1,0,0,0.00016067419155068067,0.9910141315110617,0.09799587858807841,1.0,6.26247341862869e-05,3596,0
1216,1,1,1,1,0,0,0.000242085588431157,0.9994861227148939,0.09953918623169483,1.0,0.00010648115278898396,2014,0
1217,4,4,50,53,46,49,0.004060571927004442,0.9555551386930323,0.20719108150640797,2.2,0.002391799178125292,32,1
1218,2,1,2,1,0,0,0.0003346326449443104,0.9861569243347619,0.32981332033594196,3.5,0.0001346834596439934,1566,0
1219,2,3,3,3,1,0,0.0005938424488037012,0.951196520051924,0.1276861513304762,1.3333333333333333,0.00024006810001221804,807,0
1220,1,1,1,2,0,1,0.00016673067461725477,0.7988474051581831,0.47042249055560914,5.0,6.755663655547493e-05,3385,0
1221,1,1,1,1,0,0,0.00016067419155068067,0.9910141315110617,0.09799587858807841,1.0,6.26247341862869e-05,3597,0
1222,2,2,10,10,8,8,0.0007747659424013439,0.9700669117006606,0.15334688107329048,1.6,0.00029858421995616495,613,0
1223,1,1,2,2,1,1,0.00021664032015179723,0.9667406547948638,0.14286799120972918,1.5,7.397486861533636e-05,3054,0
1224,1,1,1,1,0,0,0.00016067419155068067,0.9910141315110617,0.09799587858807841,1.0,6.26247341862869e-05,3598,0
1225,2,2,2,2,0,0,0.00022581367885012883,0.9687092953789288,0.09677569622860158,1.0,8.832131531402651e-05,2462,0
1226,4,4,5,5,1,1,0.0004386250308062768,0.9813188342725981,0.13212841242403636,1.4,0.00015823939967315605,1300,0
1227,3,2,3,2,0,0,0.00027661317937945214,0.980816713761224,0.09736976988208862,1.0,0.00014642723643954147,1429,0
1228,1,1,1,1,0,0,0.0001596575468782625,0.965212869343221,0.09716533732080154,1.0,5.879979399223194e-05,3925,0
1198,1,2,8,10,7,8,0.0007400968659415048,0.961824338706416,0.1300049980921849,1.375,0.00035896011958457745,478,0
1229,1,0,2,2,1,2,0.0002235046268583903,0.9880058162324846,0.09708915622941888,1.0,9.297901993460291e-05,2325,0
1230,3,2,3,2,0,0,0.0003523058219964053,0.9920226405316657,0.09820286117018039,1.0,0.00014656835129385265,1427,0
1231,1,0,3,3,2,3,0.0003607961564641608,0.995720763156295,0.09871093144184297,1.0,0.00013973278521133367,1504,0
1232,1,1,1,1,0,0,0.00015725429685098548,0.6163711319002204,0.09645543759044335,1.0,6.235260536441649e-05,3625,0
1233,1,1,1,1,0,0,0.00015771365734065557,0.9641817867249556,0.09712072473896474,1.0,6.169902583735329e-05,3668,0
1234,1,1,1,1,0,0,0.00017036910534593645,0.9356081494637742,0.09494329950563271,1.0,6.856167571640236e-05,3333,0
1235,1,1,1,1,0,0,0.0001575962785771571,0.9603450657797448,0.09617718386772728,1.0,6.15239212358722e-05,3683,0
1237,1,2,2,3,1,1,0.000206816302285949,0.9819069824998726,0.14293599367336474,1.5,8.079044912596964e-05,2747,0
1238,1,0,2,0,1,0,0.0002081062168271298,1.0,0.09536889060796813,1.0,8.040200324777837e-05,2765,0
1239,3,4,7,9,4,5,0.0006378991858293007,0.9853232256700533,0.12232810096180857,1.2857142857142858,0.00024443281690370304,792,0
1240,1,1,1,1,0,0,0.00018300910030381222,0.96329598851941,0.2708904206644382,3.0,6.599858061276246e-05,3480,0
1241,2,2,2,2,0,0,0.0003384268721047654,0.9989382707316886,0.09809556021884774,1.0,0.00013916193979107981,1513,0
1242,1,1,3,3,2,2,0.000359821127145072,0.9698885638490666,0.09755022175657412,1.0,0.00014090773464034442,1494,0
1243,4,4,5,5,1,1,0.0004041179749196711,0.9143104717289264,0.20409449283798353,2.2,0.00015085575378676974,1376,0
1244,1,1,5,4,4,3,0.0004016400310679338,0.9530032562175689,0.13496774483003143,1.4,0.0001457395287150649,1437,0
1245,1,1,22,22,21,21,0.0019216524880681526,0.9755543797469792,0.12707792355590075,1.3181818181818181,0.0009837206455318283,125,0
1246,1,0,1,0,0,0,0.0001363558952304881,1.0,0.6324686025877566,7.0,5.243382312992852e-05,4684,0
1247,1,0,2,2,1,2,0.0005756151953942484,0.9408163637723395,0.19143495297082916,2.0,0.0001558999047254521,1326,0
1248,0,0,1,1,1,1,0.00016067419155068067,0.9910141315110617,0.09799587858807841,1.0,6.26247341862869e-05,3599,0
1249,0,0,2,2,2,2,0.00036600791023348766,0.9953918623134546,0.1463136203095241,1.5,0.0001453804731494862,1440,0
1250,0,0,1,1,1,1,0.0002425443760043409,0.9578068839322539,0.09542425105365855,1.0,9.590974317601841e-05,2246,0
1252,0,0,12,13,12,13,0.0009252525295783588,0.9699253989081345,0.11902748044285184,1.25,0.00033290312133787427,530,0
1251,0,0,2,2,2,2,0.0006326070849295315,0.9689814151358,0.37556851950467085,4.0,0.00021037580943455124,941,0
1253,0,0,2,2,2,2,0.00024040281222784758,0.9593648139461427,0.1964780678169005,2.0,9.392026494615877e-05,2297,0
1236,0,0,2,2,2,2,0.00046935229526245774,0.9328002401193225,0.19006552182472772,2.0,0.00018150968269866106,1119,0
1254,0,0,1,1,1,1,0.00019036965668960332,0.9892708448897348,0.09951155138520784,1.0,7.619395947822638e-05,2946,0
1255,0,0,1,1,1,1,0.000242085588431157,0.9731568101547621,0.09953918623169483,1.0,9.787199463725643e-05,2206,0
1256,0,0,1,1,1,1,0.00014907197235975337,0.9286184024963434,0.09286093569532783,1.0,5.717155827890028e-05,4112,0
1257,0,0,16,14,16,14,0.001432632922342087,0.8821638841644249,0.27116662554410215,2.875,0.000523057939600539,293,0
1258,0,0,1,1,1,1,0.00015004256151656678,0.9678669898543839,0.09496323000143367,1.0,0.00010234826697573671,2106,0
1259,0,0,1,1,1,1,0.00015105584285984652,0.9464044592467961,0.09555551386912475,1.0,6.07301872857989e-05,3806,0
1260,0,0,3,3,3,3,0.00047800031066376914,0.7093102074538251,0.3155387293039664,4.333333333333333,0.00018874576001596548,1069,0
1261,0,0,1,1,1,1,0.0002211165850222588,0.6577693646519832,0.7093102158686637,10.0,8.801161660750507e-05,2471,0
1262,0,0,3,3,3,3,0.0002747230681003918,0.9868655779430269,0.12877866496124488,1.3333333333333333,0.00011017141694599905,1939,0
1263,0,0,3,3,3,3,0.0002997867785683191,0.9641385976681462,0.15485243711876168,1.6666666666666667,0.00011256538086003411,1884,0
1264,0,0,2,2,2,2,0.00022581367885012883,0.9687092953789288,0.09677569622860158,1.0,8.832131531402651e-05,2463,0
1265,0,0,1,1,1,1,0.00016067419155068067,0.9910141315110617,0.09799587858807841,1.0,6.26247341862869e-05,3600,0
1266,0,0,2,2,2,2,0.0002208467465106892,0.9899250405150787,0.0982641005773481,1.0,8.558245495987748e-05,2565,0
1269,0,0,4,3,4,3,0.0004337690478607041,0.9840612503447153,0.12118815305877352,1.25,0.0001654760025679065,1227,0
1270,0,0,3,3,3,3,0.0003360918740734055,0.9780278601254635,0.09612776978410541,1.0,0.00012764196892714209,1674,0
1271,0,0,1,1,1,1,0.00016067419155068067,0.9910141315110617,0.09799587858807841,1.0,0.00042535670423403236,370,0
1272,0,0,2,2,2,2,0.00036977851474250467,0.9987732125069149,0.14460170745710074,1.5,0.00031156006531072797,584,0
1273,0,0,1,1,1,1,0.00024307464490698767,0.9723008537285504,0.09987732125068811,1.0,5.9190067541096475e-05,3903,0
1064,0,0,4,4,4,4,0.0006001245212451469,0.9707187581867948,0.14477347920729305,1.5,0.00023423194079154558,830,0
1274,0,0,1,1,1,1,0.00021292566737871562,0.9776132603963534,0.1941437516372915,2.0,8.400268127305725e-05,2623,0
1268,0,0,15,13,15,13,0.0010819784598132807,0.9294280524669699,0.2102282659464455,2.2666666666666666,0.00037971582746109534,445,0
1275,0,0,5,5,5,5,0.0005534507555893184,0.9761950926010753,0.13414249474825363,1.4,0.0001929708109741221,1043,0
1276,0,0,1,1,1,1,0.00021292566737871562,0.9776132603963534,0.1941437516372915,2.0,8.400268127305725e-05,2624,0
1277,0,0,6,7,6,7,0.000563802143994261,0.7938050321341573,0.08751420978210174,1.5,0.0002874221435301447,644,0
1278,0,0,1,1,1,1,0.00017295211257918738,0.9144166872279489,0.08821638838983395,1.0,6.688424686849039e-05,3431,0
1279,0,0,2,1,2,1,0.0002101860424705787,0.9555507762003174,0.09568891773028196,1.0,7.912758904432435e-05,2811,0
1280,0,0,1,1,1,1,0.00019825157272810047,0.9641053099787146,0.19343066982214335,2.0,7.792205206680084e-05,2862,0
1281,0,0,49,48,49,48,0.004283658829728387,0.9690942649416536,0.11192096498790001,1.163265306122449,0.0014595996092933697,74,0
1282,0,0,2,2,2,2,0.00023610772937854237,0.9071008576341972,0.2669714388222488,3.0,8.902219898933139e-05,2444,0
1283,0,0,1,1,1,1,0.00014761153425008188,0.9684053534703063,0.09628451035374619,1.0,5.50181590218634e-05,4353,0
1284,0,0,1,1,1,1,0.0003532720235692315,0.9377842597523354,0.48449070757237084,5.0,0.00012244726219100028,1744,0
713,0,0,1,0,1,0,0.0001363558952304881,1.0,-0.9035265751253666,-10.0,5.243382312992852e-05,4685,0
1285,0,0,1,1,1,1,0.00015725429685098548,0.6163711319002204,0.09645543759044335,1.0,6.235260536441649e-05,3626,0
1287,0,0,1,0,1,0,0.00016910079014763194,1.0,0.09874810023418783,1.0,6.795340520203035e-05,3370,0
1131,0,0,2,2,2,2,0.00023682009684627265,0.9935029290254118,0.18657606661459986,2.0,9.315005588891607e-05,2318,0
1288,0,0,2,2,2,2,0.0002175873759265426,0.9689392507903043,0.09728340397440474,1.0,7.829325159020054e-05,2852,0
1289,0,0,1,1,1,1,0.00017295211257918738,0.985583312772051,0.1764327767796679,2.0,0.0002333313773091126,835,0
1290,0,0,10,11,10,11,0.0007596685813884635,0.9670696466339342,0.1433202397495976,1.9,0.0002790699021259478,667,0
1291,0,0,2,2,2,2,0.000304357597159832,0.7512010105218011,0.4408652760503749,5.5,0.00012222521569937536,1749,0
1267,0,0,11,12,11,12,0.000937598674308643,0.8714851674964338,0.20401330591923414,2.1818181818181817,0.00045791335201922253,335,0
1292,0,0,5,5,5,5,0.00043669528509502383,0.9914197644513113,0.15327228569180376,1.6,0.00015093808479551906,1375,0
1293,0,0,1,2,1,2,0.00015443859119016205,0.6441118776033201,0.07938050321487589,1.0,8.176876697001562e-05,2707,0
1294,0,0,1,0,1,0,0.00014590745290978387,1.0,0.0983896240810822,1.0,5.1802936512387635e-05,4793,0
1295,0,0,2,2,2,2,0.0002349884396566013,0.9818989464769479,0.0977594168062321,1.0,0.00021021414786401494,942,0
1296,0,0,2,1,2,1,0.00024319503792429405,0.9692510136205461,0.09508090763571365,1.0,8.830937262611331e-05,2465,0
1297,0,0,1,0,1,0,0.00014241822263897914,1.0,0.09703437918652137,1.0,5.589589001629738e-05,4254,0
1298,0,0,1,1,1,1,0.00014167681498650082,0.9516320429488377,0.09476095960847997,1.0,5.509386799823003e-05,4341,0
1299,0,0,3,3,3,3,0.00027444163344741626,0.9745895842614145,0.09549961456543171,1.0,9.45718335338076e-05,2275,0
1300,0,0,2,2,2,2,0.00022382956397137645,0.9705038666406689,0.09445188693792886,1.0,8.343882246704813e-05,2640,0
1301,0,0,4,4,4,4,0.00040894403318033484,0.9785020973982572,0.09591400396162808,1.0,0.00014706947817289234,1420,0
1302,0,0,8,9,8,9,0.0006722844264665717,0.9254708296511391,0.1559137476714303,1.625,0.00023567886413519137,824,0
1304,0,0,1,1,1,1,0.0001620449332286825,0.9856349444003019,0.0969914763526932,1.0,6.187706992638321e-05,3662,0
1305,0,0,1,1,1,1,0.00014590745290978387,0.9775334358008638,0.0983896240810822,1.0,5.1802936512387635e-05,4794,0
1306,0,0,1,1,1,1,0.00028775538566927175,0.9549672390876361,0.09328002401192778,1.0,0.00011488302467076327,1853,0
1307,0,0,2,2,2,2,0.0002564364622662774,0.9672111304541107,0.09613084447909204,1.0,9.295135936776849e-05,2329,0
1308,0,0,3,0,3,0,0.00023723212860858112,1.0,-0.931393080627872,-10.0,8.599907803384818e-05,2552,0
1309,0,0,1,1,1,1,0.00016712264506993526,0.9983624579072194,0.09706312295940957,1.0,7.552363378612046e-05,2966,0
1310,0,0,3,3,3,3,0.0003145778601872871,0.9712920953147947,0.1274710856939364,1.3333333333333333,0.00010693974693542718,2004,0
1311,0,0,1,1,1,1,0.00016712264506993526,0.9983624579072194,0.09706312295940957,1.0,7.552363378612046e-05,2967,0
1312,0,0,12,12,12,12,0.0011740114319585121,0.9779411802363042,0.09802083984575309,1.0,0.0004283669723365766,367,0
1286,0,0,3,3,3,3,0.0003079139848802219,0.984871602692731,0.09724850224708566,1.0,0.00013314874909846144,1583,0
1303,0,0,1,1,1,1,0.00014356354014194303,0.946001105417788,0.2708209996940005,3.0,5.1672289567287956e-05,5118,0
1313,0,0,1,1,1,1,0.0001816786262759951,0.9754363924192829,0.09426581037010565,1.0,6.536023133954088e-05,3498,0
1314,0,0,1,0,1,0,0.00014590745290978387,1.0,0.0983896240810822,1.0,5.1802936512387635e-05,4795,0
1315,0,0,4,4,4,4,0.0003604620951151022,0.9739384345465703,0.09621020763175742,1.0,0.0001506909374335438,1380,0
1316,0,0,14,7,14,7,0.0008692579195813098,0.9373927158474488,0.2547860128690753,2.7142857142857144,0.0009124032881445638,140,0
1317,0,0,89,95,89,95,0.006258179839310946,0.9583462284765847,0.172610186428257,1.8314606741573034,0.0023531740569961686,35,1
1318,0,0,3,4,3,4,0.00024784652349492614,0.8828922645756483,0.12247028587930513,1.3333333333333333,0.00040593347343240805,399,0
1319,0,0,5,5,5,5,0.00040922028924014406,0.9769080632495422,0.11525735947359603,1.2,0.00013785610588657328,1530,0
1320,0,0,2,3,2,3,0.00022430571844335255,0.9957261733369216,0.09443544504276244,1.0,8.666202728058924e-05,2520,0
1321,0,0,1,1,1,1,0.00014432095066499765,0.9615603390843139,0.09666694486720726,1.0,5.398345617178778e-05,4503,0
1322,0,0,8,8,8,8,0.000607457533485149,0.9814416111668293,0.09646248086306604,1.0,0.000227670759502012,863,0
1323,0,0,1,1,1,1,0.00016067419155068067,0.9910141315110617,0.09799587858807841,1.0,6.26247341862869e-05,3601,0
1324,0,0,1,1,1,1,0.00020648999479894712,0.974817274415889,0.0943275901002687,1.0,0.00010430418892047632,2065,0
1325,0,0,4,5,4,5,0.0004343754595632145,0.9606700661839447,0.14542999707818535,1.5,0.00016181175992008005,1265,0
1326,0,0,1,1,1,1,0.00014964098615948292,0.6981413021081786,0.6438522910654283,10.0,6.058909096260774e-05,3824,0
1328,0,0,5,5,5,5,0.0004269057063006509,0.9058349804849584,0.2711244788314615,3.0,0.0001475008399680071,1414,0
1329,0,0,1,1,1,1,0.00014952687503648362,0.7413461243654822,-0.9957261733455524,-10.0,5.969809737328573e-05,3872,0
1327,0,0,2,0,2,0,0.0002765904456256902,1.0,-0.41730775126903574,-4.5,0.00012636929391669449,1688,0
1330,0,0,1,1,1,1,0.00016067419155068067,0.9910141315110617,0.09799587858807841,1.0,6.26247341862869e-05,3602,0
1331,0,0,2,2,2,2,0.000190231873531621,0.9550751985733528,0.18389454932593097,2.0,0.0003207235285934016,554,0
1332,0,0,8,7,8,7,0.0006714574917676027,0.9796211601172231,0.13083887866625468,1.375,0.00024515197382029755,787,0
1333,0,0,1,1,1,1,0.00016067419155068067,0.9910141315110617,0.09799587858807841,1.0,6.26247341862869e-05,3603,0
1115,0,0,2,2,2,2,0.00020084286232395179,0.9797201494751214,0.14360851057843724,1.5,7.052954734371323e-05,3231,0
1335,0,0,1,0,1,0,0.00015205902153783503,1.0,0.0949372743267731,1.0,5.6657874394049445e-05,4177,0
1336,0,0,1,1,1,1,0.00015105584285984652,0.9464044592467961,0.09555551386912475,1.0,6.07301872857989e-05,3807,0
1337,0,0,2,2,2,2,0.0002166639205127921,0.9612096514138205,0.0956662146633637,1.0,7.66195708997957e-05,2918,0
1334,0,0,46,39,46,39,0.0029306165399346075,0.9692274885369978,0.13010729182534972,1.3695652173913044,0.0031130960277229052,19,1
1338,0,0,3,3,3,3,0.0002965836559855069,0.9760142050764657,0.12993478965592087,1.3333333333333333,9.936905489781985e-05,2171,0
1340,0,0,1,7,1,7,0.00014371162722672732,0.5858678299858471,0.9484139436706595,10.0,5.343593638319859e-05,4547,0
1341,0,0,1,1,1,1,0.0001937991136286849,0.988743893740331,0.09918566005251728,1.0,7.651063856740034e-05,2927,0
1342,0,0,2,2,2,2,0.00020035882505496262,0.9461566546411074,0.09529092554993873,1.0,7.326672652265019e-05,3089,0
1343,0,0,1,1,1,1,0.00015531508296418335,0.942602062318304,0.09643760322370382,1.0,6.109193665429593e-05,3744,0
1344,0,0,2,2,2,2,0.00022273576587660527,0.9533747625132705,0.09586634886842602,1.0,8.722050236361182e-05,2503,0
1345,0,0,6,4,6,4,0.0006382536627130199,0.9867824713168087,0.09656153916293837,1.0,0.00023717447535424063,817,0
1346,0,0,2,2,2,2,0.0002234497440138027,0.9918029775421233,0.0968419613317696,1.0,8.597923846605726e-05,2553,0
1347,0,0,1,1,1,1,0.00013713479680239985,0.9845851013641116,0.09607884121244843,1.0,5.222600316945544e-05,4724,0
1348,0,0,32,35,32,35,0.002137706782126784,0.9743744508943745,0.12217344248068025,1.28125,0.0007397833244741776,186,0
1349,0,0,3,3,3,3,0.0004402937906057122,0.970756300512116,0.09739938190405201,1.0,0.000176074678039542,1157,0
1350,0,0,1,1,1,1,0.0001687820182636611,0.9990104199228765,0.09779411802488351,1.0,6.47933771757955e-05,3523,0
1351,0,0,1,1,1,1,0.0001463278966259911,0.9534186404476425,0.09426559971758897,1.0,5.6055843984075706e-05,4237,0
1352,0,0,29,23,29,23,0.0017820257343299155,0.926496025033458,0.19653214952111653,2.103448275862069,0.0022602037092422497,37,1
1353,0,0,11,12,11,12,0.0008069203734752936,0.8833349220141746,0.1373769201146694,1.4545454545454546,0.00028199527228208,659,0
1354,0,0,5,6,5,6,0.00046955500990969196,0.931425165644149,0.25002561446045213,2.6,0.00018166477346700296,1117,0
1355,0,0,1,1,1,1,0.00021039033803519881,0.998699690952026,0.09707563005248612,1.0,8.458682823001389e-05,2603,0
1356,0,0,2,2,2,2,0.00022877311561304657,0.9882719278618702,0.09809187105298287,1.0,8.156270753012383e-05,2717,0
1357,0,0,5,4,5,4,0.00043458273287053074,0.9683646532300201,-0.23121827114015972,-2.4,0.0001492973643233367,1390,0
1358,0,0,4,3,4,3,0.00042638967006239565,0.8619922799928771,0.3204834434475223,3.5,0.00016085933692516123,1274,0
1359,0,0,2,2,2,2,0.00028645282578623917,0.9528620442994634,0.22834877681100618,2.5,0.00010749563246533838,1996,0
1360,0,0,1,1,1,1,0.00014306907112725633,0.9813115399426653,0.08833349220198773,1.0,5.4994254621186645e-05,4354,0
1361,0,0,1,0,1,0,0.00014590745290978387,1.0,0.0983896240810822,1.0,5.1802936512387635e-05,4796,0
1362,0,0,2,3,2,3,0.00022877311561304657,0.9870414721302043,0.09809187105298287,1.0,8.156270753012383e-05,2718,0
1363,0,0,9,6,9,6,0.0005963513758547539,0.9258585722450584,0.18765692447050789,2.111111111111111,0.0008063396411869394,159,0
1364,0,0,1,1,1,1,0.00015690975946283442,0.9490068812595297,0.09435488602922759,1.0,5.674182544257835e-05,4152,0
1365,0,0,1,1,1,1,0.0001687820182636611,0.9990104199228765,0.09779411802488351,1.0,6.47933771757955e-05,3524,0
1366,0,0,31,29,31,29,0.002307302879782168,0.9694746450932634,0.16915912663164367,1.8064516129032258,0.0009398329512966447,133,0
1367,0,0,1,0,1,0,0.0001535048992426729,1.0,0.4847373225468139,5.0,5.496112839135551e-05,4357,0
1368,0,0,19,17,19,17,0.0015960551252547001,0.9476636587449467,0.1680683793546242,2.0,0.0005383849982620184,282,0
1369,0,0,3,3,3,3,0.0002524311779861672,0.9666456002787426,0.09345657551172822,1.0,9.659829663206857e-05,2229,0
1370,0,0,4,4,4,4,0.00033771946300623296,0.9660397964248845,0.09441078683111963,1.0,0.00012409977262646798,1719,0
1371,0,0,1,2,1,2,0.0001687820182636611,0.9654478003614817,0.09779411802488351,1.0,6.47933771757955e-05,3525,0
1372,0,0,1,1,1,1,0.00015088230435856748,0.9555507762003174,0.09681173908472036,1.0,5.643903251657753e-05,4203,0
1373,0,0,1,1,1,1,0.00016067419155068067,0.9589858684889384,0.09799587858807841,1.0,6.26247341862869e-05,3604,0
1374,0,0,1,1,1,1,0.00020667510630105948,0.9847721640421333,0.19487913088653086,2.0,8.144376237492401e-05,2722,0
1377,0,0,12,13,12,13,0.001241699505277156,0.9819978244683377,0.1545329256251817,1.6666666666666667,0.0004615180899252002,334,0
1378,0,0,1,1,1,1,0.0001670801648028579,0.8272664628125909,0.09819978244664876,1.0,6.506368737854873e-05,3507,0
1379,0,0,6,5,6,5,0.000495413427484222,0.970762792498628,0.06471466543456966,0.6666666666666666,0.0001842692314380262,1098,0
1380,0,0,1,1,1,1,0.00022126333525879178,0.9982807695814692,0.09867824713158856,1.0,8.505446480349585e-05,2586,0
1381,0,0,1,1,1,1,0.00016570947356046395,0.5840341896773121,0.28429909762309286,3.0,6.193228743032286e-05,3654,0
1382,0,0,1,1,1,1,0.00014590745290978387,0.9775334358008638,0.0983896240810822,1.0,5.1802936512387635e-05,4797,0
1383,0,0,47,63,47,63,0.0033848143219913003,0.9208264272405048,0.16725395808612,1.7872340425531914,0.0021546671062960196,41,1
1384,0,0,7,6,7,6,0.000538135472514251,0.8587714129759466,0.1181136481147765,1.2857142857142858,0.00018384459430144775,1103,0
1385,0,0,2,2,2,2,0.0002253142203823404,0.8061623867231342,0.08936903849635683,1.0,8.321166264874622e-05,2650,0
1387,0,0,1,0,1,0,0.0001670801648028579,1.0,-0.9819978244664875,-10.0,6.506368737854873e-05,3508,0
1388,0,0,1,1,1,1,0.0001670801648028579,0.9727335371874092,0.09819978244664876,1.0,6.506368737854873e-05,3509,0
1390,0,0,1,1,1,1,0.0001670801648028579,0.9727335371874092,0.09819978244664876,1.0,6.506368737854873e-05,3510,0
1391,0,0,2,2,2,2,0.00019088182842686878,0.9547837706527642,0.09332436954993556,1.0,8.548573953174773e-05,2569,0
1393,0,0,4,0,4,0,0.0003044619837168214,1.0,-0.5865018055469995,-6.5,0.00010600607168056147,2028,0
1392,0,0,2,1,2,1,0.00020150746935063894,0.9786184024963434,0.1876741655539099,2.0,7.110689405398623e-05,3198,0
1394,0,0,6,5,6,5,0.0004343106001592371,0.9586120359099504,0.09602110754178626,1.0,0.0002980904688383573,615,0
1395,0,0,1,0,1,0,0.0001261536339709429,1.0,0.184170510501015,2.0,4.988592006629939e-05,5274,0
1397,0,0,1,1,1,1,0.00015233998189647402,0.947993347040383,0.08714851674979149,1.0,5.450289857081372e-05,4447,0
1399,0,0,1,1,1,1,0.0001562097375703302,0.9034362384569541,0.09377820878343172,1.0,5.814249767859831e-05,3971,0
1396,0,0,59,64,59,64,0.004500747677814835,0.9572237756713254,0.18632371642709875,1.9830508474576272,0.0027146357486212036,25,1
1389,0,0,1,2,1,2,0.00014167681498650082,0.9234888961065026,0.09476095960847997,1.0,7.966989802843814e-05,2792,0
1400,0,0,12,12,12,12,0.0010914477019894377,0.9844299105547785,0.12034419764951258,1.25,0.0003138949810556256,578,0
1401,0,0,3,4,3,4,0.0003415415757633197,0.950302762988712,0.09642152452910165,1.0,0.00012582357019393203,1691,0
1402,0,0,4,4,4,4,0.00032784950557560846,0.9664272288297165,0.0949331248360979,1.0,0.00012424889175794955,1715,0
1403,0,0,3,2,3,2,0.00026016159790063923,0.9857144069161475,0.12413337425713937,1.3333333333333333,0.0004052298872688863,402,0
1375,0,0,4,4,4,4,0.000363307239333544,0.9739803707173198,0.1703295205285319,1.75,0.00013167095264317774,1607,0
1404,0,0,3,3,3,3,0.0002765499789100113,0.9821961163210764,0.0962461340122363,1.0,9.616946564392622e-05,2239,0
1405,0,0,1,1,1,1,0.00014590745290978387,0.9775334358008638,0.0983896240810822,1.0,5.1802936512387635e-05,4798,0
1406,0,0,4,4,4,4,0.00042906789821498805,0.9861890056203076,0.09692526815249732,1.0,0.00015680241495509337,1315,0
1407,0,0,1,1,1,1,0.0001575962785771571,0.9603450657797448,0.19235436773545456,2.0,6.15239212358722e-05,3684,0
1408,0,0,1,1,1,1,0.00016570947356046395,0.9340341896773121,0.28429909762309286,3.0,6.193228743032286e-05,3655,0
1409,0,0,1,1,1,1,0.0001527254277739658,0.9790020304320546,0.09706254056406505,1.0,5.6533608675833744e-05,4186,0
1410,0,0,2,2,2,2,0.00031641958713495607,0.9735474155889918,0.09783336539275703,1.0,0.00012349010840562548,1731,0
1411,0,0,2,2,2,2,0.0002390752064646228,0.9854723383281278,0.1426763775636129,1.5,8.600960205026886e-05,2551,0
1412,0,0,7,8,7,8,0.000506252023806103,0.9705726483571198,0.12203075825279165,1.2857142857142858,0.0004011873291130541,410,0
1413,0,0,5,5,5,5,0.0005522115508019672,0.9660656241640277,0.210567951205352,2.2,0.00018590416838696765,1087,0
1414,0,0,1,0,1,0,0.00014590745290978387,1.0,0.0983896240810822,1.0,5.1802936512387635e-05,4799,0
1415,0,0,2,2,2,2,0.0002110583621225707,0.982408412948257,0.14208980553933537,1.5,7.649079802348694e-05,2929,0
1376,0,0,6,10,6,10,0.00048554129428981336,0.9065517491154172,0.19065500512756842,2.0,0.00018413570420141635,1101,0
1416,0,0,1,1,1,1,0.0001463278966259911,0.9534186404476425,0.09426559971758897,1.0,5.6055843984075706e-05,4238,0
1417,0,0,3,4,3,4,0.00028633228058020375,0.9591817097951837,0.09523492052337083,1.0,9.96134870076247e-05,2166,0
1418,0,0,1,1,1,1,0.0001585119663243636,0.9982107622645509,0.09503027629883709,1.0,6.17933943986413e-05,3666,0
1419,0,0,1,1,1,1,0.00015233998189647402,0.947993347040383,0.08714851674979149,1.0,5.450289857081372e-05,4448,0
1420,0,0,1,1,1,1,0.00015105584285984652,0.853595540753204,0.4777775693456237,5.0,0.00014263226642520808,1469,0
1421,0,0,1,2,1,2,0.00013835185255128393,0.980918888804966,0.09481322985858207,1.0,4.896894193314525e-05,5384,0
1422,0,0,2,4,2,4,0.00018765690874923214,0.9760201887077099,0.1431849636576515,1.5,7.317030744765737e-05,3092,0
1423,0,0,1,1,1,1,0.0001463278966259911,0.9965813595523576,0.18853119943517793,2.0,5.6055843984075706e-05,4239,0
1424,0,0,1,1,1,1,0.00015418768607328203,0.9804968172301055,0.09643679239341232,1.0,5.55355548526953e-05,4291,0
1425,0,0,1,1,1,1,0.0001575962785771571,0.9896549342202552,0.2885315516031818,3.0,6.15239212358722e-05,3685,0
1426,0,0,3,3,3,3,0.0002963616592953211,0.9806547641359729,0.09771040220510951,1.0,0.00010149022976342006,2126,0
1427,0,0,1,1,1,1,0.0002447396641181974,0.9925601030422715,0.09948954691778676,1.0,9.699979332781259e-05,2226,0
1428,0,0,1,0,1,0,0.00015205902153783503,1.0,0.0949372743267731,1.0,5.6657874394049445e-05,4178,0
1429,0,0,1,1,1,1,0.0001463278966259911,0.9534186404476425,0.09426559971758897,1.0,5.6055843984075706e-05,4240,0
1430,0,0,1,1,1,1,0.0001463278966259911,0.9465813595523576,0.18853119943517793,2.0,5.6055843984075706e-05,4241,0
1431,0,0,1,1,1,1,0.00014190372026028157,0.9636949067858716,0.09583462284764409,1.0,5.2400584617543963e-05,4687,0
1432,0,0,2,2,2,2,0.00034298669567862016,0.9884786850260966,0.09917416619502495,1.0,0.00012890370101447364,1649,0
1433,0,0,1,1,1,1,0.0002323229981613611,0.9995870830975124,0.0988478685026587,1.0,9.08185734676596e-05,2402,0
1434,0,0,1,1,1,1,0.00014590745290978387,0.9775334358008638,0.0983896240810822,1.0,5.1802936512387635e-05,4800,0
1435,0,0,1,1,1,1,0.00020667510630105948,0.9847721640421333,0.19487913088653086,2.0,8.144376237492401e-05,2723,0
1436,0,0,4,3,4,3,0.00034650478287684286,0.983483923432272,0.11949806716467704,1.25,0.00012332069309330872,1734,0
1439,0,0,5,4,5,4,0.0004340752876219856,0.9567929257452773,0.2096031418395315,2.2,0.0001470647373682624,1421,0
1440,0,0,1,0,1,0,0.00014590745290978387,1.0,0.0983896240810822,1.0,5.1802936512387635e-05,4801,0
1441,0,0,2,2,2,2,0.0002251449949400009,0.9708489658960935,0.097147485085636,1.0,8.166816782665511e-05,2712,0
1442,0,0,2,3,2,3,0.00022479703417771068,0.9670907542700907,0.09636042559496315,1.0,8.449637511997156e-05,2604,0
1438,0,0,3,4,3,4,0.00029264803923636856,0.9627336904956649,0.160567658161176,1.6666666666666667,0.00010458684846819724,2057,0
1203,0,0,1,1,1,1,0.0001575962785771571,0.9603450657797448,0.09617718386772728,1.0,6.15239212358722e-05,3686,0
1444,0,0,2,2,2,2,0.00022015468683308007,0.9874790482080714,0.09690027751848637,1.0,8.191905183966201e-05,2696,0
1445,0,0,1,0,1,0,0.00014590745290978387,1.0,0.0983896240810822,1.0,5.1802936512387635e-05,4802,0
1443,0,0,3,2,3,2,0.0002230776560409282,0.9570117338193119,-0.6392543903206638,-7.0,8.041792593613496e-05,2763,0
1446,0,0,2,1,2,1,0.0002056912951636815,0.9568381417864507,0.09705600082417026,1.0,6.603714363845605e-05,3476,0
1447,0,0,4,4,4,4,0.00031930462143065516,0.9527879447300669,0.09519182549625724,1.0,0.00011941872251280882,1792,0
1386,0,0,106,115,106,115,0.0070943829824261445,0.94813229858503,0.2235639387697595,2.358490566037736,0.0028230731913239187,23,1
1448,0,0,1,1,1,1,0.00013157809031485751,0.8336269790430599,0.09208264272402757,1.0,6.279718300400093e-05,3585,0
1449,0,0,1,1,1,1,0.00016067419155068067,0.9910141315110617,0.09799587858807841,1.0,6.26247341862869e-05,3605,0
1450,0,0,1,0,1,0,0.00014590745290978387,1.0,0.0983896240810822,1.0,5.1802936512387635e-05,4803,0
1451,0,0,8,7,8,7,0.0006466212088892924,0.9377952544964883,0.16553524552345383,1.75,0.00021692257343959736,904,0
1452,0,0,1,1,1,1,0.00014590745290978387,0.9775334358008638,0.0983896240810822,1.0,5.1802936512387635e-05,4804,0
1453,0,0,4,2,4,2,0.00035433176938901153,0.9758671553330549,0.14459438386145235,1.5,0.0002546303582217301,752,0
1454,0,0,1,1,1,1,0.0001575962785771571,0.9896549342202552,0.19235436773545456,2.0,6.15239212358722e-05,3687,0
1455,0,0,1,1,1,1,0.00016447110529667157,0.967232377238273,0.09377952544979677,1.0,6.138733601909088e-05,3704,0
1456,0,0,3,4,3,4,0.0002806714004683182,0.9672910030676838,0.12918154690579628,1.3333333333333333,0.00010103412881683098,2140,0
1457,0,0,2,2,2,2,0.00019799337073625809,0.9618136285811111,0.14317778001207035,1.5,7.043941665152777e-05,3237,0
1458,0,0,4,4,4,4,0.0004485690453341555,0.9832355372361606,0.09787642013182248,1.0,0.0001737661726574561,1176,0
1459,0,0,1,0,1,0,0.00014590745290978387,1.0,0.0983896240810822,1.0,5.1802936512387635e-05,4805,0
1460,0,0,1,0,1,0,0.00014590745290978387,1.0,0.0983896240810822,1.0,5.1802936512387635e-05,4806,0
1461,0,0,2,2,2,2,0.00035745571176903186,0.973297367944706,0.1876684040206376,2.0,0.0001361216173315533,1550,0
1462,0,0,2,2,2,2,0.00022273576587660527,0.9569703032664744,0.1436441058029884,1.5,0.00010398983271794016,2076,0
1464,0,0,7,4,7,4,0.0005056064679976898,0.9171769511524696,0.2024954417259883,2.142857142857143,0.00018260112497696498,1110,0
1465,0,0,5,5,5,5,0.0005267791020515527,0.9672078317290231,0.18271417041504567,2.0,0.00019953041430193925,1005,0
1466,0,0,1,1,1,1,0.00014642006465718068,0.9904862597785741,0.09699253989093022,1.0,5.682788469223451e-05,4145,0
1467,0,0,1,1,1,1,0.00016570947356046395,0.9340341896773121,0.28429909762309286,3.0,6.193228743032286e-05,3656,0
1468,0,0,2,2,2,2,0.0002311116744796782,0.9737918702544488,0.09634165359408609,1.0,7.908455904765565e-05,2816,0
1470,0,0,1,1,1,1,0.00014570019781429605,0.9568381417864507,0.09572237756725833,1.0,4.9267813284127714e-05,5359,0
1471,0,0,1,1,1,1,0.00014570019781429605,0.9568381417864507,0.09572237756725833,1.0,0.00017505079903472708,1166,0
1472,0,0,1,1,1,1,0.00018113844899933493,0.9989382100659112,0.09832355372387602,1.0,7.192786632731744e-05,3157,0
1473,0,0,15,20,15,20,0.001029562330990349,0.9311697578586853,0.17856974559989905,1.8666666666666667,0.00036220932816405035,472,0
1474,0,0,1,1,1,1,0.00014590745290978387,0.9775334358008638,0.0983896240810822,1.0,5.1802936512387635e-05,4807,0
1475,0,0,2,0,2,0,0.00016650992211269194,1.0,0.1917137803466824,2.0,8.367653183870506e-05,2633,0
1476,0,0,2,1,2,1,0.0002543574936813809,0.9829653778037771,0.09699170064382309,1.0,8.816931469688421e-05,2466,0
1477,0,0,9,8,9,8,0.0008033381166612612,0.969609296203855,0.11850880255510589,1.2222222222222223,0.00027955145654528455,666,0
1463,0,0,3,3,3,3,0.00025385025890564184,0.9674383546090252,0.12969971236926922,1.3333333333333333,0.00010182344698069645,2118,0
1478,0,0,8,18,8,18,0.0005713756403653607,0.9546530395187742,0.17617034890573877,1.875,0.0003189568911748404,559,0
1479,0,0,2,2,2,2,0.0001896387052464932,0.978791365925883,0.09626707263156585,1.0,6.506411017689514e-05,3506,0
1480,0,0,3,3,3,3,0.0002748746754314374,0.9790489437588595,0.0967144866426322,1.0,0.00010046706968936655,2151,0
1481,0,0,1,1,1,1,0.00015105584285984652,0.9464044592467961,0.09555551386912475,1.0,6.07301872857989e-05,3808,0
1482,0,0,5,5,5,5,0.00039027909257695033,0.9692259574742289,0.09656284519059752,1.0,0.0001227358378921565,1738,0
1483,0,0,1,1,1,1,0.00014590745290978387,0.9775334358008638,0.0983896240810822,1.0,5.1802936512387635e-05,4808,0
1484,0,0,1,1,1,1,0.00014590745290978387,0.9724665641991361,0.0983896240810822,1.0,5.1802936512387635e-05,4809,0
1486,0,0,5,5,5,5,0.0004086756967068996,0.9547816098828856,0.09483893512536015,1.0,0.00014031108146598801,1499,0
1488,0,0,1,1,1,1,0.00013835185255128393,0.9382180306151202,0.09481322985858207,1.0,4.896894193314525e-05,5385,0
1489,0,0,1,0,1,0,0.00011135987758477711,1.0,0.09523494239341057,1.0,4.4878698874020897e-05,5537,0
1490,0,0,7,8,7,8,0.0005166340475529062,0.9488804343957022,0.13660591178531936,1.4285714285714286,0.00026668002758728693,708,0
1491,0,0,1,1,1,1,0.00014523419864638642,0.971899572898296,0.09682118122734418,1.0,5.5020037459557156e-05,4344,0
1493,0,0,1,1,1,1,0.00014523419864638642,0.9781004271017041,0.09682118122734418,1.0,5.5020037459557156e-05,4345,0
1494,0,0,1,1,1,1,0.00014190372026028157,0.9363050932141285,0.19166924569528818,2.0,5.2400584617543963e-05,4688,0
1437,0,0,4,2,4,2,0.0003722935847385952,0.8699267506324284,0.7838137223974639,8.25,0.00031551261170087924,572,0
1492,0,0,3,3,3,3,0.0002846626956660844,0.9000799965274766,0.3371738090730178,3.6666666666666665,0.00010381006561758985,2080,0
1495,0,0,1,1,1,1,0.00017132783222578054,0.990745598722447,0.09696092962091384,1.0,6.485035192158723e-05,3519,0
1496,0,0,1,2,1,2,0.00013835185255128393,0.955918888804966,0.09481322985858207,1.0,4.896894193314525e-05,5386,0
1497,0,0,1,0,1,0,0.00014590745290978387,1.0,0.0983896240810822,1.0,5.1802936512387635e-05,4810,0
1498,0,0,1,0,1,0,0.00014590745290978387,1.0,0.0983896240810822,1.0,5.1802936512387635e-05,4811,0
1500,0,0,2,2,2,2,0.00020323819322485212,0.9741159296555851,0.09397902965846765,1.0,7.355291982548156e-05,3073,0
1487,0,0,24,31,24,31,0.0015637023667682132,0.9434813162723206,0.13679470901387866,1.4583333333333333,0.0005483287565829468,277,0
1501,0,0,1,0,1,0,0.00014786355162720645,1.0,0.9233293338772292,10.0,5.7130594849316347e-05,4120,0
1502,0,0,6,7,6,7,0.0005082134179031872,0.9601277658789106,0.18797327122195204,2.0,0.0005847166298554863,252,0
1503,0,0,1,0,1,0,0.0001575962785771571,1.0,0.09617718386772728,1.0,6.15239212358722e-05,3688,0
1505,0,0,1,0,1,0,0.00014590745290978387,1.0,0.0983896240810822,1.0,5.1802936512387635e-05,4812,0
1499,0,0,16,17,16,17,0.0011954238047862827,0.9710722319172046,0.18295331066051443,1.9375,0.0006369193991494996,222,0
1506,0,0,2,2,2,2,0.0002056860440482091,0.9680283902353033,0.09774842363633209,1.0,6.684838645807529e-05,3435,0
1507,0,0,3,3,3,3,0.00026532890577212614,0.9376048198312301,0.1274377161880367,1.3333333333333333,8.83546005456756e-05,2460,0
1508,0,0,10,11,10,11,0.0008057186382622424,0.9703827720338757,0.13440595247069181,1.4,0.0005808733921197869,256,0
1509,0,0,1,0,1,0,0.00014816294328466096,1.0,0.09703827720345312,1.0,5.398431073117841e-05,4502,0
1510,0,0,5,2,5,2,0.0003798973784598711,0.9605917042094487,-0.055154065146619934,-0.6,0.00012875216928250936,1651,0
1504,0,0,1,0,1,0,0.0001575962785771571,1.0,0.48088591933863634,5.0,0.00010746065067678455,1998,0
1511,0,0,1,0,1,0,0.00013835185255128393,1.0,0.28443968957574617,3.0,6.063838575086975e-05,3821,0
1513,0,0,3,2,3,2,0.00047866858078638005,0.9716492432806881,0.09709145500853968,1.0,0.00017487041500948312,1168,0
1514,0,0,1,1,1,1,0.00028904440210862734,0.9985457275042698,0.09716492432810435,1.0,0.00010856056930701623,1968,0
1512,0,0,13,10,13,10,0.0008826380851140732,0.9658579030568647,0.17820974163740358,1.8461538461538463,0.0004209690407527312,376,0
1469,0,0,4,4,4,4,0.00032818455233215183,0.9380871362227258,0.12060605254964009,1.25,0.00010818717039225506,1975,0
1517,0,0,5,6,5,6,0.00036918302287188465,0.9757873627850936,0.09542168379067528,1.0,0.0001579646885822865,1304,0
1518,0,0,3,0,3,0,0.00024587757701092226,1.0,0.15744768522976002,1.6666666666666667,8.587257800417627e-05,2557,0
1519,0,0,2,2,2,2,0.00019589368013430157,0.978714309371598,0.09601796408183297,1.0,6.832618441100873e-05,3343,0
1520,0,0,4,6,4,6,0.00030012825452326996,0.9745513705491838,0.1901242021518969,2.0,0.00010295885954719741,2092,0
1521,0,0,4,5,4,5,0.0003374699794183374,0.9740861440819648,0.12017794896371461,1.25,0.00013596857220829814,1553,0
1522,0,0,2,2,2,2,0.00020032767406024887,0.9613300737809964,0.0952061011067839,1.0,7.085465220924048e-05,3213,0
1523,0,0,1,0,1,0,0.00014590745290978387,1.0,0.0983896240810822,1.0,5.1802936512387635e-05,4813,0
1524,0,0,2,2,2,2,0.00018210268416460747,0.9494665789075853,0.09396510281364695,1.0,6.295432167336433e-05,3572,0
1525,0,0,7,8,7,8,0.00048360429536387886,0.9710254978073385,0.16400625849513056,1.7142857142857142,0.00015240352320398438,1363,0
1526,0,0,6,6,6,6,0.00046228141825724637,0.9847583250044731,0.12686319924499942,1.3333333333333333,0.00014259393703830868,1470,0
1516,0,0,1,1,1,1,0.00013835185255128393,0.9382180306151202,0.09481322985858207,1.0,4.896894193314525e-05,5387,0
1527,0,0,4,4,4,4,0.0003424216681736919,0.9702476157073259,0.09662868623524488,1.0,0.00014296525348293738,1464,0
1528,0,0,1,2,1,2,0.00013835185255128393,0.8095747220622399,0.09481322985858207,1.0,0.0005139098219147191,298,0
1529,0,0,10,9,10,9,0.0008403792534535017,0.9600001398307757,0.17277401582064114,1.8,0.0007188833076121281,193,0
1530,0,0,1,1,1,1,0.00014570019781429605,0.9568381417864507,0.09572237756725833,1.0,4.9267813284127714e-05,5360,0
1531,0,0,1,2,1,2,0.0001296671871737219,0.9694077771508772,0.09311697576871185,1.0,4.901898589827839e-05,5382,0
1532,0,0,1,0,1,0,0.00016536585398596782,1.0,0.09600001398329377,1.0,5.112102009919501e-05,5169,0
1533,0,0,2,2,2,2,0.00021048875152374603,0.9774125108773841,0.09712552892349718,1.0,6.911993073367454e-05,3305,0
1534,0,0,1,0,1,0,0.00014590745290978387,1.0,0.0983896240810822,1.0,5.1802936512387635e-05,4814,0
1535,0,0,1,2,1,2,0.00014643431247078024,0.9586785684339993,0.0951778976458954,1.0,0.00011576289931774538,1839,0
1536,0,0,1,1,1,1,0.00013835185255128393,0.9617819693848797,0.09481322985858207,1.0,4.896894193314525e-05,5388,0
1537,0,0,1,1,1,1,0.00015049765417436055,0.9772915859539044,0.09586143376591215,1.0,5.235060037934621e-05,4699,0
1538,0,0,1,1,1,1,0.00014306907112725633,0.9813115399426653,0.08833349220198773,1.0,5.4994254621186645e-05,4355,0
1539,0,0,15,16,15,16,0.0009650538536810914,0.9598235178941009,0.15456139133738697,1.6,0.0003212134724860238,553,0
1540,0,0,1,0,1,0,0.00014590745290978387,1.0,0.0983896240810822,1.0,5.1802936512387635e-05,4815,0
1541,0,0,5,9,5,9,0.0004909664444286929,0.9285130494931884,0.1690250057781552,1.8,0.0001709331358221918,1192,0
1542,0,0,2,2,2,2,0.0001932115330327444,0.9841286213072367,0.1405397489374801,1.5,7.341924148252283e-05,3080,0
1543,0,0,21,27,21,27,0.001669846833062565,0.954534737505227,0.19122227926057406,2.0,0.001064986540836163,116,0
1544,0,0,4,4,4,4,0.00032297758822339253,0.9693652631839711,0.19246703679556237,2.0,0.0001307334886184094,1619,0
1545,0,0,1,0,1,0,0.0001541490708085711,1.0,0.9931207455812228,10.0,5.961630025455061e-05,3874,0
1546,0,0,3,3,3,3,0.0002427608948287861,0.9621978504037788,0.09662734508212763,1.0,9.882861161753262e-05,2182,0
1547,0,0,1,1,1,1,0.00014590745290978387,0.9775334358008638,0.0983896240810822,1.0,5.1802936512387635e-05,4816,0
1548,0,0,11,11,11,11,0.0008090401246020469,0.9832118478508464,0.12248281149678832,1.2727272727272727,0.00041834427414312917,381,0
1549,0,0,1,1,1,1,0.00015105584285984652,0.9464044592467961,0.09555551386912475,1.0,6.07301872857989e-05,3809,0
1550,0,0,2,1,2,1,0.00022273576587660527,0.9603450657797448,0.2869773766066755,3.0,0.000140491759505227,1497,0
1551,0,0,1,1,1,1,0.00015110875994570871,0.9710569629158978,0.2824971552671252,3.0,5.530913306284005e-05,4316,0
1552,0,0,1,1,1,1,0.00014590745290978387,0.9775334358008638,0.0983896240810822,1.0,5.1802936512387635e-05,4817,0
1553,0,0,1,1,1,1,0.00013835185255128393,0.9382180306151202,0.09481322985858207,1.0,4.896894193314525e-05,5389,0
1554,0,0,4,0,4,0,0.0003300481815711483,1.0,0.14421156082302003,1.5,0.00010144632143619804,2127,0
1555,0,0,30,30,30,30,0.0020079837201281855,0.9498889825384091,0.1402288399953874,1.4666666666666666,0.0012975920440322127,91,0
1556,0,0,13,14,13,14,0.0009105454551847709,0.9182102639264157,0.24131207229037316,2.5384615384615383,0.0003347420916864755,527,0
1557,0,0,4,3,4,3,0.0003224980369242559,0.9538792597722124,0.09556682638569268,1.0,0.00039521680794591074,419,0
1558,0,0,1,0,1,0,0.00014590745290978387,1.0,0.0983896240810822,1.0,5.1802936512387635e-05,4818,0
1559,0,0,1,1,1,1,0.000236882072530483,0.8782225385264769,0.4667040696018445,5.0,9.300713539488583e-05,2322,0
1560,0,0,1,1,1,1,0.00014590745290978387,0.9775334358008638,0.0983896240810822,1.0,5.1802936512387635e-05,4819,0
1561,0,0,1,0,1,0,0.00014590745290978387,1.0,0.0983896240810822,1.0,5.1802936512387635e-05,4820,0
1562,0,0,27,29,27,29,0.0019400427310084334,0.9745345161050228,0.134315128519539,1.4074074074074074,0.0007351403233055652,188,0
1564,0,0,1,1,1,1,0.00014842761413998715,0.9887585942516058,0.09832118478508595,1.0,5.476957840258424e-05,4385,0
1568,0,0,13,19,13,19,0.0010806427715004793,0.9839391339156044,0.14948359621675397,1.6153846153846154,0.0004161282578923718,383,0
1569,0,0,1,1,1,1,0.00013424529698958623,0.974741798108377,0.1967878267832235,2.0,5.357859112363902e-05,4532,0
1570,0,0,1,2,1,2,0.0001428052102421922,0.9912012490976653,0.09745345161010216,1.0,5.591280370713015e-05,4251,0
1571,0,0,1,1,1,1,0.00013157809031485751,0.96637302095694,0.09208264272402757,1.0,6.279718300400093e-05,3586,0
1567,0,0,0,1,0,1,8.591635556039835e-05,0.9736197469948117,0.0,0.0,3.5033606158059295e-05,5861,0
1572,0,0,1,1,1,1,0.00015961574620555454,0.3494070180089326,-0.9482795781375972,-10.0,6.131969382623349e-05,3708,0
1573,0,0,1,1,1,1,0.0001575962785771571,0.9896549342202552,0.19235436773545456,2.0,7.74714005073109e-05,2882,0
1575,0,0,2,2,2,2,0.0002047980196005142,0.9821638484745895,0.14309342148188609,1.5,7.338281595680391e-05,3082,0
1566,0,0,82,86,82,86,0.006274957683334289,0.9559897235504484,0.23111576610625484,2.5121951219512195,0.0024304674377549056,30,1
1577,0,0,1,0,1,0,0.0001466040987988658,1.0,0.09912012491020017,1.0,5.8772935228305564e-05,3933,0
1578,0,0,1,0,1,0,0.00014643431247078024,1.0,0.0951778976458954,1.0,5.231052747568745e-05,4711,0
1579,0,0,3,2,3,2,0.00039735612041188746,0.9823015899773129,0.12722398786637198,1.3333333333333333,0.00017742393707972944,1150,0
1580,0,0,1,1,1,1,0.0001428052102421922,0.9828424357402306,0.09745345161010216,1.0,5.591280370713015e-05,4252,0
1574,0,0,3,3,3,3,0.0002507187500302366,0.9501849890762387,0.22278026127049375,2.3333333333333335,8.332986822054842e-05,2646,0
1581,0,0,1,1,1,1,0.00014590745290978387,0.9775334358008638,0.0983896240810822,1.0,5.1802936512387635e-05,4821,0
1582,0,0,2,1,2,1,0.0002135313792685156,0.9543888603697129,0.09635110751695747,1.0,7.105981061754485e-05,3204,0
1583,0,0,3,3,3,3,0.00030881670737181754,0.956836837531572,0.09686895099400378,1.0,8.42193992342804e-05,2620,0
1584,0,0,9,10,9,10,0.00069824893857107,0.971589084994741,0.1377299128796653,1.4444444444444444,0.0004162039868728959,382,0
1576,0,0,10,10,10,10,0.0007478520828076554,0.960171251789411,0.13368182337995105,1.4,0.0003075084638798028,591,0
1585,0,0,47,54,47,54,0.0035619320749848767,0.9667489199679403,0.1537653625908135,1.6170212765957446,0.0016285843094542157,61,0
1586,0,0,1,1,1,1,0.0001478921770693633,0.9344421169468726,0.09559897235498573,1.0,7.51712052435543e-05,2991,0
1587,0,0,2,0,2,0,0.0002229241455524256,1.0,0.09642385681926297,1.0,7.281880173230532e-05,3107,0
1588,0,0,1,1,1,1,0.0001478921770693633,0.9344421169468726,0.09559897235498573,1.0,5.691931643415453e-05,4129,0
1589,0,0,1,0,1,0,0.00014199645640871266,1.0,0.19334978399237815,2.0,5.1706174609662106e-05,5113,0
1590,0,0,1,1,1,1,0.00025479007439311945,0.963611993933186,0.19646031799537172,2.0,0.00011003962440789503,1942,0
1593,0,0,5,5,5,5,0.0004364904009870307,0.9816179253640911,0.09641301776544678,1.0,0.00013120395655165644,1612,0
1594,0,0,1,0,1,0,0.00014590745290978387,1.0,0.0983896240810822,1.0,5.1802936512387635e-05,4822,0
1596,0,0,6,6,6,6,0.00042003780131712393,0.9544676718203678,0.09576290534521685,1.0,0.0001525436963836241,1362,0
1597,0,0,2,1,2,1,0.00020788327441874878,0.9344421169468726,0.09699429821803396,1.0,7.368864678848287e-05,3065,0
1598,0,0,2,1,2,1,0.00019622111849855117,0.9344421169468726,0.09699644287329874,1.0,7.546430139973424e-05,2973,0
1599,0,0,1,0,1,0,0.00014190372026028157,1.0,0.09583462284764409,1.0,5.2400584617543963e-05,4689,0
1600,0,0,2,0,2,0,0.00028203888297731233,1.0,-0.3011859639821348,0.0,0.00010444251599496834,2062,0
1601,0,0,1,1,1,1,0.00014590745290978387,0.9775334358008638,0.0983896240810822,1.0,5.1802936512387635e-05,4823,0
1595,0,0,4,4,4,4,0.00031876821811196966,0.9580555485513498,0.11988642679833639,1.25,0.00011226855739905511,1896,0
1602,0,0,1,1,1,1,0.0001575962785771571,0.9603450657797448,0.19235436773545456,2.0,6.15239212358722e-05,3689,0
1603,0,0,1,1,1,1,0.00014199645640871266,0.9731173187045933,0.09667489199618907,1.0,5.1706174609662106e-05,5114,0
1604,0,0,1,1,1,1,0.00011291677597829494,0.9619148255471306,0.09546530395187323,1.0,4.685483831587197e-05,5456,0
1606,0,0,1,1,1,1,0.00014282219809154926,0.9798855800023063,0.09498889825380073,1.0,5.1497105680708676e-05,5126,0
1605,0,0,4,5,4,5,0.0003292019993816263,0.9793942024666846,0.11869125497258165,1.25,0.00011131552809444758,1920,0
1608,0,0,2,2,2,2,0.00019113415167138008,0.9790503188159267,0.09792368250085695,1.0,7.445778867270986e-05,3028,0
1609,0,0,3,2,3,2,0.0002664004361898248,0.9529418774384153,-0.612991819787624,-6.333333333333333,8.963888674730578e-05,2426,0
1610,0,0,1,2,1,2,0.00014199645640871266,0.9812991618115227,0.09667489199618907,1.0,5.1706174609662106e-05,5115,0
1611,0,0,3,4,3,4,0.00022949608120641365,0.9686692208821441,0.09654709601741268,1.0,0.00018891284331423722,1067,0
1613,0,0,1,1,1,1,0.00014590745290978387,0.9775334358008638,0.0983896240810822,1.0,5.1802936512387635e-05,4824,0
1607,0,0,2,2,2,2,0.00019622111849855117,0.9201498405807522,0.19399288574659748,2.0,7.546430139973424e-05,2974,0
1614,0,0,1,1,1,1,0.0001478921770693633,0.9344421169468726,0.09559897235498573,1.0,5.691931643415453e-05,4130,0
1615,0,0,35,46,35,46,0.0028582629287914286,0.9630242985116555,0.19739751870419106,2.1142857142857143,0.001609808173256971,63,0
1616,0,0,1,2,1,2,0.00014190372026028157,0.9025857810580644,0.09583462284764409,1.0,0.00010382636247772994,2079,0
1617,0,0,1,1,1,1,0.0001617457538837181,0.99403951750605,0.09690942649410453,1.0,5.719447237662857e-05,4104,0
1515,0,0,2,2,2,2,0.00020788327441874878,0.8784543405730043,0.14618911025857506,1.5,7.368864678848287e-05,3066,0
1591,0,0,9,14,9,14,0.000739795076087532,0.9570998348859406,0.17064613588592728,2.2222222222222223,0.0002552731292508559,750,0
1618,0,0,4,6,4,6,0.00032009351268700334,0.9364741290176449,0.14545674497250838,1.5,0.00010836210496393474,1973,0
1619,0,0,2,2,2,2,0.00023155505687675189,0.9603779954644022,0.0968356690391605,1.0,7.156143270135938e-05,3183,0
1620,0,0,11,11,11,11,0.0007966799591793603,0.931139761149222,0.24088347804536367,2.5454545454545454,0.0007755629061982018,172,0
1621,0,0,2,2,2,2,0.00019798382110859585,0.9684061127452324,0.09625475742191658,1.0,6.907315306914678e-05,3311,0
1622,0,0,1,1,1,1,0.00015105584285984652,0.996404459246796,0.09555551386912475,1.0,6.07301872857989e-05,3810,0
1623,0,0,2,2,2,2,0.00018401358730574306,0.9522955257860302,0.09344793629130482,1.0,7.673251877908686e-05,2910,0
1624,0,0,3,3,3,3,0.0004958984029146725,0.9485109862375921,0.127795193602137,1.3333333333333333,0.00029096147049455587,635,0
1592,0,0,1,1,1,1,0.0001575962785771571,0.8396549342202552,0.3847087354709091,4.0,6.15239212358722e-05,3690,0
1625,0,0,2,1,2,1,0.00020788327441874878,0.9344421169468726,0.09699429821803396,1.0,7.368864678848287e-05,3067,0
1626,0,0,2,3,2,3,0.0002156751290598599,0.9705643437818714,0.09570226360496475,1.0,8.081484956252928e-05,2746,0
1627,0,0,1,1,1,1,0.00014590745290978387,0.9775334358008638,0.0983896240810822,1.0,5.1802936512387635e-05,4825,0
1628,0,0,6,6,6,6,0.0004696930795554705,0.974793840562555,0.09657727402916744,1.0,0.00017560716671556961,1162,0
1629,0,0,18,25,18,25,0.0012813475119903806,0.9635302251078495,0.12840019917158496,1.3333333333333333,0.0009547913616783337,131,0
1631,0,0,1,1,1,1,0.00014461132659373895,0.5716601198747988,0.4835348233202076,5.0,5.661091711963543e-05,4183,0
1632,0,0,1,1,1,1,0.0001372032082556076,0.9806352987633543,0.09772091540454964,1.0,5.112877440180919e-05,5159,0
1633,0,0,1,1,1,1,0.00015064682105697793,0.9682354663441565,0.09564841164349283,1.0,7.260136570813755e-05,3119,0
1634,0,0,2,2,2,2,0.00020032767406024887,0.9613300737809964,0.0952061011067839,1.0,8.198407496205762e-05,2695,0
1635,0,0,1,1,1,1,0.0001575962785771571,0.9896549342202552,0.19235436773545456,2.0,8.515356679809659e-05,2582,0
1636,0,0,12,8,12,8,0.0009321821979026796,0.9792559828056562,0.1256117444041804,1.3333333333333333,0.00030986639157523903,586,0
1637,0,0,2,2,2,2,0.00019328330910392191,0.9768763087339738,0.09719790370036935,1.0,6.7801342853412e-05,3375,0
1639,0,0,2,6,2,6,0.00023233886401859206,0.9619406976667353,0.1418919009672751,1.5,0.0002773484224194261,678,0
1640,0,0,1,1,1,1,0.00014590745290978387,0.9724665641991361,0.0983896240810822,1.0,5.1802936512387635e-05,4826,0
1641,0,0,1,1,1,1,0.00015245958996441906,0.9982886370145837,0.09747938405679386,1.0,5.990418533297545e-05,3868,0
1642,0,0,2,1,2,1,0.00020099368632502161,0.9731173187045933,0.09708352102721968,1.0,7.341195834959672e-05,3081,0
1643,0,0,1,0,1,0,0.00014693013258529027,1.0,0.87152351527379,9.0,5.7261092385272155e-05,4102,0
1565,0,0,17,14,17,14,0.0012721826504380248,0.9693551490355363,0.20049095666817665,2.1176470588235294,0.0018614367740245794,49,1
1644,0,0,2,3,2,3,0.0002114042907548525,0.927551570523816,0.09843272829075736,1.0,6.908272407165822e-05,3308,0
1645,0,0,1,1,1,1,0.00016317800605546395,0.9497545216659117,0.09693551490369035,1.0,8.418642111303825e-05,2621,0
1646,0,0,1,0,1,0,0.0001478921770693633,1.0,0.09559897235498573,1.0,5.691931643415453e-05,4131,0
1647,0,0,7,3,7,3,0.0004916231097477469,0.7219132417433003,0.06809363399307969,0.7142857142857143,0.00015910134134818218,1295,0
1648,0,0,1,1,1,1,0.0001478921770693633,0.6155578830531274,0.09559897235498573,1.0,0.00014125144455241133,1488,0
1651,0,0,1,0,1,0,0.00014590745290978387,1.0,0.0983896240810822,1.0,7.241990671543463e-05,3130,0
1653,0,0,8,10,8,10,0.0006519046782876311,0.9785797044381774,0.10917557424532906,1.125,0.000208262940996207,952,0
1654,0,0,4,4,4,4,0.00031653317267281086,0.9654076919577619,0.09603194810901425,1.0,0.0001089033657923963,1960,0
1655,0,0,4,5,4,5,0.00032804512561841965,0.9383676614874857,0.09670794887081313,1.0,0.00011288061681255457,1882,0
1659,0,0,1,0,1,0,0.0001478921770693633,1.0,0.09559897235498573,1.0,5.691931643415453e-05,4132,0
1660,0,0,2,0,2,0,0.00020015080167012908,1.0,0.0014257541249322533,0.0,7.278128205368716e-05,3109,0
1661,0,0,1,1,1,1,0.00012949983442043776,0.9857999004142075,0.19270604502155464,2.0,4.97848535651877e-05,5278,0
1612,0,0,7,9,7,9,0.0005554062166512162,0.8842199664293113,0.17854754464091732,1.8571428571428572,0.0008046291551494322,160,0
1662,0,0,6,2,6,2,0.0004144846958919787,0.8090446066539152,-0.04836971344031329,-0.5,0.0001341262255028644,1570,0
1663,0,0,1,0,1,0,0.00013424529698958623,1.0,0.9839391339161175,10.0,5.357859112363902e-05,4533,0
1630,0,0,1,1,1,1,0.00013874473640360088,0.5763802530051882,0.09630242985130694,1.0,5.0981085429497994e-05,5183,0
1664,0,0,6,4,6,4,0.00044387835724963437,0.9546570746644015,0.11148233329850614,1.1666666666666667,0.00014962524562203992,1385,0
1665,0,0,3,3,3,3,0.00031303088903676104,0.9441363800961381,0.09615394832083596,1.0,0.0001113264266021915,1918,0
1666,0,0,2,2,2,2,0.0003460445095648995,0.9645633064579242,0.18951295802970816,2.0,0.0001400256726236638,1503,0
1668,0,0,2,2,2,2,0.00022372157539268304,0.9642408172264613,0.09625419942454513,1.0,7.90801826527238e-05,2817,0
1669,0,0,4,2,4,2,0.0007127211031639688,1.0,0.71413672295145,7.75,0.0002404461007185491,806,0
1670,0,0,10,13,10,13,0.0007808781321647386,0.9594476484377926,0.18083924521663894,1.9,0.0006716373533055283,202,0
1671,0,0,1,1,1,1,0.00013874473640360088,0.9513012406479044,-0.9630242985130693,-10.0,5.0981085429497994e-05,5184,0
1672,0,0,3,4,3,4,0.0002742344406228841,0.9609894147714739,0.09684387101270975,1.0,8.503831871957246e-05,2590,0
1657,0,0,8,6,8,6,0.0006317209850536681,0.9132828049193686,0.1319808319525304,1.375,0.00022978056498700348,853,0
1649,0,0,1,0,1,0,0.00014590745290978387,1.0,0.0983896240810822,1.0,5.1802936512387635e-05,4827,0
1673,0,0,2,2,2,2,0.00022251285396930165,0.9416328863576611,0.09549690357894516,1.0,8.441071083101662e-05,2612,0
1667,0,0,2,2,2,2,0.0002487936983894261,0.9139297590573825,0.2438111462748076,2.5,8.394492129997826e-05,2625,0
1674,0,0,7,7,7,7,0.0005644121546103757,0.9641961139004014,0.18381020694247013,2.0,0.0002010313435083495,995,0
1675,0,0,17,16,17,16,0.0011597412793037875,0.9408833432669685,0.08169032333244806,0.8235294117647058,0.0011366072441465177,105,0
1676,0,0,4,4,4,4,0.0003888530968107775,0.9742108510263026,0.09688011710064236,1.0,0.00013259779194782704,1590,0
1677,0,0,17,19,17,19,0.0010948797579674251,0.9347377937990217,0.10790384499905312,1.1176470588235294,0.00044975547973922695,343,0
1678,0,0,1,1,1,1,0.00014590745290978387,0.9775334358008638,0.0983896240810822,1.0,5.1802936512387635e-05,4828,0
1679,0,0,1,1,1,1,0.00013699222947896134,0.9595803773916806,0.09594476484372319,1.0,5.34298198657987e-05,4548,0
1658,0,0,1,1,1,1,0.00014190372026028157,0.9363050932141285,0.28750386854293225,3.0,5.2400584617543963e-05,4690,0
1681,0,0,1,1,1,1,0.00014570019781429605,0.9568381417864507,0.09572237756725833,1.0,4.9267813284127714e-05,5361,0
1682,0,0,1,1,1,1,0.00013835185255128393,0.9617819693848797,0.09481322985858207,1.0,4.896894193314525e-05,5390,0
1683,0,0,1,1,1,1,0.0001478921770693633,0.9344421169468726,0.09559897235498573,1.0,5.691931643415453e-05,4133,0
1684,0,0,1,1,1,1,0.00015086311813650692,0.9385380247030937,0.17999564550244562,2.0,6.097234633514719e-05,3748,0
1685,0,0,3,5,3,5,0.0003818323751655307,0.8999782275126222,0.22292395059381276,2.3333333333333335,0.0001532182526768097,1357,0
1686,0,0,9,9,9,9,0.0006498817450930254,0.9293992066963636,0.23380755662797995,2.4444444444444446,0.0002661800750304263,710,0
1687,0,0,2,1,2,1,0.00020739537650397958,0.9568381417864507,0.09600344396050225,1.0,6.925236614793182e-05,3296,0
1688,0,0,2,2,2,2,0.0002245711211956514,0.9810674826680963,0.0966278539751739,1.0,8.059985089529994e-05,2758,0
1689,0,0,3,5,3,5,0.00029462272482858536,0.8874712314923574,0.09720437821501919,1.0,0.00034324542411510013,506,0
1690,0,0,20,20,20,20,0.0016542178139902833,0.901250683769165,0.3337039574338213,3.6,0.0007191219156836169,192,0
1691,0,0,1,1,1,1,0.00014590745290978387,0.9775334358008638,0.0983896240810822,1.0,5.1802936512387635e-05,4829,0
1692,0,0,2,3,2,3,0.00019118023339448646,0.9703521338674506,0.0955578298549445,1.0,6.491642120458393e-05,3517,0
1650,0,0,3,3,3,3,0.0003540251868959808,0.94191075692844,0.2577308389892252,2.6666666666666665,0.00013430232360351797,1569,0
1693,0,0,26,27,26,27,0.0016868682701783831,0.9698223192677475,0.1326196649447864,1.3846153846153846,0.0009891442248632278,124,0
1694,0,0,1,0,1,0,0.00014590745290978387,1.0,0.0983896240810822,1.0,5.1802936512387635e-05,4830,0
1696,0,0,1,1,1,1,0.00012949983442043776,0.9857999004142075,0.09635302251077732,1.0,4.97848535651877e-05,5279,0
1697,0,0,1,1,1,1,0.00016536585398596782,0.9636129920896794,0.19200002796658755,2.0,0.00012829325020082414,1656,0
1698,0,0,1,1,1,1,0.0001478921770693633,0.9344421169468726,0.09559897235498573,1.0,5.691931643415453e-05,4134,0
1699,0,0,1,1,1,1,0.00014590745290978387,0.9775334358008638,0.0983896240810822,1.0,5.1802936512387635e-05,4831,0
1700,0,0,4,4,4,4,0.0004009379962718534,0.9697439312773573,0.23846961885011322,3.0,0.00015331702963104464,1355,0
1701,0,0,12,10,12,10,0.001093149307285758,0.9274616085068152,0.3052034323938158,3.3333333333333335,0.00039944211511885663,413,0
1702,0,0,4,4,4,4,0.0003647889485943013,0.9343689713330777,0.11863539941910747,1.25,0.00011850166415661738,1802,0
1703,0,0,1,1,1,1,0.0003886050525892244,0.692931638524275,0.1,1.0,0.0001405624109072715,1496,0
1704,0,0,3,1,3,1,0.0003627896481883453,0.981817648624296,0.16003984860214762,1.6666666666666667,0.0001221108669310271,1753,0
1706,0,0,1,0,1,0,0.00014570019781429605,1.0,0.09572237756725833,1.0,4.9267813284127714e-05,5362,0
1707,0,0,1,1,1,1,0.00013424529698958623,0.824741798108377,0.09839391339161176,1.0,5.357859112363902e-05,4534,0
1708,0,0,1,1,1,1,0.0001711163913484307,0.7192348094250566,0.7757951450233094,8.0,6.759578098640786e-05,3383,0
1709,0,0,1,0,1,0,0.00014590745290978387,1.0,0.0983896240810822,1.0,5.1802936512387635e-05,4832,0
1710,0,0,1,1,1,1,0.0001308469444304149,0.9646769320570363,0.09570998348740643,1.0,4.949409121812207e-05,5328,0
1705,0,0,1,0,1,0,0.00013874473640360088,1.0,-0.9630242985130693,-10.0,5.0981085429497994e-05,5185,0
1712,0,0,2,2,2,2,0.00022251285396930165,0.858367113642339,0.28628657318475437,3.0,9.916195823814502e-05,2177,0
1713,0,0,9,10,9,10,0.0007128502893009079,0.9472410370240992,0.10612509211506714,1.1111111111111112,0.00020527539017377685,968,0
1714,0,0,33,37,33,37,0.0026847287434458335,0.9678585392012278,0.14990679900776316,1.5757575757575757,0.0007582483255330856,179,0
1715,0,0,2,3,2,3,0.00020147934776784971,0.9763318297967413,0.09672728513429546,1.0,9.258572494692303e-05,2336,0
1716,0,0,1,0,1,0,0.00013424529698958623,1.0,0.09839391339161176,1.0,5.357859112363902e-05,4535,0
1718,0,0,1,1,1,1,0.00013424529698958623,0.974741798108377,0.1967878267832235,2.0,5.357859112363902e-05,4536,0
1721,0,0,2,1,2,1,0.00021839565039643438,0.9729445839901257,0.09817215631004972,1.0,7.620637951052749e-05,2943,0
1717,0,0,1,1,1,1,0.0001575962785771571,0.9896549342202552,0.19235436773545456,2.0,6.15239212358722e-05,3691,0
1723,0,0,1,1,1,1,0.0001755020240403865,0.9586429147924772,0.09672078317331273,1.0,6.90218733579165e-05,3313,0
1724,0,0,2,1,2,1,0.00019083804177980035,0.9775334358008638,0.09704980378424433,1.0,6.626342157245041e-05,3467,0
1725,0,0,3,2,3,2,0.000245989408814708,0.9695888150239695,0.18859181079053144,2.0,0.00019226773172041083,1046,0
1726,0,0,1,1,1,1,0.00013157809031485751,0.96637302095694,0.09208264272402757,1.0,8.042193143664734e-05,2762,0
1727,0,0,4,5,4,5,0.00039701208400960415,0.957339963584925,0.09597828558276893,1.0,0.0001663986820878372,1220,0
1728,0,0,1,1,1,1,0.0001372257306863209,0.9969531554463998,0.09598235178933609,1.0,5.2161032867545454e-05,4727,0
1729,0,0,1,1,1,1,0.00018629245420879635,0.9711345805053874,0.18838215138598757,2.0,7.318574354647329e-05,3091,0
1732,0,0,1,1,1,1,0.00014590745290978387,0.9775334358008638,0.0983896240810822,1.0,5.1802936512387635e-05,4833,0
1733,0,0,3,0,3,0,0.0002393516795689348,1.0,0.1562522084440112,1.6666666666666667,0.0002345268346887623,829,0
1734,0,0,1,0,1,0,0.00014590745290978387,1.0,0.0983896240810822,1.0,5.1802936512387635e-05,4834,0
1735,0,0,5,1,5,1,0.0004151184061499079,0.9750466004961185,0.09390631089279969,1.0,0.0006216594796220679,228,0
1736,0,0,10,10,10,10,0.0007350040678114478,0.9732001742005032,0.16257264131474253,1.7,0.00022710569202208201,865,0
1737,0,0,1,0,1,0,0.0003886050525892244,1.0,0.1,1.0,0.00013892293228428076,1515,0
1738,0,0,2,2,2,2,0.00022077078908307448,0.9734900166517988,0.09636666781024791,1.0,7.558446914840242e-05,2964,0
1739,0,0,1,0,1,0,0.00014838155703739806,1.0,-0.09732001742026836,-1.0,5.4322354643741754e-05,4458,0
1740,0,0,2,2,2,2,0.0002067334944762368,0.9761568089507486,0.0981743009653145,1.0,7.798203412177887e-05,2859,0
1731,0,0,13,14,13,14,0.0012351427970084567,0.9724874128345011,0.13223846761208075,1.3846153846153846,0.0016827166695281117,58,0
1741,0,0,2,2,2,2,0.00020642540982016572,0.9664927796403421,0.0967837608634888,1.0,6.907985783001578e-05,3309,0
1742,0,0,0,1,0,1,8.591635556039835e-05,0.5135840136831353,0.0,0.0,3.5033606158059295e-05,5862,0
1720,0,0,2,2,2,2,0.00023342567690047683,0.9771922916428974,0.0965433051809159,1.0,0.00010045411780876982,2153,0
1743,0,0,1,0,1,0,0.00014460949183583624,1.0,0.2928590444470485,3.0,0.00033969929508476955,516,0
1711,0,0,1,1,1,1,0.00013874473640360088,0.9513012406479044,0.19260485970261387,2.0,5.0981085429497994e-05,5186,0
1747,0,0,2,1,2,1,0.00019037736628860533,0.9568381417864507,0.2211251055688196,2.5,8.355245729718486e-05,2637,0
1748,0,0,1,1,1,1,0.0001596575468782625,0.965212869343221,0.09716533732080154,1.0,5.879979399223194e-05,3926,0
1746,0,0,6,7,6,7,0.0004739360775978804,0.9777764767377483,0.0960892880995025,1.0,0.0004151445725374127,388,0
1749,0,0,1,0,1,0,0.0001543339462408225,1.0,0.09347385395257503,1.0,5.4899384011041e-05,4374,0
1750,0,0,0,1,0,1,8.591635556039835e-05,0.9849463540873251,0.0,0.0,6.821997275304006e-05,3346,0
1751,0,0,5,5,5,5,0.0005074763959607197,0.982703338159456,0.0977234196808113,1.0,0.00021132749598178928,933,0
1752,0,0,8,6,8,6,0.0005607121882341617,0.9627210832750875,0.06193338606350249,0.625,0.0004541596289438864,337,0
1754,0,0,11,11,11,11,0.0009195803287725674,0.9832325834420449,0.11358673383223263,1.1818181818181819,0.00038093430650472057,442,0
1744,0,0,65,66,65,66,0.005634975601247973,0.9795468853937843,0.1458891679802515,1.5538461538461539,0.0019886109945849405,45,1
1756,0,0,6,3,6,3,0.0004196925395253089,0.9576147360786706,-0.9621984081758471,-10.0,0.00014327780471780908,1459,0
1757,0,0,6,7,6,7,0.0005021716623235722,0.9410515294608056,0.14455863906259353,1.5,0.00023216047527275702,843,0
1758,0,0,1,2,1,2,0.0001514659863120841,0.8691805676159534,0.2867254575215906,3.0,5.523628879253444e-05,4323,0
1759,0,0,1,1,1,1,0.0001308469444304149,0.5853230679429636,0.4785499174370321,5.0,4.949409121812207e-05,5329,0
1695,0,0,1,0,1,0,0.0001308469444304149,1.0,0.4785499174370321,5.0,4.949409121812207e-05,5330,0
1760,0,0,1,1,1,1,0.00013874473640360088,0.9513012406479044,0.09630242985130694,1.0,5.0981085429497994e-05,5187,0
1745,0,0,1,1,1,1,0.0001596575468782625,0.9847871306567789,0.19433067464160309,2.0,5.879979399223194e-05,3927,0
1761,0,0,1,1,1,1,0.0001596575468782625,0.934787130656779,0.19433067464160309,2.0,5.879979399223194e-05,3928,0
1762,0,0,2,3,2,3,0.0002074005581053502,0.9591776050578039,0.19431045534807662,2.0,8.928976785936792e-05,2436,0
1763,0,0,2,2,2,2,0.0002181883953009466,0.7648913628882882,0.09683853305313779,1.0,7.367125628226758e-05,3068,0
1755,0,0,2,2,2,2,0.00021839565039643438,0.9752390098954948,0.19612684484906695,2.0,0.00015451851852617594,1341,0
1765,0,0,10,12,10,12,0.0007725996244238704,0.9700457770622174,0.1350639606497155,1.4,0.00031848800610151677,561,0
1766,0,0,1,1,1,1,0.0001544595010196009,0.841905103471235,0.1928392227795774,2.0,5.4034781239175705e-05,4501,0
1767,0,0,1,1,1,1,0.00013157809031485751,0.96637302095694,0.09208264272402757,1.0,7.109676462291153e-05,3200,0
1768,0,0,1,1,1,1,0.00013874473640360088,0.9513012406479044,0.09630242985130694,1.0,5.0981085429497994e-05,5188,0
1770,0,0,1,1,1,1,0.0001514659863120841,0.9498568953832134,0.09557515250719688,1.0,5.523628879253444e-05,4324,0
1771,0,0,75,74,75,74,0.006652153324844988,0.9607962623847496,0.05559224467356709,0.6,0.002374181279642307,34,1
1769,0,0,8,6,8,6,0.000768670434140102,0.9366610350850875,0.2948055487691531,3.125,0.00030850436015967414,589,0
1772,0,0,3,0,3,0,0.00032182976262534095,1.0,0.09662299025540344,1.0,8.587261373215903e-05,2556,0
1773,0,0,6,6,6,6,0.00046100889699014823,0.9787606432743505,0.09395161812876386,1.0,0.00016496433267033236,1235,0
1775,0,0,2,1,2,1,0.0002132911529436592,0.9770554160098742,0.14386538770919013,1.5,9.822599581116994e-05,2196,0
1776,0,0,2,2,2,2,0.00021298875214979376,0.9465492300651224,0.14499625201985514,1.5,7.264178763845816e-05,3116,0
1777,0,0,1,1,1,1,0.00023343762847701175,0.944756479014854,0.28936899193795157,3.0,7.507911489802742e-05,2993,0
1778,0,0,6,7,6,7,0.0004949782539243571,0.9633004135633761,0.17987874707187956,2.0,0.00016571304902418082,1225,0
1730,0,0,1,1,1,1,0.0001428052102421922,0.9171575642597695,0.2923603548303064,3.0,5.591280370713015e-05,4253,0
1722,0,0,2,2,2,2,0.0002094922639425561,0.9258627649491533,0.24014297794996958,2.5,7.232810685084019e-05,3134,0
1780,0,0,2,2,2,2,0.00020215538466037243,0.9688852716049624,0.09553583215386455,1.0,7.342242889641825e-05,3079,0
1764,0,0,5,4,5,4,0.0004927223742573431,0.9469803442049671,0.219239645825381,2.4,0.0007979657080612876,162,0
1779,0,0,3,3,3,3,0.0004459460410931078,0.9853390354259904,0.31725421502275203,4.333333333333333,0.000221382342024357,885,0
1782,0,0,2,2,2,2,0.00025200137905445,0.852318600265735,0.09609420633487885,1.0,9.191367544530623e-05,2360,0
1784,0,0,1,3,1,3,0.00014590745290978387,0.9641108690355755,0.0983896240810822,1.0,5.1802936512387635e-05,4835,0
1785,0,0,3,3,3,3,0.00025987158840293223,0.9538002022268574,0.15994320642234228,1.6666666666666667,9.404464501672228e-05,2292,0
1786,0,0,1,1,1,1,0.00014590745290978387,0.9775334358008638,0.0983896240810822,1.0,7.03834528573491e-05,3239,0
1787,0,0,1,1,1,1,0.0002126680236723963,0.658627107511376,0.7882712283426748,8.0,5.860283067315531e-05,3942,0
1789,0,0,2,2,2,2,0.00020458611683274488,0.9667735314554101,0.0962786922170917,1.0,6.97312743541402e-05,3271,0
1788,0,0,11,11,11,11,0.0008291098300020811,0.9644382530743583,0.12223519240859951,1.2727272727272727,0.0004070225520148304,397,0
1790,0,0,2,2,2,2,0.00023331691094600573,0.9605013777103336,0.09720144229144345,1.0,0.00013075009557545646,1618,0
1792,0,0,2,3,2,3,0.00031604552420875294,0.8515287382693246,0.2655702795782639,3.0,0.00021208127231900204,928,0
1791,0,0,1,0,1,0,0.00014597427999285184,1.0,0.2889901240690172,3.0,5.510400005809275e-05,4337,0
1794,0,0,2,1,2,1,0.00020789000451092686,0.9772915859539044,0.14386709260954572,1.5,9.428927834405395e-05,2283,0
1796,0,0,1,1,1,1,0.00014590745290978387,0.9775334358008638,0.0983896240810822,1.0,5.1802936512387635e-05,4836,0
1797,0,0,2,3,2,3,0.0002114570836614696,0.9681485823979838,0.09698238829413955,1.0,7.200561914686278e-05,3151,0
1798,0,0,2,2,2,2,0.00023934069209756014,0.9198238322631256,0.263367480092532,3.0,8.8355954276045e-05,2459,0
1799,0,0,4,4,4,4,0.00033828520335114486,0.9798472088897762,0.09515787401822456,1.0,0.0001090829839722814,1959,0
1800,0,0,2,2,2,2,0.000222222976405879,0.9776647790688238,0.09723462515977352,1.0,0.00014753299764331762,1413,0
1801,0,0,1,1,1,1,0.00015840455304704892,0.9770554160098742,0.09795468853901725,1.0,5.943704915619915e-05,3878,0
1802,0,0,10,9,10,9,0.0007039392857987379,0.9133543850111291,0.10533947481775649,1.1,0.0013142883262877757,89,0
1803,0,0,6,7,6,7,0.00045888217710928316,0.954418790820966,0.1271222497677144,1.3333333333333333,0.00016355590520432254,1247,0
1795,0,0,1,1,1,1,0.00014590745290978387,0.9724665641991361,0.0983896240810822,1.0,5.1802936512387635e-05,4837,0
1804,0,0,3,3,3,3,0.0002803037816172943,0.9707320384548571,0.16144029083717412,1.6666666666666667,7.999461160633701e-05,2774,0
1680,0,0,2,0,2,0,0.00017003704164682566,1.0,0.0922381896070516,1.0,5.931883412127191e-05,3889,0
1805,0,0,1,1,1,1,0.00016223187905649352,0.9777961223367836,0.09607962623846483,1.0,6.212902420552706e-05,3632,0
1806,0,0,5,4,5,4,0.0004927553888956567,0.978532364621479,0.09607160736044024,1.0,0.00025192974264754206,764,0
1807,0,0,1,1,1,1,0.00015840455304704892,0.9770554160098742,0.09795468853901725,1.0,5.943704915619915e-05,3879,0
1808,0,0,3,2,3,2,0.00028248868914881626,0.9829689099027873,0.09759604597600635,1.0,9.445245870961972e-05,2280,0
1809,0,0,4,8,4,8,0.0003695165530992933,0.9427960606182001,0.17526036054983063,2.0,0.00013277463013733698,1589,0
1753,0,0,12,8,12,8,0.0008454358502357774,0.9610878643180956,-0.2463178436106269,-2.6666666666666665,0.0002815288870312844,661,0
1811,0,0,10,11,10,11,0.0007209646195644416,0.9493984482283672,0.11347566909585227,1.2,0.00021362600865375335,923,0
1812,0,0,1,1,1,1,0.00014590745290978387,0.9775334358008638,0.0983896240810822,1.0,5.1802936512387635e-05,4838,0
1813,0,0,1,1,1,1,0.0001251601438479549,0.9623698197250847,0.09427960606259785,1.0,4.911744956963661e-05,5375,0
1814,0,0,1,2,1,2,0.00013874473640360088,0.9644173382243841,0.09630242985130694,1.0,5.0981085429497994e-05,5189,0
1816,0,0,1,1,1,1,0.0001535048992426729,0.9654204366841782,0.09694746450936279,1.0,5.496112839135551e-05,4358,0
1817,0,0,2,2,2,2,0.00020442091918181437,0.9816428207683876,0.09742914812738236,1.0,0.00011329556849510965,1872,0
1818,0,0,1,1,1,1,0.0001535048992426729,0.9654204366841782,0.09694746450936279,1.0,5.496112839135551e-05,4359,0
1819,0,0,2,2,2,2,0.00022009707903178013,0.9760510082529963,0.09737027122956388,1.0,0.00040190163629135416,409,0
1821,0,0,1,1,1,1,0.0001596575468782625,0.965212869343221,0.09716533732080154,1.0,5.879979399223194e-05,3929,0
1822,0,0,1,1,1,1,0.0001535048992426729,0.9845795633158219,0.09694746450936279,1.0,5.496112839135551e-05,4360,0
1820,0,0,5,4,5,4,0.0004323529838934665,0.9229687171383087,0.1347409929223409,1.4,0.0001435613062707079,1455,0
1774,0,0,1,2,1,2,0.0001596575468782625,0.8385169507436714,0.2914960119624046,3.0,0.00010229454106833195,2107,0
1823,0,0,1,1,1,1,0.00014590745290978387,0.9775334358008638,0.1967792481621644,2.0,7.427698432707386e-05,3041,0
1824,0,0,1,1,1,1,0.00017227213495180196,0.9988617098404057,0.09827033381605932,1.0,6.070194871147014e-05,3818,0
1825,0,0,1,1,1,1,0.00015840455304704892,0.9770554160098742,0.09795468853901725,1.0,5.943704915619915e-05,3880,0
1826,0,0,2,2,2,2,0.00023672581805890043,0.8608650606672432,0.2766928477566932,3.0,8.808693305570727e-05,2468,0
1827,0,0,2,0,2,0,0.0002280659142047894,1.0,0.14615833237205156,1.5,9.03829852183496e-05,2416,0
1828,0,0,1,1,1,1,0.00015049345359899246,0.8992171486184969,0.09297892697212366,1.0,6.151533575918782e-05,3692,0
1829,0,0,3,3,3,3,0.00027374508503769476,0.9663371251581787,0.21699768326175972,2.3333333333333335,0.00020455198309699994,972,0
1830,0,0,1,1,1,1,0.00015840455304704892,0.9770554160098742,0.09795468853901725,1.0,5.943704915619915e-05,3881,0
1793,0,0,2,0,2,0,0.0002189225099574308,1.0,0.14554363736196496,1.5,7.671397047382731e-05,2912,0
1831,0,0,1,1,1,1,0.0001596575468782625,0.965212869343221,0.09716533732080154,1.0,5.879979399223194e-05,3930,0
1832,0,0,4,5,4,5,0.00036323935416366043,0.9790877491617216,0.09681873141810915,1.0,0.0019825741505674487,46,1
1833,0,0,2,3,2,3,0.00022985899574441327,0.9477187039987663,0.09606677104683614,1.0,6.835395305858412e-05,3339,0
1834,0,0,2,3,2,3,0.00021839565039643438,0.9798199582041279,0.09817215631004972,1.0,7.620637951052749e-05,2944,0
1835,0,0,1,1,1,1,0.0001596575468782625,0.965212869343221,0.09716533732080154,1.0,5.879979399223194e-05,3931,0
1836,0,0,1,0,1,0,0.00014590745290978387,1.0,0.0983896240810822,1.0,5.1802936512387635e-05,4839,0
1837,0,0,2,1,2,1,0.00021094864829899793,0.9643332500326791,0.09531244828796351,1.0,7.011832611998423e-05,3249,0
1838,0,0,2,2,2,2,0.00020978874974885055,0.9812398949440945,0.09765618646738314,1.0,9.209190852849213e-05,2352,0
1810,0,0,32,30,32,30,0.002958495540219843,0.9807236572323536,0.12737225203613667,1.34375,0.0069758388155288205,3,1
1839,0,0,4,3,4,3,0.00034814053842878933,0.8645788271758129,0.5110816986634603,5.5,0.00014886377740188335,1396,0
1840,0,0,12,12,12,12,0.001003594418098119,0.9717644488813912,0.23600046128410823,2.8333333333333335,0.0006032004659151129,238,0
1841,0,0,1,1,1,1,0.00014643431247078024,0.960518995081548,0.0951778976458954,1.0,5.231052747568745e-05,4712,0
1842,0,0,3,3,3,3,0.00023760258627123756,0.9655329309756122,0.1269444386509156,1.3333333333333333,8.289964707222801e-05,2661,0
1843,0,0,4,5,4,5,0.0004389977143700324,0.953948348055963,0.20235268846310095,2.25,0.00039389641252563206,421,0
1844,0,0,3,3,3,3,0.00031006726243826396,0.9224505540764742,0.4184759532901115,4.333333333333333,0.00015624169362985583,1322,0
1845,0,0,2,2,2,2,0.0002600844540728823,0.9485319379655065,0.2819606032358235,3.0,0.0001157024613682252,1841,0
1846,0,0,8,5,8,5,0.0005295414831932382,0.8996384863988778,0.35752212287627405,3.875,0.0005922376367331596,242,0
1847,0,0,2,1,2,1,0.00023664150218845654,0.9816026454930606,0.2681989323584811,3.0,7.576438474331615e-05,2959,0
1719,0,0,1,1,1,1,0.00012689320999687386,0.8840994661792405,0.2621467435583263,3.0,0.0002152317860920979,914,0
1656,0,0,6,9,6,9,0.0004337507139924831,0.8738224785314441,0.3743927440845205,4.0,0.0006133812719544531,232,0
1848,0,0,1,1,1,1,0.00016957923536778697,0.9636861260180684,0.09807236572333526,1.0,4.967572242526414e-05,5283,0
1849,0,0,1,1,1,1,0.00014190372026028157,0.9636949067858716,0.09583462284764409,1.0,0.000158303260687963,1299,0
1850,0,0,1,1,1,1,0.00014190372026028157,0.9636949067858716,0.09583462284764409,1.0,0.0005167773480770532,296,0
1851,0,0,1,1,1,1,0.00016223187905649352,0.9277961223367835,0.09607962623846483,1.0,0.0001487977707068165,1398,0
1852,0,0,1,1,1,1,0.00016223187905649352,0.9777961223367836,0.09607962623846483,1.0,6.212902420552706e-05,3633,0
1853,0,0,3,2,3,2,0.00027282799470304585,0.9754567205206884,-0.9399261933929584,-10.0,9.555003012576578e-05,2255,0
1854,0,0,1,0,1,0,0.00014139006122025564,1.0,0.09496205592207785,1.0,5.308796437307443e-05,4606,0
1855,0,0,3,0,3,0,0.00019111183285780924,1.0,0.40736867049861036,4.333333333333333,7.297598543919224e-05,3100,0
1856,0,0,2,1,2,1,0.00022365489207518653,0.9777961223367836,0.0945097734540232,1.0,0.00010443749900371995,2063,0
1857,0,0,2,1,2,1,0.0001949026666387845,0.9775334358008638,0.09593170173071938,1.0,6.711479326045943e-05,3407,0
1858,0,0,1,0,1,0,0.00015205902153783503,1.0,0.0949372743267731,1.0,5.6657874394049445e-05,4179,0
1859,0,0,1,1,1,1,0.00013849941078545333,0.995611139630287,0.19090694750074946,2.0,0.00027510082100969276,686,0
1860,0,0,39,42,39,42,0.0031878086973414635,0.954469989301489,0.17133349993464167,1.794871794871795,0.0013232175064292141,86,0
1861,0,0,1,1,1,1,0.00014643431247078024,0.960518995081548,0.0951778976458954,1.0,7.347294199326531e-05,3077,0
1862,0,0,2,0,2,0,0.00016997904792546346,1.0,-0.9196510148700852,-10.0,6.190850615438944e-05,3657,0
1863,0,0,1,1,1,1,0.00017817033252965638,0.9795779515469452,0.1959112639394789,2.0,6.131228599729293e-05,3709,0
1864,0,0,4,2,4,2,0.0003600686892042303,0.9215148111060335,0.21182925996679738,2.25,0.00013068394959070051,1620,0
1865,0,0,1,1,1,1,0.00016223187905649352,0.9777961223367836,0.09607962623846483,1.0,6.212902420552706e-05,3634,0
1867,0,0,2,1,2,1,0.00023149547564579062,0.9897347985632204,0.09623202727421755,1.0,9.40722819609565e-05,2291,0
1866,0,0,1,1,1,1,0.00016223187905649352,0.7777961223367835,0.4803981311923241,5.0,6.212902420552706e-05,3635,0
1868,0,0,1,1,1,1,0.00015049345359899246,0.8992171486184969,0.09297892697212366,1.0,6.151533575918782e-05,3693,0
1869,0,0,1,1,1,1,0.00014590745290978387,0.9775334358008638,0.0983896240810822,1.0,5.1802936512387635e-05,4840,0
1870,0,0,1,0,1,0,0.00014907197235975337,1.0,0.09286093569532783,1.0,5.717155827890028e-05,4113,0
1871,0,0,2,1,2,1,0.00023472007654314409,0.9777961223367836,0.09701715738874103,1.0,8.653246720366691e-05,2532,0
1873,0,0,9,10,9,10,0.0007649193150044141,0.9803772922285727,0.09743705694717521,1.0,0.00031469125808073574,575,0
1874,0,0,1,1,1,1,0.00016223187905649352,0.9777961223367836,0.09607962623846483,1.0,6.212902420552706e-05,3636,0
1875,0,0,1,1,1,1,0.00015622993694434966,0.9331480212830894,0.18025013675160612,2.0,6.16005403565348e-05,3675,0
1876,0,0,6,7,6,7,0.0006236798493811614,0.97391534780198,0.18981651893232335,2.0,0.0001877162828122479,1075,0
1872,0,0,5,5,5,5,0.0004220531996137652,0.9809869074829674,0.11682916983622793,1.2,0.0001422225617925027,1474,0
1877,0,0,2,0,2,0,0.0001795627691688294,1.0,0.4851372562155766,5.5,7.114070745373386e-05,3195,0
1878,0,0,2,1,2,1,0.0002071844885199385,0.9168519787169107,0.22760930680011082,2.5,0.0001649754324905877,1234,0
1879,0,0,2,2,2,2,0.000222222976405879,0.9776647790688238,0.09723462515977352,1.0,0.0001303827230937045,1625,0
1880,0,0,3,3,3,3,0.0002627596392724442,0.9790112152973064,0.09697884742441447,1.0,8.752395355301074e-05,2490,0
1881,0,0,1,1,1,1,0.00015095482966685311,0.9987185284735876,0.09803772922279835,1.0,5.415186399163269e-05,4469,0
1882,0,0,1,1,1,1,0.00016223187905649352,0.9277961223367835,0.19215925247692967,2.0,6.212902420552706e-05,3637,0
1883,0,0,1,1,1,1,0.00014199645640871266,0.9731173187045933,0.09667489199618907,1.0,5.1706174609662106e-05,5116,0
1884,0,0,2,1,2,1,0.000222222976405879,0.9777961223367836,0.09723462515977352,1.0,7.889835455985538e-05,2826,0
1885,0,0,5,5,5,5,0.0004854937609095061,0.9551806824969382,0.1927428475583144,2.0,0.0004796478890090383,316,0
1886,0,0,1,2,1,2,0.00016047869666518274,0.9755568534645481,0.09584193953818369,1.0,0.00012206284020488518,1754,0
1887,0,0,1,1,1,1,0.00016851296187611245,0.9536285762208428,0.19103613649914938,2.0,5.071679067752048e-05,5227,0
1888,0,0,5,5,5,5,0.00037486153442097654,0.9490567862780007,0.1119307236710734,1.2,0.00012409180840721517,1720,0
1889,0,0,3,3,3,3,0.0002984947232242352,0.9608684914278878,0.09526251260975731,1.0,0.00010235587076153042,2105,0
1891,0,0,1,1,1,1,0.00017346243048563565,0.9577532291694362,0.0951626412533449,1.0,6.727115079960547e-05,3400,0
1892,0,0,5,5,5,5,0.00047595762019336915,0.989194073423743,0.0978470632560821,1.0,0.00016229615398323944,1260,0
1894,0,0,3,3,3,3,0.0003083078074640708,0.976901834380565,0.12995215988460315,1.3333333333333333,0.00013783201062845325,1531,0
1895,0,0,1,1,1,1,0.0001372032082556076,0.9693647012366456,0.09772091540454964,1.0,5.112877440180919e-05,5160,0
1896,0,0,15,16,15,16,0.0011247403910207123,0.9455631757633717,0.18443379365153909,1.9333333333333333,0.0004390048135407036,350,0
1897,0,0,0,1,0,1,8.591635556039835e-05,0.8224665641991361,0.0,0.0,5.1802936512387635e-05,4841,0
1898,0,0,2,2,2,2,0.000235493121389772,0.8569118247033295,0.24347079884105127,2.5,8.579120371224485e-05,2559,0
1899,0,0,21,21,21,21,0.0018425847150827692,0.9584193953857733,0.14908100360939636,1.5714285714285714,0.0029726798732604316,20,1
1900,0,0,3,3,3,3,0.0003079150505470214,0.9726563379794891,0.1298706434983721,1.3333333333333333,8.974365969984993e-05,2423,0
1901,0,0,1,1,1,1,0.00015840455304704892,0.9770554160098742,0.09795468853901725,1.0,6.687925861567963e-05,3432,0
1902,0,0,2,2,2,2,0.0002064500052639284,0.9875241245286085,0.09612290196165127,1.0,7.059283667724762e-05,3227,0
1903,0,0,1,1,1,1,0.00017346243048563565,0.9577532291694362,0.0951626412533449,1.0,6.727115079960547e-05,3401,0
1904,0,0,1,1,1,1,0.00016223187905649352,0.9777961223367836,0.09607962623846483,1.0,6.212902420552706e-05,3638,0
1905,0,0,1,0,1,0,0.0001428052102421922,1.0,0.09745345161010216,1.0,0.0003363593186609172,525,0
1906,0,0,2,2,2,2,0.00034257446277297316,0.9903256633643044,0.09854302999975212,1.0,0.00012295230968823853,1736,0
1907,0,0,3,2,3,2,0.0002592537906633683,0.9664927796403421,0.12941985855312224,1.3333333333333333,8.502733710145448e-05,2592,0
1908,0,0,1,1,1,1,0.00023153270572904213,0.9992715149998761,0.09903256633688284,1.0,8.718205717366029e-05,2504,0
1909,0,0,1,1,1,1,0.00015049765417436055,0.9772915859539044,0.09586143376591215,1.0,5.235060037934621e-05,4700,0
1910,0,0,1,1,1,1,0.00015049765417436055,0.9727084140460956,0.1917228675318243,2.0,5.235060037934621e-05,4701,0
1911,0,0,3,3,3,3,0.00025773264975217816,0.9572138145619179,0.0962605465736126,1.0,0.0001384109951451671,1522,0
1913,0,0,1,1,1,1,0.00019487420873391044,0.9025972256154234,0.09366610350855235,1.0,9.44148358828721e-05,2281,0
1914,0,0,1,0,1,0,0.00017346243048563565,1.0,0.2854879237600347,3.0,6.727115079960547e-05,3402,0
1915,0,0,4,2,4,2,0.0004119346092595253,0.9962288479058548,0.12154402170169616,1.25,0.00010618875679700382,2024,0
1916,0,0,6,5,6,5,0.0006252587576801292,0.9753809645039463,0.09683635661131891,1.0,0.0005622022244591631,265,0
1917,0,0,4,3,4,3,0.00031445544022140463,0.9855871517592155,-0.6880216680961597,-7.25,9.872556919937116e-05,2185,0
1918,0,0,4,3,4,3,0.00035619908495631474,0.970183111434896,0.12203629035721153,1.25,0.00012008058029288485,1782,0
1919,0,0,1,1,1,1,0.00016047869666518274,0.9754594981953019,0.09584193953818369,1.0,0.0002667709630624836,707,0
1920,0,0,2,2,2,2,0.0002420674328544375,0.9796292289860287,0.14699087140068487,1.5,7.4079165423404e-05,3049,0
1921,0,0,25,25,25,25,0.0022111129794336287,0.9693558797614854,0.12352650881670961,1.28,0.000922974990824145,137,0
1922,0,0,12,13,12,13,0.0008579686771580863,0.9741556316221341,0.13527811639772894,1.4166666666666667,0.0005290201811986585,287,0
1923,0,0,3,3,3,3,0.00031644567346386545,0.9355262977535014,0.1595184005920325,1.6666666666666667,0.00014629387951285125,1431,0
1924,0,0,1,1,1,1,0.00015043069138861607,0.9643332500326791,0.09544699893003163,1.0,5.284140480235607e-05,4638,0
1925,0,0,1,1,1,1,0.00014199645640871266,0.9731173187045933,0.09667489199618907,1.0,5.1706174609662106e-05,5117,0
1926,0,0,1,0,1,0,0.00014590745290978387,1.0,0.0983896240810822,1.0,5.1802936512387635e-05,4842,0
1927,0,0,1,1,1,1,0.00016170539422046145,0.9550917405338384,0.09739153477868137,1.0,5.2744051552918166e-05,4646,0
1912,0,0,8,7,8,7,0.000883064807287913,0.972261603731559,0.12212618376698357,1.25,0.0004186164782675552,379,0
1928,0,0,1,1,1,1,0.00014590745290978387,0.9724665641991361,0.0983896240810822,1.0,5.1802936512387635e-05,4843,0
1929,0,0,1,1,1,1,0.00016689104507804537,0.998923531628041,0.09891940734225933,1.0,6.265437298753355e-05,3592,0
1931,0,0,2,2,2,2,0.0002701390616438095,0.9959637043996034,0.09670186736145699,1.0,9.65762541510379e-05,2231,0
1890,0,0,5,6,5,6,0.00043022132001368867,0.9709200090799807,0.13488822056894373,1.4,0.00039528834891606503,418,0
1930,0,0,1,1,1,1,0.00016957923536778697,0.9636861260180684,0.19614473144667052,2.0,4.967572242526414e-05,5284,0
1932,0,0,1,0,1,0,0.00015049345359899246,1.0,0.46489463486061827,5.0,6.151533575918782e-05,3694,0
1933,0,0,4,4,4,4,0.0004150248003045471,0.9835417429936706,0.09703585453847052,1.0,0.00024290676626406336,795,0
1934,0,0,2,2,2,2,0.0001875029414572732,0.9880222352337437,0.09289171352689951,1.0,6.842982253414213e-05,3337,0
1935,0,0,1,1,1,1,0.00015840455304704892,0.9770554160098742,0.09795468853901725,1.0,5.943704915619915e-05,3882,0
1936,0,0,3,3,3,3,0.00028565091171447695,0.9755138141473834,0.13015081416548835,1.3333333333333333,8.883041283053242e-05,2451,0
1937,0,0,9,7,9,7,0.0006625742607394996,0.9539005090025178,0.10654968133385274,1.1111111111111112,0.00023629049331384396,821,0
1940,0,0,2,2,2,2,0.00023423395137036867,0.9855474667579621,0.0974320575165609,1.0,0.00010209986406940443,2114,0
1941,0,0,1,1,1,1,0.00015043069138861607,0.9643332500326791,0.19089399786006325,2.0,5.284140480235607e-05,4639,0
1942,0,0,2,1,2,1,0.00018584725910052822,0.9636949067858716,-0.0003394439639867533,0.0,6.800571764386771e-05,3364,0
1893,0,0,3,3,3,3,0.000298845501814078,0.987060344398581,0.19305403092424292,2.0,0.00018395234791039006,1102,0
1943,0,0,2,2,2,2,0.0002329668941518333,0.976257457102588,0.09689831403860047,1.0,7.768893796559893e-05,2873,0
1944,0,0,3,5,3,5,0.0002894343436012154,0.9763999617803609,0.12742430665413285,1.3333333333333333,9.123194276826564e-05,2387,0
1945,0,0,2,1,2,1,0.0002172615192675962,0.9770554160098742,0.14540990585407831,1.5,8.52180720251693e-05,2579,0
1946,0,0,1,1,1,1,0.00015043069138861607,0.9643332500326791,0.09544699893003163,1.0,0.00011252530388169193,1885,0
1947,0,0,2,2,2,2,0.00027281779550162514,0.9857610547239326,0.1473130045519243,1.5,0.00046949121081456534,325,0
1949,0,0,1,1,1,1,0.000174195484622226,0.9985179272692353,0.09835417429960838,1.0,8.795104189055034e-05,2472,0
1950,0,0,1,1,1,1,0.00016957923536778697,0.9863138739819317,0.09807236572333526,1.0,4.967572242526414e-05,5285,0
1951,0,0,6,5,6,5,0.00043330111425618793,0.9600904345351711,0.09633740926799868,1.0,0.00016113339031224128,1272,0
1952,0,0,1,1,1,1,0.00016957923536778697,0.9863138739819317,0.09807236572333526,1.0,4.967572242526414e-05,5286,0
1953,0,0,6,6,6,6,0.00041570820266365115,0.9643256158469418,0.28503959565947745,3.0,0.005159445975183549,7,1
1955,0,0,4,7,4,7,0.00047763740339802597,0.9730141329492841,0.12053040287355905,1.25,0.00021954672773233505,894,0
1956,0,0,7,2,7,2,0.0005138855374568003,0.9679892466384249,-0.8088907975508681,-8.571428571428571,0.0001527368354942084,1361,0
1957,0,0,2,1,2,1,0.0007471871481443964,1.0,0.398926424996712,5.5,0.0001490876220438757,1392,0
1958,0,0,1,0,1,0,0.00014590745290978387,1.0,0.1967792481621644,2.0,6.517872770837329e-05,3503,0
1959,0,0,1,2,1,2,0.00014590745290978387,0.9689392507903043,0.0983896240810822,1.0,5.1802936512387635e-05,4844,0
1960,0,0,2,2,2,2,0.0002217368512331036,0.985786476653457,0.09764952528759337,1.0,7.39638027309569e-05,3056,0
1961,0,0,1,1,1,1,0.0001602528321726926,0.9864610382220497,0.09755543797460044,1.0,5.830754783077427e-05,3956,0
1962,0,0,1,3,1,3,0.00017595576938627238,0.92546240216562,0.089963848639866,1.0,5.690751709024832e-05,4136,0
1938,0,0,2,2,2,2,0.0002340935711960047,0.9609903119746263,0.14448318179169925,1.5,0.00015549540076684036,1328,0
1963,0,0,1,0,1,0,0.00015043069138861607,1.0,0.09544699893003163,1.0,5.284140480235607e-05,4640,0
1964,0,0,11,14,11,14,0.0007701711805696341,0.9715287224981215,0.1123175576265579,1.1818181818181819,0.00028372735139416366,653,0
1965,0,0,1,1,1,1,0.00015043069138861607,0.9643332500326791,0.09544699893003163,1.0,5.284140480235607e-05,4641,0
1966,0,0,1,2,1,2,0.0001327155349637952,0.9287680639862963,0.0971528722499612,1.0,9.539753709475998e-05,2258,0
1967,0,0,7,8,7,8,0.0005858939189079975,0.9697331642734187,0.20299477955892023,2.142857142857143,0.0005800229584348235,258,0
1968,0,0,2,2,2,2,0.00035122905370574037,0.9971623847772444,0.14504773101520643,1.5,0.00012795652307146364,1661,0
1969,0,0,1,1,1,1,0.00023535808770305857,0.9725238655076032,0.09971623847779881,1.0,8.9564400010518e-05,2428,0
1783,0,0,1,0,1,0,0.00013817498016116414,1.0,-0.09274746410512122,-1.0,5.089557177759193e-05,5209,0
1970,0,0,2,1,2,1,0.000222222976405879,0.9777961223367836,0.09723462515977352,1.0,7.889835455985538e-05,2827,0
1971,0,0,3,4,3,4,0.00032172415718720185,0.989026477847535,0.09702047281863486,1.0,0.00023259419547265407,839,0
1972,0,0,3,3,3,3,0.00026514674943699755,0.9005313197829756,0.1289092292964503,1.3333333333333333,9.342103950827314e-05,2309,0
1973,0,0,4,5,4,5,0.00032450263508910127,0.9877245019415508,0.09737002325336924,1.0,0.00015201572827305688,1369,0
1974,0,0,2,1,2,1,0.00022688524118316626,0.95596048249395,0.09623247018161464,1.0,8.289105350436818e-05,2662,0
1976,0,0,2,2,2,2,0.00026973869666134065,0.9871663202577111,0.09715505091547894,1.0,0.00017810755342328872,1145,0
1977,0,0,4,4,4,4,0.00033821371265314187,0.9890603699217988,0.12097018965753356,1.25,0.00011198706807680217,1903,0
1978,0,0,4,4,4,4,0.00038045773063175123,0.9744426443890616,0.0984001454645785,1.0,0.00011795747226781754,1807,0
1979,0,0,1,1,1,1,0.00019303634098356717,0.9889369081165083,0.09722616037145307,1.0,5.87684221772966e-05,3934,0
1981,0,0,5,5,5,5,0.0004416669241836253,0.9608508849525907,0.09615538692092983,1.0,0.00019112501023404218,1055,0
1982,0,0,0,2,0,2,8.591635556039835e-05,0.9544708000888156,0.0,0.0,5.6657874394049445e-05,4180,0
1983,0,0,1,0,1,0,0.00014590745290978387,1.0,0.0983896240810822,1.0,5.1802936512387635e-05,4845,0
1984,0,0,2,6,2,6,0.0001952128614510354,0.9007726561750224,0.18374526706108985,2.0,0.00011790067014027561,1808,0
1985,0,0,1,1,1,1,0.00017817033252965638,0.9795779515469452,0.09795563196973946,1.0,6.131228599729293e-05,3710,0
1980,0,0,1,1,1,1,0.00015105584285984652,0.996404459246796,0.1911110277382495,2.0,6.07301872857989e-05,3811,0
1986,0,0,3,3,3,3,0.0002727923031385269,0.9784478273891319,0.09691959801953887,1.0,0.00012187744429737557,1758,0
1987,0,0,1,1,1,1,0.0001617457538837181,0.99403951750605,0.09690942649410453,1.0,5.719447237662857e-05,4105,0
1988,0,0,3,2,3,2,0.00031553241353958386,0.9819372160859762,0.09692820327511815,1.0,0.0001012664234760234,2135,0
1989,0,0,1,2,1,2,0.00014477332178094567,0.9265193964556433,0.09643256158456968,1.0,7.53096145886352e-05,2983,0
1990,0,0,7,7,7,7,0.0006042227688480398,0.9660850986508045,0.17820251305153256,1.8571428571428572,0.00022807131228661464,860,0
1991,0,0,3,3,3,3,0.0003606307212694962,0.9698406818262386,0.1278433803296624,1.3333333333333333,0.00043457108208192564,359,0
1992,0,0,2,2,2,2,0.00036579997591685274,0.9874151272798322,0.09786766130161108,1.0,0.0001324490265397964,1593,0
1993,0,0,4,4,4,4,0.00032103048271715274,0.9728674361425171,0.1216914647783121,1.25,0.00010432225253908873,2064,0
1994,0,0,4,4,4,4,0.000431661963875911,0.9912847589723429,0.09744493445240661,1.0,0.00015450748790364025,1342,0
1995,0,0,1,1,1,1,0.00015692415182935547,0.6180002306420541,0.0971764448881548,1.0,5.55102746695718e-05,4295,0
3598,0,0,3,3,3,3,0.00034028253693811985,0.9862826583395192,0.09564866808222698,1.0,0.0016122304856205217,62,0
1997,0,0,7,8,7,8,0.0005968882508383316,0.9486280652942837,0.13792240327677616,1.4285714285714286,0.00024209238361564255,800,0
1998,0,0,3,3,3,3,0.000340455127905156,0.9688860200358631,0.1617771617152631,1.6666666666666667,0.0003276886280359583,539,0
1999,0,0,1,1,1,1,0.00015043069138861607,0.9643332500326791,0.09544699893003163,1.0,5.284140480235607e-05,4642,0
2000,0,0,2,2,2,2,0.00022717864163260208,0.944629048816845,0.32107418311652186,3.5,0.00010637112079972599,2019,0
2001,0,0,1,1,1,1,0.00014569494669882361,0.9585233446697428,0.09710722319158197,1.0,5.007905610374695e-05,5269,0
2002,0,0,3,3,3,3,0.00031202244032905156,0.971678578417482,-0.12908689361843867,-1.3333333333333333,0.0001236383056204434,1729,0
2004,0,0,4,3,4,3,0.00040688481116704634,0.9370256698562259,0.12158625005849019,1.25,0.00025305121291576755,761,0
2005,0,0,1,0,1,0,0.00014590745290978387,1.0,0.0983896240810822,1.0,5.1802936512387635e-05,4846,0
1815,0,0,3,3,3,3,0.00027450935531097664,0.9669158652261086,0.12880215267778716,1.3333333333333333,0.0003736752076892624,458,0
2006,0,0,5,5,5,5,0.00043699266649642216,0.973820034947596,0.11530097181220289,1.2,0.0001279866425344747,1660,0
2007,0,0,1,1,1,1,0.00013874473640360088,0.9986987593520955,0.09630242985130694,1.0,5.0981085429497994e-05,5190,0
2008,0,0,1,0,1,0,0.00014394940072055335,1.0,-0.19460282659018038,-2.0,6.18347373194103e-05,3665,0
1948,0,0,5,1,5,1,0.0006632011684085658,1.0,0.09591279513074895,1.0,0.0008277902100505704,152,0
2010,0,0,1,1,1,1,0.00013849941078545333,0.9543888603697129,0.19090694750074946,2.0,5.516032531939406e-05,4336,0
2011,0,0,2,2,2,2,0.00020597813345418601,0.9636481005843801,0.09685970210494042,1.0,7.014369899429387e-05,3246,0
2012,0,0,2,1,2,1,0.00022498532730846438,0.9898279011752437,0.09761442248783989,1.0,0.0002786771650983076,670,0
2013,0,0,1,2,1,2,0.00016102565557140575,0.9209161431724247,0.0969355879761663,1.0,0.00017599979722395396,1158,0
2015,0,0,1,1,1,1,0.00014941603170742922,0.9810387983616119,0.09486280652940587,1.0,5.383675950403433e-05,4515,0
2009,0,0,1,1,1,1,0.00016223187905649352,0.8277961223367836,0.38431850495385933,4.0,6.212902420552706e-05,3639,0
2017,0,0,2,2,2,2,0.0003472914461540483,0.9238448152715196,0.1931316825764462,2.0,0.0006361007418914446,224,0
2018,0,0,1,1,1,1,0.00016102565557140575,0.9882367455916452,0.0969355879761663,1.0,0.00016435487693455478,1239,0
2020,0,0,1,0,1,0,0.0001497976523994651,1.0,0.09692274885368407,1.0,9.086492573160543e-05,2400,0
2014,0,0,1,6,1,6,0.0001617457538837181,0.9357584913545658,0.09690942649410453,1.0,5.719447237662857e-05,4106,0
2021,0,0,1,1,1,1,0.0001617457538837181,0.99403951750605,0.09690942649410453,1.0,5.719447237662857e-05,4107,0
2022,0,0,2,4,2,4,0.00018516456237497244,0.9599969425598824,0.09482773768705258,1.0,8.953520490021392e-05,2429,0
2023,0,0,1,0,1,0,0.00012530866437157685,1.0,0.19199938851252998,2.0,5.031240015973448e-05,5264,0
2016,0,0,3,2,3,2,0.0004261334120348586,0.9368629134847878,0.2540535931309295,2.6666666666666665,0.00016741039354752,1215,0
2024,0,0,1,1,1,1,0.0002667645202749974,0.9229732034345353,0.09368629134833753,1.0,5.871933376604683e-05,3940,0
2025,0,0,1,1,1,1,0.00014590745290978387,0.9775334358008638,0.0983896240810822,1.0,5.1802936512387635e-05,4847,0
2026,0,0,1,1,1,1,0.0007375066978601866,0.699463212498356,0.1,1.0,6.687528431620456e-05,3433,0
2027,0,0,1,1,1,1,0.00013874473640360088,0.9986987593520955,0.09630242985130694,1.0,5.0981085429497994e-05,5191,0
2029,0,0,1,1,1,1,0.00014590745290978387,0.9775334358008638,0.0983896240810822,1.0,5.1802936512387635e-05,4848,0
2031,0,0,1,1,1,1,0.00014643431247078024,0.960518995081548,0.0951778976458954,1.0,5.231052747568745e-05,4713,0
2030,0,0,7,9,7,9,0.0006001100936810716,0.9438796368826442,0.17912845216943926,1.8571428571428572,0.00033710467234424296,524,0
2032,0,0,1,1,1,1,0.00014190372026028157,0.9636949067858716,0.09583462284764409,1.0,7.475263750532963e-05,3009,0
2033,0,0,1,1,1,1,0.00014816294328466096,0.982797023764654,0.09703827720345312,1.0,8.78279135398002e-05,2476,0
2034,0,0,6,3,6,3,0.00045870100454459403,0.9622142000581428,0.14607806712563537,1.5,0.0003776873572993614,450,0
2028,0,0,21,24,21,24,0.0017912612036250976,0.9592929358996672,0.16528762632590568,1.7142857142857142,0.006775820078635073,4,1
2035,0,0,2,2,2,2,0.000222289803488947,0.8088677479363617,0.09620483379740195,1.0,8.219941810556051e-05,2684,0
2036,0,0,1,0,1,0,0.00014643431247078024,1.0,0.0951778976458954,1.0,5.231052747568745e-05,4714,0
2037,0,0,1,1,1,1,0.00016223187905649352,0.9777961223367836,0.09607962623846483,1.0,6.212902420552706e-05,3640,0
2038,0,0,1,1,1,1,0.00017887134301358148,0.8973982838030921,0.09274616085065814,1.0,6.587385844023046e-05,3484,0
2039,0,0,1,0,1,0,0.00014590745290978387,1.0,0.0983896240810822,1.0,5.1802936512387635e-05,4849,0
2040,0,0,5,7,5,7,0.00033882727792048197,0.9103361363067405,0.47073161018815535,5.0,0.00024149682029772168,802,0
2041,0,0,1,0,1,0,0.00015064682105697793,1.0,0.09564841164349283,1.0,5.546856019747053e-05,4307,0
2042,0,0,1,0,1,0,0.00012707625673226595,1.0,0.18206722726120628,2.0,0.00016220761796773312,1262,0
2044,0,0,3,1,3,1,0.0002832484223971567,0.9617632544083548,0.12849444742509827,1.3333333333333333,0.00023794914951277607,813,0
2045,0,0,1,1,1,1,0.00013699222947896134,0.9595803773916806,0.09594476484372319,1.0,0.0023907317467030775,33,1
2046,0,0,1,2,1,2,0.0001543339462408225,0.9465407886808596,0.3738954158103001,4.0,0.0001691929603825976,1198,0
2047,0,0,1,1,1,1,0.00015622993694434966,0.9668519787169106,0.18025013675160612,2.0,8.676067071257602e-05,2518,0
2049,0,0,1,1,1,1,0.00015110875994570871,0.9789430370841021,0.18833143684475015,2.0,0.00016024335815477335,1283,0
2051,0,0,2,0,2,0,0.00020782304172518236,1.0,0.09569168732831064,1.0,7.081717077399417e-05,3219,0
2052,0,0,3,2,3,2,0.00029733227641688643,0.9580164339642143,0.1291614881780594,1.3333333333333333,9.84615829627517e-05,2190,0
2053,0,0,2,2,2,2,0.0003894064760984373,0.9728993763317693,0.14444994173413608,1.5,0.00014097413467985528,1493,0
2055,0,0,1,1,1,1,0.00016957923536778697,0.9636861260180684,0.09807236572333526,1.0,4.967572242526414e-05,5287,0
2056,0,0,1,0,1,0,0.00014569494669882361,1.0,0.4855361159579098,5.0,0.00011037369294063069,1936,0
2057,0,0,2,2,2,2,0.00022265021541974258,0.9895409536289346,0.14255612831503467,1.5,7.280744456152428e-05,3108,0
2058,0,0,2,2,2,2,0.0002446885353787943,0.9872753097867885,0.09750397684975079,1.0,6.923895082816045e-05,3297,0
2059,0,0,2,2,2,2,0.0002244659459398508,0.9777964662143461,0.14439708757813158,1.5,7.420623024350895e-05,3045,0
1939,0,0,3,5,3,5,0.0002536419277328521,0.9801569927289261,0.12560526618531145,1.3333333333333333,0.0003976522999958655,415,0
2060,0,0,1,0,1,0,0.0001290950396354278,1.0,0.2940470978176508,3.0,5.107431238193627e-05,5178,0
2061,0,0,1,1,1,1,0.00016957923536778697,0.9863138739819317,0.09807236572333526,1.0,4.967572242526414e-05,5288,0
2062,0,0,2,2,2,2,0.0002454086336911067,0.9901766957439908,0.09749089610871989,1.0,7.18365886438334e-05,3161,0
2063,0,0,6,7,6,7,0.0004957428268168009,0.9682809906962954,0.1284980300505094,1.3333333333333333,0.0010553975144447121,117,0
2064,0,0,2,4,2,4,0.00023965897190355028,0.9471834009692787,0.1821325693576118,2.0,0.00017313791192193493,1180,0
2065,0,0,3,0,3,0,0.0003053997310404922,1.0,-0.2596938293327585,-2.6666666666666665,8.860591899816176e-05,2457,0
2066,0,0,1,1,1,1,0.0001493566459288434,0.9826438131629528,0.09592929359004844,1.0,5.464300184061265e-05,4391,0
2067,0,0,9,8,9,8,0.0008269793704707273,0.9642247375735785,0.13939769457948134,1.4444444444444444,0.002440620077474912,29,1
2068,0,0,1,2,1,2,0.0006503520371991567,0.992029400382153,0.1,1.0,6.019373651410049e-05,3843,0
2054,0,0,4,5,4,5,0.0003681812267880114,0.9502117739923135,0.19125473360548212,2.0,0.0002027909671367973,986,0
2069,0,0,1,1,1,1,0.00015622993694434966,0.9668519787169106,0.27037520512740915,3.0,6.16005403565348e-05,3676,0
2070,0,0,2,2,2,2,0.00021629785965364762,0.8950417706045731,0.09253015680594112,1.0,0.0003307912625536997,535,0
2071,0,0,3,2,3,2,0.0002699105313577197,0.9856655517299772,0.09637462759026466,1.0,0.00012843533809049355,1655,0
2072,0,0,1,0,1,0,0.0001667639812070302,1.0,0.47753759928609785,5.0,0.0003191641669701511,558,0
2073,0,0,1,1,1,1,0.0002513480906863615,0.972224970867068,0.19457987526670972,2.0,4.592668273497726e-05,5513,0
2074,0,0,1,0,1,0,0.00014590745290978387,1.0,0.0983896240810822,1.0,5.1802936512387635e-05,4850,0
2043,0,0,1,0,1,0,0.0001596575468782625,1.0,0.09716533732080154,1.0,8.629118838909403e-05,2541,0
2078,0,0,1,0,1,0,0.00013850772772827253,1.0,0.9230964767344245,10.0,5.3117965786070325e-05,4603,0
2079,0,0,1,1,1,1,0.00016223187905649352,0.9777961223367836,0.09607962623846483,1.0,0.00011128898216745188,1922,0
2077,0,0,1,1,1,1,0.00016957923536778697,0.8136861260180683,0.19614473144667052,2.0,4.967572242526414e-05,5289,0
2080,0,0,5,6,5,6,0.000496468537754408,0.8667068953118127,0.4748997891834351,5.4,0.0004364711048403788,353,0
2081,0,0,3,3,3,3,0.0002767831020112757,0.9711039379637746,0.16026641641002845,1.6666666666666667,8.524855362927205e-05,2578,0
2082,0,0,1,1,1,1,0.0001563067623042621,0.7374498945917176,0.8667068953080005,10.0,5.694695792907656e-05,4124,0
2084,0,0,1,1,1,1,0.00016523136097810844,0.9491902242891362,0.0921499772202119,1.0,6.256902673301453e-05,3608,0
2085,0,0,11,10,11,10,0.0010535476444526316,0.9892941012369088,0.11532115508783725,1.1818181818181819,0.0005495668076191436,276,0
2086,0,0,1,1,1,1,0.00017549594255749105,0.9923394224560814,0.0989294101236617,1.0,6.0934860319019797e-05,3750,0
2087,0,0,4,4,4,4,0.0004819988533335044,0.8132703117172217,0.16760834533426133,1.75,0.00023390234454249962,832,0
2088,0,0,2,2,2,2,0.00029055556603469965,0.9927081500677709,0.09861884998389711,1.0,0.00010486745817076181,2052,0
2090,0,0,4,6,4,6,0.0004024563094141149,0.975222298507776,0.1203627018285937,1.25,0.000410025348814737,391,0
2091,0,0,2,2,2,2,0.00023518576285440246,0.9299791549269333,0.09618653052648435,1.0,0.00012090235910582663,1766,0
2089,0,0,5,7,5,7,0.00043103674733846237,0.9775116063775698,-0.09902520531461355,-1.0,0.00015179918559749518,1371,0
2092,0,0,1,1,1,1,0.00015057159485228316,0.9419305912934766,0.09439389806793341,1.0,5.738565904584498e-05,4073,0
2093,0,0,6,4,6,4,0.0005414631505781099,0.9830828984371079,0.11384624464107891,1.1666666666666667,0.00020617588908809377,962,0
2094,0,0,1,1,1,1,0.0001617457538837181,0.95596048249395,0.09690942649410453,1.0,5.719447237662857e-05,4108,0
2095,0,0,3,2,3,2,0.00038310604280314224,0.9401472372428634,0.16024742220842705,1.6666666666666667,0.00019213307260748937,1049,0
2096,0,0,4,2,4,2,0.00047439013003167064,0.9569639418856721,-0.27412342470264084,-2.75,0.0001939872209721805,1036,0
2097,0,0,2,1,2,1,0.00021693568874334385,0.9661192338060404,0.24100067555500632,2.5,0.00013343844847947263,1577,0
2099,0,0,1,2,1,2,0.0001372032082556076,0.9768763087339738,0.09772091540454964,1.0,5.112877440180919e-05,5161,0
2100,0,0,2,2,2,2,0.0002244659459398508,0.9777964662143461,0.09643244078310736,1.0,7.420623024350895e-05,3046,0
1485,0,0,1,0,1,0,0.00013157809031485751,1.0,0.27624792817208266,3.0,6.279718300400093e-05,3587,0
2101,0,0,1,1,1,1,0.0001617457538837181,0.95596048249395,0.09690942649410453,1.0,5.719447237662857e-05,4109,0
2102,0,0,3,3,3,3,0.000383146055866372,0.9811242508844858,0.09716498473616013,1.0,0.00017434701573021774,1174,0
2103,0,0,7,6,7,6,0.0005971651322761269,0.979791629850798,0.1360554371207802,1.4285714285714286,0.0001750537703666607,1165,0
2104,0,0,2,2,2,2,0.0002505279110405534,0.9881100943250205,0.09808907570360095,1.0,9.352993539506874e-05,2305,0
2105,0,0,1,0,1,0,0.0001493566459288434,1.0,0.09592929359004844,1.0,5.464300184061265e-05,4392,0
2106,0,0,1,1,1,1,0.0001602528321726926,0.9864610382220497,0.09755543797460044,1.0,7.93697103138764e-05,2805,0
2107,0,0,1,1,1,1,0.0001602528321726926,0.9864610382220497,0.09755543797460044,1.0,5.830754783077427e-05,3957,0
2108,0,0,2,2,2,2,0.00020814483875590526,0.9656452402680582,0.09306755016528949,1.0,6.898928378857487e-05,3316,0
2076,0,0,1,0,1,0,0.00014294026525476806,1.0,0.4876111492553575,5.0,0.00013527778352300727,1554,0
2109,0,0,1,1,1,1,0.00014590745290978387,0.9775334358008638,0.0983896240810822,1.0,5.1802936512387635e-05,4851,0
2111,0,0,1,1,1,1,0.00019435999961798313,0.99858249236808,0.09811242508843518,1.0,8.423594572882621e-05,2619,0
2112,0,0,1,1,1,1,0.0001493566459288434,0.9673561868370472,0.09592929359004844,1.0,5.464300184061265e-05,4393,0
2113,0,0,2,2,2,2,0.00019628103055246282,0.9388993358805133,0.2404567028462784,2.5,0.0006643732911034883,205,0
2114,0,0,2,1,2,1,0.00024222396317039784,0.9750466004961185,0.09796450239483331,1.0,8.134606302039369e-05,2731,0
2115,0,0,2,2,2,2,0.0002226408500281919,0.9914315086956882,0.09701729760182537,1.0,0.00010366771214777437,2083,0
2116,0,0,1,1,1,1,0.00017367989063325154,0.9803011527102593,0.09642247375755182,1.0,4.6163028910876424e-05,5501,0
2117,0,0,2,1,2,1,0.00020642540982016572,0.989481004918452,0.0967837608634888,1.0,6.907985783001578e-05,3310,0
2118,0,0,2,3,2,3,0.0002356852778593181,0.9562557653268712,0.09867697305817966,1.0,0.0007616645053522506,177,0
2119,0,0,1,1,1,1,0.00013823432850205796,0.9004873973426932,0.0977511606377189,1.0,0.00015212119917396323,1367,0
2110,0,0,0,1,0,1,8.591635556039835e-05,0.9826438131629528,0.0,0.0,0.0011637291370495773,101,0
2120,0,0,4,4,4,4,0.000417910749136343,0.9748462312034801,0.09671574028156286,1.0,0.0001213712020264101,1762,0
2121,0,0,1,1,1,1,0.00015361816498859462,0.9853651981224926,0.09643243945285647,1.0,0.00010488195727785822,2050,0
2122,0,0,3,1,3,1,0.0002800651707527042,0.8986987593520955,0.3511450154937188,3.6666666666666665,0.00010547434124140745,2037,0
2123,0,0,2,2,2,2,0.00021891524485478472,0.9840270816551315,0.23607221469477468,2.5,0.00019846611841068136,1014,0
2124,0,0,4,2,4,2,0.0003635271550273603,0.97065954307253,0.09616522358747323,1.0,0.00028830869317896185,642,0
2126,0,0,1,0,1,0,0.00015049345359899246,1.0,0.18595785394424733,2.0,6.151533575918782e-05,3695,0
2127,0,0,1,1,1,1,0.00015049345359899246,0.8992171486184969,0.09297892697212366,1.0,0.00020105863310412574,994,0
2129,0,0,1,1,1,1,0.00014590745290978387,0.9775334358008638,0.0983896240810822,1.0,7.507687818510261e-05,2994,0
2125,0,0,1,2,1,2,0.0001415616368069756,0.9688462396781334,0.09650457953268837,1.0,0.0038798722323221675,13,1
2130,0,0,1,1,1,1,0.00017817033252965638,0.9704220484530548,0.09795563196973946,1.0,6.131228599729293e-05,3711,0
2132,0,0,1,1,1,1,0.00023357483477159854,0.953434158711777,0.09238448152715834,1.0,0.0002645842214166932,719,0
2133,0,0,1,1,1,1,0.00024169443528050856,0.9989338306508055,0.09874151272872495,1.0,7.26938736506364e-05,3112,0
2134,0,0,1,2,1,2,0.0001526161130095633,0.9864791167619508,0.09562557653070282,1.0,8.897766260121009e-05,2446,0
2135,0,0,2,1,2,1,0.00020512744874621815,0.8894810049184521,0.09639878956412246,1.0,0.00017444936413297317,1173,0
2136,0,0,1,1,1,1,0.0001602528321726926,0.9864610382220497,0.09755543797460044,1.0,7.784973131095004e-05,2867,0
2137,0,0,1,1,1,1,0.00014294026525476806,0.9898186490857032,0.195044459702143,2.0,5.830722715256894e-05,3960,0
2138,0,0,1,2,1,2,0.0001602528321726926,0.9793624483504898,0.09755543797460044,1.0,6.921032966235363e-05,3301,0
2139,0,0,1,1,1,1,0.0001602528321726926,0.9864610382220497,0.09755543797460044,1.0,0.00010487263764871796,2051,0
2140,0,0,2,2,2,2,0.00019901736769583521,0.9574539277256304,0.14304242257332245,1.5,7.24372466370222e-05,3129,0
2142,0,0,2,0,2,0,0.00020801937296618088,1.0,0.14420903578087246,1.5,0.00033884203199123383,519,0
2143,0,0,1,1,1,1,0.00014888742102797694,0.9794729798094169,0.09488978803366689,1.0,7.117313284399411e-05,3193,0
2144,0,0,1,1,1,1,0.00015049345359899246,0.9992171486184969,0.09297892697212366,1.0,0.00016865424240751576,1203,0
2128,0,0,2,2,2,2,0.0002852903179528252,0.9703205217152184,0.19518179234119254,2.0,0.0001120489634315776,1901,0
2141,0,0,1,1,1,1,0.0001617457538837181,0.99403951750605,0.09690942649410453,1.0,0.000665673757989673,204,0
2145,0,0,1,2,1,2,0.0001363558952304881,0.9797909342735965,0.18070531502507334,2.0,7.467246246304352e-05,3011,0
2146,0,0,1,0,1,0,0.00014385275458288964,1.0,0.2939372802867471,3.0,0.00010477827355195045,2056,0
2147,0,0,1,1,1,1,0.00014643431247078024,0.960518995081548,0.0951778976458954,1.0,6.879811361842955e-05,3327,0
2148,0,0,1,1,1,1,0.0001746910385928698,0.9983578701407815,0.09748462312073619,1.0,0.00021857778635393175,899,0
2131,0,0,1,0,1,0,0.000146099647250962,1.0,0.4874857957922464,5.0,0.00034776464186631474,496,0
2149,0,0,1,2,1,2,0.0001493566459288434,0.9832595829933871,0.09592929359004844,1.0,5.464300184061265e-05,4394,0
2150,0,0,1,1,1,1,0.00015049345359899246,0.8992171486184969,0.09297892697212366,1.0,6.151533575918782e-05,3696,0
2151,0,0,1,1,1,1,0.00015057159485228316,0.9419305912934766,0.09439389806793341,1.0,5.738565904584498e-05,4074,0
2152,0,0,1,2,1,2,0.00013874473640360088,0.9749215005807571,0.09630242985130694,1.0,5.0981085429497994e-05,5192,0
2153,0,0,1,0,1,0,0.00014939813563726923,1.0,0.09832595829945427,1.0,5.830777611747737e-05,3955,0
